observed,place,area,kind,built_m2,asking_old,asking_new,currency,asking_new_usd,pct,days_listed,source,brokers,url,lat,lon,tekoha_estimate_usd,tekoha_estimate_low_usd,tekoha_estimate_high_usd,tekoha_estimate_confidence,tekoha_estimate_location,trust_band,trust_score
2026-10-07,Asunción,Manorá,departamento,48,413915,111388,USD,111388,-73.1,481,remax,1,https://www.remax.com.py/es-py/propiedades/departamento/venta/asuncion/143025184-23,,,,,,,,media,65
2026-10-03,"San Juan del Paraná, Itapúa",,terreno,,200000000,75000000,PYG,12854,-62.5,23,remax,1,https://www.remax.com.py/es-py/propiedades/terreno/venta/san-juan-del-parana/143085019-589,-27.32272,-55.98458,,,,,,sin datos,
2026-10-06,"Ciudad del Este, Alto Paraná",,departamento,29,137714,65955,USD,65955,-52.1,128,remax,1,https://www.remax.com.py/es-py/propiedades/departamento/venta/ciudad-del-este/143050056-211,-25.52081,-54.61591,,,,,,sin datos,
2026-10-06,"Ciudad del Este, Alto Paraná",,departamento,,79300,47500,USD,47500,-40.1,190,remax,1,https://www.remax.com.py/es-py/propiedades/departamento/venta/ciudad-del-este/143050056-196,-25.50907,-54.64911,,,,,,sin datos,
2026-10-01,"Ypané, Central",,terreno,,390000000,240000000,PYG,41133,-38.5,217,remax,1,https://www.remax.com.py/es-py/propiedades/terreno/venta/ypane/143001140-112,-25.4541,-57.53656,47279,25153,96223,12,exact,alta,85
2026-10-01,Asunción,Los Laureles,departamento,,171000,106000,USD,106000,-38,156,remax,1,https://www.remax.com.py/es-py/propiedades/departamento/venta/asuncion/143098115-33,,,,,,,,alta,70
2026-10-07,"Fernando de la Mora, Central",,casa,162,845000000,590000000,PYG,101118,-30.2,649,infocasas,1,https://www.infocasas.com.py/casa-en-venta-fdo-sur-oportunidad-inversionistas/191828331,-25.34535,-57.57656,117177,70951,190074,43,exact,media,60
2026-10-06,"Luque, Central",,terreno,,600000000,440000000,PYG,75410,-26.7,141,remax,1,https://www.remax.com.py/es-py/propiedades/terreno/venta/luque/143025152-55,-25.27904,-57.47376,45756,24342,93122,12,exact,alta,85
2026-10-01,"Mariano Roque Alonso, Central",,casa,98,595000000,450000000,PYG,77124,-24.4,24,remax,1,https://www.remax.com.py/es-py/propiedades/casa/venta/mariano-roque-alonso/143068074-56,-25.18787,-57.52591,71828,43492,116512,43,exact,alta,85
2026-10-07,"Pedro Juan Caballero, Amambay",,terreno,5,3500000,2700000,USD,2700000,-22.9,98,remax,1,https://www.remax.com.py/es-py/propiedades/terreno/venta/pedro-juan-caballero/143105023-17,-22.55774,-55.71439,,,,,,alta,75
2026-10-01,"Luque, Central",,terreno,,320000000,250000000,PYG,42847,-21.9,42,remax,1,https://www.remax.com.py/es-py/propiedades/terreno/venta/luque/143092058-123,-25.29347,-57.43883,40439,21514,82302,12,exact,alta,85
2026-10-01,"Encarnación, Itapúa",,terreno,,230000000,180000000,PYG,30850,-21.7,194,remax,1,https://www.remax.com.py/es-py/propiedades/terreno/venta/encarnacion/143011109-8,-27.26922,-55.93673,,,,,,alta,85
2026-10-05,Asunción,Santo Domingo,terreno,,950000,750000,USD,750000,-21.1,388,remax,1,https://www.remax.com.py/es-py/propiedades/terreno/venta/asuncion/143098009-660,-25.28561,-57.5884,417787,254265,774953,30,exact,alta,85
2026-10-06,Asunción,Mcal. Estigarribia,departamento,30,72000,57000,USD,57000,-20.8,160,infocasas,1,https://www.infocasas.com.py/vendo-departamentos-en-pozo-a-pasos-de-villa-morrarecoleta-de-asuncion/193694313,,,,,,,,baja,40
2026-10-06,"Luque, Central",,terreno,,885000000,705000000,PYG,120828,-20.3,41,remax,1,https://www.remax.com.py/es-py/propiedades/terreno/venta/luque/143025152-57,-25.28099,-57.47144,51918,27620,105663,12,exact,alta,70
2026-10-01,"Lambaré, Central",,casa,300,1250000000,1000000000,PYG,171387,-20,160,remax,1,https://www.remax.com.py/es-py/propiedades/casa/venta/lambare/143061085-23,-25.3314,-57.59784,124196,75201,201459,43,exact,alta,85
2026-10-01,"Yataity del Norte, San Pedro",,terreno,,870000000,700000000,PYG,119971,-19.5,179,remax,1,https://www.remax.com.py/es-py/propiedades/terreno/venta/yataity-del-norte/114006001-283,-24.90799,-56.34229,,,,,,alta,90
2026-10-07,"Lambaré, Central",,casa,300,1100000000,900000000,PYG,154248,-18.2,88,remax,1,https://www.remax.com.py/es-py/propiedades/casa/venta/lambare/143108009-22,-25.33814,-57.62515,115502,69936,187355,43,exact,alta,85
2026-10-05,"Encarnación, Itapúa",,terreno,,220000000,180000000,PYG,30850,-18.2,55,remax,1,https://www.remax.com.py/es-py/propiedades/terreno/venta/encarnacion/143080162-55,-27.35304,-55.85259,,,,,,alta,85
2026-10-01,Asunción,Villa Morra,casa,420,3400000000,2800000000,PYG,479884,-17.6,152,remax,1,https://www.remax.com.py/es-py/propiedades/casa/venta/asuncion/143001140-127,-25.30047,-57.59212,225930,160230,352293,53,exact,alta,85
2026-10-07,"San Bernardino, Cordillera",,terreno,100,240000000,200000000,PYG,34277,-16.7,194,remax,1,https://www.remax.com.py/es-py/propiedades/terreno/venta/san-bernardino/143061061-143,-25.34081,-57.24034,,,,,,alta,85
2026-10-01,"Ypané, Central",,terreno,,120000000,100000000,PYG,17139,-16.7,36,remax,1,https://www.remax.com.py/es-py/propiedades/terreno/venta/ypane/143061103-2,-25.46741,-57.52942,29501,15694,60040,12,exact,alta,85
2026-10-05,"Guarambaré, Central",,casa,39,950000000,800000000,PYG,137110,-15.8,30,remax,1,https://www.remax.com.py/es-py/propiedades/casa/venta/guarambare/143025265-8,-25.49656,-57.44772,28010,16960,45435,43,exact,alta,85
2026-10-05,"Guarambaré, Central",,local,39,950000000,800000000,PYG,137110,-15.8,33,remax,1,https://www.remax.com.py/es-py/propiedades/local/venta/guarambare/143025265-6,-25.49656,-57.44772,,,,,,alta,85
2026-10-05,"Luque, Central",,terreno,,160000000,135000000,PYG,23137,-15.6,8,remax,1,https://www.remax.com.py/es-py/propiedades/terreno/venta/luque/143025198-57,,,45476,21965,108014,0,shared_point,media,65
2026-10-07,"Areguá, Central",,terreno,,65000000,55000000,PYG,9426,-15.4,28,remax,1,https://www.remax.com.py/es-py/propiedades/terreno/venta/aregua/143061077-29,-25.33626,-57.42425,32448,17262,66039,12,exact,media,55
2026-10-05,"Guarambaré, Central",,terreno,,130000000,110000000,PYG,18853,-15.4,3,remax,1,https://www.remax.com.py/es-py/propiedades/terreno/venta/guarambare/143092038-109,-25.47046,-57.4482,32577,17331,66302,12,exact,alta,85
2026-10-03,Asunción,Manorá,terreno,,2000000,1700000,USD,1700000,-15,26,remax,1,https://www.remax.com.py/es-py/propiedades/terreno/venta/asuncion/143036045-254,-25.27816,-57.57065,524778,319380,973411,30,exact,alta,85
2026-10-01,"Ciudad del Este, Alto Paraná",,terreno,,465000,400000,USD,400000,-14,,psir,1,https://www.psir.com.py/propiedades/59529,,,71368,35077,218649,0,none,media,55
2026-10-07,"Capiatá, Central",,casa,240,1500000000,1300000000,PYG,222803,-13.3,84,remax,1,https://www.remax.com.py/es-py/propiedades/casa/venta/capiata/143025250-4,-25.36891,-57.43299,85079,51515,138007,43,exact,alta,85
2026-10-07,Asunción,Herrera,departamento,38,80500,70300,USD,70300,-12.7,317,infocasas,1,https://www.infocasas.com.py/vendo-departamentos-a-estrenar-en-barrio-herrera-de-asuncion-llave-en-mano-antes-de-tu-primera-cuota/193131794,,,,,,,,baja,40
2026-10-01,"Itauguá, Central",,terreno,,736000000,650000000,PYG,111402,-11.7,41,remax,1,https://www.remax.com.py/es-py/propiedades/terreno/venta/itaugua/143025091-135,-25.40875,-57.39702,115937,61679,235956,12,exact,alta,90
2026-10-01,"Caacupé, Cordillera",,casa,25,450000000,400000000,PYG,68555,-11.1,48,remax,1,https://www.remax.com.py/es-py/propiedades/casa/venta/caacupe/143001140-185,,,,,,,,media,65
2026-10-06,"Ñemby, Central",,casa,200,550000000,490000000,PYG,83980,-10.9,91,remax,1,https://www.remax.com.py/es-py/propiedades/casa/venta/nemby/143080176-21,-25.39312,-57.52471,74776,45277,121294,43,exact,alta,85
2026-10-07,"Ciudad del Este, Alto Paraná",,casa,180,280000,250000,USD,250000,-10.7,73,remax,1,https://www.remax.com.py/es-py/propiedades/casa/venta/ciudad-del-este/143099023-42,-25.51269,-54.6313,,,,,,alta,85
2026-10-02,"Ñemby, Central",,terreno,,390000000,350000000,PYG,59985,-10.3,121,infocasas,1,https://www.infocasas.com.py/terreno-mas-casa/193852070,-25.38802,-57.52388,28731,15285,58474,12,exact,alta,75
2026-10-01,"Mariano Roque Alonso, Central",,casa,560,390000,350000,USD,350000,-10.3,221,remax,1,https://www.remax.com.py/es-py/propiedades/casa/venta/mariano-roque-alonso/143108006-9,-25.18567,-57.51123,315541,191060,511840,43,exact,alta,85
2026-10-06,"Piribebuy, Cordillera",,terreno,,150000000,135000000,PYG,23137,-10,7,remax,1,https://www.remax.com.py/es-py/propiedades/terreno/venta/piribebuy/143080040-176,-25.44827,-57.05166,,,,,,alta,70
2026-10-05,"Luque, Central",,otro,70,1000000000,900000000,PYG,154248,-10,92,remax,1,https://www.remax.com.py/es-py/propiedades/otro/venta/luque/143028074-32,-25.2613,-57.49059,,,,,,alta,90
2026-10-05,"Luque, Central",,terreno,,1000000000,900000000,PYG,154248,-10,13,remax,1,https://www.remax.com.py/es-py/propiedades/terreno/venta/luque/143028074-38,-25.26026,-57.4903,65368,34776,133037,12,exact,alta,85
2026-10-02,"Luque, Central",,terreno,,250000000,225000000,PYG,38562,-10,212,remax,1,https://www.remax.com.py/es-py/propiedades/terreno/venta/luque/143046080-5,-25.25665,-57.47484,40605,21602,82640,12,exact,alta,85
2026-10-02,Asunción,Mcal. Estigarribia,departamento,180,210000,190000,USD,190000,-9.5,357,infocasas,1,https://www.infocasas.com.py/vendo-departamento-en-barrio-mariscal-estigarribia/192985125,-25.30175,-57.57208,145677,92461,202054,57,exact,alta,75
2026-10-01,"Fernando de la Mora, Central",,casa,208,1990000000,1800000000,PYG,308497,-9.5,126,remax,1,https://www.remax.com.py/es-py/propiedades/casa/venta/fernando-de-la-mora/143108002-6,-25.32011,-57.53691,139151,84256,225718,43,exact,alta,85
2026-10-01,Asunción,San Vicente,duplex,,160000,145000,USD,145000,-9.4,586,remax,1,https://www.remax.com.py/es-py/propiedades/duplex/venta/asuncion/143096011-75,-25.3226,-57.62599,,,,,,alta,85
2026-10-07,"Paraguarí, Paraguarí",,casa,375,495000,450000,USD,450000,-9.1,44,remax,1,https://www.remax.com.py/es-py/propiedades/casa/venta/paraguari/143054072-85,-25.57646,-57.12371,,,,,,alta,75
2026-10-02,"Naranjal, Alto Paraná",,terreno,,110000,100000,USD,100000,-9.1,313,remax,1,https://www.remax.com.py/es-py/propiedades/terreno/venta/naranjal/143011097-23,-25.97563,-55.12292,70188,35326,189824,0,exact,alta,85
2026-10-01,"Cambyretá, Itapúa",,terreno,,55000000,50000000,PYG,8569,-9.1,135,remax,1,https://www.remax.com.py/es-py/propiedades/terreno/venta/cambyreta/143061066-38,-27.29487,-55.81085,,,,,,alta,85
2026-10-01,"Altos, Cordillera",,terreno,,109800,99985,USD,99985,-8.9,,psir,1,https://www.psir.com.py/propiedades/48457,,,,,,,,media,55
2026-10-01,"San Bernardino, Cordillera",,terreno,,285000000,260000000,PYG,44561,-8.8,72,remax,1,https://www.remax.com.py/es-py/propiedades/terreno/venta/san-bernardino/143036099-64,-25.24951,-57.31863,,,,,,alta,85
2026-10-06,"Lambaré, Central",,casa,400,230000,210000,USD,210000,-8.7,70,infocasas,1,https://www.infocasas.com.py/en-venta-residencia-de-4-suites/194049997,-25.3391,-57.6192,146995,89005,238440,43,exact,alta,75
2026-10-01,Asunción,San Vicente,duplex,,1155000000,1055000000,PYG,180813,-8.7,22,remax,1,https://www.remax.com.py/es-py/propiedades/duplex/venta/asuncion/143054118-13,-25.31094,-57.61966,,,,,,alta,85
2026-10-02,"Luque, Central",,terreno,,650000000,595000000,PYG,101975,-8.5,35,remax,1,https://www.remax.com.py/es-py/propiedades/terreno/venta/luque/143054077-81,-25.25121,-57.47722,56837,30237,115675,12,exact,alta,85
2026-10-07,"Limpio, Central",,casa,278,763800000,700000000,PYG,119971,-8.4,106,remax,1,https://www.remax.com.py/es-py/propiedades/casa/venta/limpio/143025250-9,-25.20644,-57.45858,77009,46629,124917,43,exact,alta,85
2026-10-01,Asunción,Itá Enramada,terreno,,380000000,348000000,PYG,59643,-8.4,55,remax,1,https://www.remax.com.py/es-py/propiedades/terreno/venta/asuncion/143068074-49,-25.35345,-57.63917,92635,56378,171829,30,exact,alta,85
2026-10-05,"Luque, Central",,casa,500,1250000000,1150000000,PYG,197095,-8,43,remax,1,https://www.remax.com.py/es-py/propiedades/casa/venta/luque/143038055-8,-25.28199,-57.46729,143129,86665,232170,43,exact,alta,85
2026-10-05,"Luque, Central",,terreno,500,1250000000,1150000000,PYG,197095,-8,43,remax,1,https://www.remax.com.py/es-py/propiedades/terreno/venta/luque/143038055-9,-25.28199,-57.46729,70510,37511,143502,12,exact,alta,70
2026-10-01,"Capiatá, Central",,terreno,,190000000,175000000,PYG,29993,-7.9,89,remax,1,https://www.remax.com.py/es-py/propiedades/terreno/venta/capiata/143036099-62,-25.37248,-57.4536,26350,14018,53628,12,exact,alta,90
2026-10-01,"Ciudad del Este, Alto Paraná",,casa,72,650000000,599000000,PYG,102661,-7.8,47,remax,1,https://www.remax.com.py/es-py/propiedades/casa/venta/ciudad-del-este/143050129-65,-25.49963,-54.6828,,,,,,alta,85
2026-10-01,"Ypané, Central",,terreno,,130000000,120000000,PYG,20566,-7.7,199,remax,5,https://www.remax.com.py/es-py/propiedades/terreno/venta/ypane/143072152-12,,,43676,21096,103740,0,shared_point,media,65
2026-10-06,"Villa Elisa, Central",,casa,244,700000000,650000000,PYG,111402,-7.1,65,remax,1,https://www.remax.com.py/es-py/propiedades/casa/venta/villa-elisa/143072016-210,-25.38905,-57.57335,92419,55959,149912,43,exact,alta,90
2026-10-01,"Loma Plata, Boquerón",,local,,420000000,390000000,PYG,66841,-7.1,355,remax,1,https://www.remax.com.py/es-py/propiedades/local/venta/loma-plata/143078018-78,,,,,,,,media,55
2026-10-06,"San Bernardino, Cordillera",,terreno,,290000000,270000000,PYG,46275,-6.9,264,remax,1,https://www.remax.com.py/es-py/propiedades/terreno/venta/san-bernardino/143097041-11,-25.31102,-57.2613,,,,,,alta,90
2026-10-02,"Itauguá, Central",,terreno,,290000000,270000000,PYG,46275,-6.9,116,remax,1,https://www.remax.com.py/es-py/propiedades/terreno/venta/itaugua/143097041-21,-25.38763,-57.37452,51772,27543,105366,12,exact,alta,75
2026-10-01,Asunción,Recoleta,terreno,,1385000000,1290000000,PYG,221089,-6.9,1526,remax,1,https://www.remax.com.py/es-py/propiedades/terreno/venta/asuncion/143054072-2,-25.29532,-57.59052,280170,170511,519687,30,exact,alta,85
2026-10-07,Asunción,San Cristóbal,terreno,,220000,205000,USD,205000,-6.8,96,remax,1,https://www.remax.com.py/es-py/propiedades/terreno/venta/asuncion/143098113-8,-25.29423,-57.57031,252859,153890,469028,30,exact,alta,85
2026-10-07,"Doctor José Falcón, Presidente Hayes",,terreno,,235935000,220000000,PYG,37705,-6.8,47,remax,1,https://www.remax.com.py/es-py/propiedades/terreno/venta/doctor-jose-falcon/143063260-11,-25.25566,-57.71395,,,,,,alta,85
2026-10-01,"Atyra, Cordillera",,terreno,,590000000,550000000,PYG,94263,-6.8,160,remax,1,https://www.remax.com.py/es-py/propiedades/terreno/venta/atyra/143094043-49,-25.32431,-57.15715,,,,,,alta,90
2026-10-07,Asunción,San Cristóbal,casa,363,375000,350000,USD,350000,-6.7,16,remax,1,https://www.remax.com.py/es-py/propiedades/casa/venta/asuncion/143094002-69,-25.29488,-57.5648,299278,212248,466664,53,exact,alta,85
2026-10-07,"Encarnación, Itapúa",,terreno,,45000,42000,USD,42000,-6.7,75,remax,1,https://www.remax.com.py/es-py/propiedades/terreno/venta/encarnacion/143011007-2254,-27.34116,-55.86587,,,,,,alta,85
2026-10-06,Asunción,Virgen de la Asunción,casa,100,750000000,700000000,PYG,119971,-6.7,691,remax,1,https://www.remax.com.py/es-py/propiedades/casa/venta/asuncion/143037148-12,-25.26148,-57.5871,123796,87796,193035,53,exact,alta,85
2026-10-04,Asunción,Ycuá Satí,casa,484,750000,700000,USD,700000,-6.7,30,infocasas,1,https://www.infocasas.com.py/vendo-fina-residencia-en-el-barrio-ycua-sati/194220434,-25.28958,-57.56411,545664,386985,850855,53,exact,alta,75
2026-10-07,Asunción,Los Laureles,departamento,,106000,99800,USD,99800,-5.8,156,remax,1,https://www.remax.com.py/es-py/propiedades/departamento/venta/asuncion/143098115-33,,,,,,,,alta,70
2026-10-05,"San Antonio, Central",,casa,95,350000000,330000000,PYG,56558,-5.7,84,remax,1,https://www.remax.com.py/es-py/propiedades/casa/venta/san-antonio/143026092-78,-25.41393,-57.55528,39382,23846,63882,43,exact,alta,85
2026-10-01,"Fernando de la Mora, Central",,casa,222,1800000000,1700000000,PYG,291358,-5.6,58,remax,1,https://www.remax.com.py/es-py/propiedades/casa/venta/fernando-de-la-mora/143108002-7,-25.32261,-57.53472,153330,92841,248716,43,exact,alta,85
2026-10-01,"Lambaré, Central",,casa,420,900000000,850000000,PYG,145679,-5.6,98,remax,1,https://www.remax.com.py/es-py/propiedades/casa/venta/lambare/143025249-1,-25.37113,-57.61029,147268,89171,238884,43,exact,alta,85
2026-10-04,"San Lorenzo, Central",,casa,90,560000000,530000000,PYG,90835,-5.4,178,infocasas,1,https://www.infocasas.com.py/vendo-hermosa-casa-sobre-esquina-y-2-cuadras-del-asfalto/193620571,-25.32091,-57.49317,48569,29408,78783,43,exact,alta,75
2026-10-06,"San Bernardino, Cordillera",,terreno,,380000000,360000000,PYG,61699,-5.3,517,remax,1,https://www.remax.com.py/es-py/propiedades/terreno/venta/san-bernardino/143038011-368,-25.29033,-57.30597,,,,,,alta,70
2026-10-02,"Lambaré, Central",,duplex,,760000000,720000000,PYG,123399,-5.3,61,remax,1,https://www.remax.com.py/es-py/propiedades/duplex/venta/lambare/143036008-129,-25.36312,-57.62083,,,,,,alta,85
2026-10-01,Asunción,Bernardino Caballero,casa,350,950000000,900000000,PYG,154248,-5.3,60,remax,1,https://www.remax.com.py/es-py/propiedades/casa/venta/asuncion/143063098-65,-25.30069,-57.608,145458,103159,226812,53,exact,alta,85
2026-10-02,"Itauguá, Central",,casa,164,580000000,550000000,PYG,94263,-5.2,47,remax,1,https://www.remax.com.py/es-py/propiedades/casa/venta/itaugua/143046080-9,-25.37243,-57.36488,69656,40533,110432,44,shared_point,alta,85
2026-10-07,Asunción,Loma Pytá,terreno,,400000000,380000000,PYG,65127,-5,86,remax,1,https://www.remax.com.py/es-py/propiedades/terreno/venta/asuncion/143072126-60,-25.23416,-57.55187,69266,42155,128482,30,exact,alta,85
2026-10-05,"Ciudad del Este, Alto Paraná",,deposito,510,300000,285000,USD,285000,-5,56,remax,1,https://www.remax.com.py/es-py/propiedades/deposito/venta/ciudad-del-este/143094028-59,-25.50266,-54.66358,,,,,,alta,80
2026-10-01,Asunción,Las Lomas,departamento,90,200000,190000,USD,190000,-5,77,infocasas,1,https://www.infocasas.com.py/venta-de-departamento-a-estrenar-petra-tower/194020286,,,,,,,,media,55
2026-10-01,"San Bernardino, Cordillera",,casa,130,400000000,380000000,PYG,65127,-5,136,remax,1,https://www.remax.com.py/es-py/propiedades/casa/venta/san-bernardino/143072119-119,-25.36363,-57.26465,,,,,,alta,70
2026-10-05,Asunción,Recoleta,casa,343,1950000000,1860000000,PYG,318780,-4.6,182,infocasas,1,https://www.infocasas.com.py/en-venta-casa-%E2%80%93-recoleta/193606048,,,212741,121028,425971,23,shared_point,media,55
2026-10-06,Asunción,Bernardino Caballero,departamento,92,120000,115000,USD,115000,-4.2,68,infocasas,1,https://www.infocasas.com.py/departamento-de-2-dormitorios-con-cochera-zona-seminario/194058182,-25.29758,-57.60822,97707,62014,135519,57,exact,alta,75
2026-10-05,"Luque, Central",,duplex,150,500000000,480000000,PYG,82266,-4,12,remax,1,https://www.remax.com.py/es-py/propiedades/duplex/venta/luque/143072119-146,-25.28082,-57.47474,,,,,,alta,85
2026-10-05,Asunción,San Roque,terreno,328,1000000000,960000000,PYG,164532,-4,27,remax,1,https://www.remax.com.py/es-py/propiedades/terreno/venta/asuncion/143092038-106,-25.28383,-57.62743,167647,102030,310969,30,exact,alta,75
2026-10-05,"Luque, Central",,terreno,150,500000000,480000000,PYG,82266,-4,12,remax,1,https://www.remax.com.py/es-py/propiedades/terreno/venta/luque/143072119-145,-25.27953,-57.47553,73691,39203,149975,12,exact,alta,85
2026-10-01,"Ciudad del Este, Alto Paraná",,casa,180,990000000,950000000,PYG,162818,-4,35,remax,1,https://www.remax.com.py/es-py/propiedades/casa/venta/ciudad-del-este/143050135-44,,,,,,,,media,65
2026-10-01,"Lambaré, Central",,terreno,,250000,240000,USD,240000,-4,63,infocasas,1,https://www.infocasas.com.py/en-venta-1680-m2-con-48-metros-de-frente-sobre-avda-bonifacio-ovando-lambare/194079241,-25.3461,-57.60132,154330,82104,314092,12,exact,alta,75
2026-10-01,"San Ignacio, Misiones",,terreno,70,250000000,240000000,PYG,41133,-4,76,remax,1,https://www.remax.com.py/es-py/propiedades/terreno/venta/san-ignacio/143061066-41,-26.89231,-57.02954,,,,,,alta,85
2026-10-06,"Areguá, Central",,terreno,,260000000,250000000,PYG,42847,-3.8,79,remax,1,https://www.remax.com.py/es-py/propiedades/terreno/venta/aregua/143028010-218,-25.29824,-57.40441,45193,24043,91977,12,exact,alta,85
2026-10-01,Asunción,Ytay,departamento,61,130000,125000,USD,125000,-3.8,78,remax,1,https://www.remax.com.py/es-py/propiedades/departamento/venta/asuncion/143098038-46,,,,,,,,media,65
2026-10-06,"Capiatá, Central",,terreno,80,270000000,260000000,PYG,44561,-3.7,54,remax,1,https://www.remax.com.py/es-py/propiedades/terreno/venta/capiata/143080040-175,-25.38621,-57.48122,27434,14595,55833,12,exact,alta,85
2026-10-07,"Fernando de la Mora, Central",,casa,200,550000000,530000000,PYG,90835,-3.6,63,remax,1,https://www.remax.com.py/es-py/propiedades/casa/venta/fernando-de-la-mora/143097041-25,-25.3521,-57.56634,103859,62887,168470,43,exact,alta,85
2026-10-06,Asunción,Ycuá Satí,terreno,208,290000,280000,USD,280000,-3.4,76,remax,1,https://www.remax.com.py/es-py/propiedades/terreno/venta/asuncion/143097041-23,-25.28818,-57.56085,269238,163858,499409,30,exact,alta,75
2026-10-06,Asunción,Ycuá Satí,casa,208,290000,280000,USD,280000,-3.4,72,infocasas,2,https://www.infocasas.com.py/casaventaycua-satiasuncion/194039346,-25.28818,-57.56085,293227,207956,457228,53,exact,alta,85
2026-10-05,Asunción,San Jorge,terreno,375,1450000000,1400000000,PYG,239942,-3.4,160,remax,1,https://www.remax.com.py/es-py/propiedades/terreno/venta/asuncion/143036119-55,-25.28309,-57.54927,174580,106249,323829,30,exact,alta,85
2026-10-01,"Villa Elisa, Central",,terreno,,295000000,285000000,PYG,48845,-3.4,380,infocasas,1,https://www.infocasas.com.py/amplio-terreno-en-villa-elisa-centro/192898875,-25.36587,-57.57176,52686,28029,107227,12,exact,alta,75
2026-10-07,"Capiatá, Central",,casa,110,600000000,580000000,PYG,99405,-3.3,79,remax,1,https://www.remax.com.py/es-py/propiedades/casa/venta/capiata/143025250-7,-25.37,-57.45205,60743,36780,98531,43,exact,alta,85
2026-10-07,Asunción,Ycuá Satí,casa,299,300000,290000,USD,290000,-3.3,178,infocasas,1,https://www.infocasas.com.py/vendo-amplia-casa-en-ycua-sati/193620064,-25.29278,-57.55362,226289,160484,352852,53,exact,alta,75
2026-10-02,"Caacupé, Cordillera",,terreno,,480000000,465000000,PYG,79695,-3.1,92,remax,1,https://www.remax.com.py/es-py/propiedades/terreno/venta/caacupe/143054072-83,-25.38829,-57.14742,,,,,,alta,85
2026-10-03,"Nueva Italia, Central",,terreno,,330000000,320000000,PYG,54844,-3,83,infocasas,2,https://www.infocasas.com.py/tu-nuevo-terreno-en-nueva-italia-/194060735,-25.41199,-57.34842,120729,64228,245707,12,exact,alta,95
2026-10-02,Asunción,Loma Pytá,casa,160,495000000,480000000,PYG,82266,-3,181,remax,1,https://www.remax.com.py/es-py/propiedades/casa/venta/asuncion/143097036-16,-25.23528,-57.5515,73762,52312,115017,53,exact,alta,95
2026-10-01,Asunción,Mariscal Estigarribia,terreno,,299000,290000,USD,290000,-3,609,remax,1,https://www.remax.com.py/es-py/propiedades/terreno/venta/asuncion/143071054-461,-25.30423,-57.56559,189188,115140,350924,30,exact,alta,70
2026-10-02,Asunción,Mburucuyá,casa,300,340000,330000,USD,330000,-2.9,111,infocasas,1,https://www.infocasas.com.py/en-venta-precioso-y-amplio-duplex-moderno-estilo-minimalista-/193889696,-25.26854,-57.56697,235724,167175,367564,53,exact,alta,75
2026-10-01,Asunción,Carmelitas,casa,414,820000,798000,USD,798000,-2.7,294,remax,1,https://www.remax.com.py/es-py/propiedades/casa/venta/asuncion/143054072-68,-25.28215,-57.5743,592303,420061,923578,53,exact,alta,85
2026-10-01,"Caacupé, Cordillera",,casa,270,565000000,550000000,PYG,94263,-2.7,261,remax,1,https://www.remax.com.py/es-py/propiedades/casa/venta/caacupe/143094043-23,-25.37685,-57.14245,,,,,,alta,85
2026-10-07,Asunción,Republicano,casa,200,770000000,750000000,PYG,128540,-2.6,181,remax,1,https://www.remax.com.py/es-py/propiedades/casa/venta/asuncion/143061061-145,-25.31564,-57.6329,154710,109721,241240,53,exact,alta,95
2026-10-03,"Luque, Central",,terreno,,190000000,185000000,PYG,31707,-2.6,386,remax,1,https://www.remax.com.py/es-py/propiedades/terreno/venta/luque/143094058-5,-25.22888,-57.41798,42116,22406,85715,12,exact,alta,85
2026-10-07,"San Lorenzo, Central",,terreno,154,400000000,390000000,PYG,66841,-2.5,329,remax,1,https://www.remax.com.py/es-py/propiedades/terreno/venta/san-lorenzo/143025184-41,-25.36266,-57.51045,45636,24278,92878,12,exact,alta,85
2026-10-01,Asunción,Los Laureles,departamento,,169100,165000,USD,165000,-2.4,156,remax,1,https://www.remax.com.py/es-py/propiedades/departamento/venta/asuncion/143098115-76,,,,,,,,media,65
2026-10-01,Asunción,San Vicente,casa,200,640000000,625000000,PYG,107117,-2.3,40,remax,1,https://www.remax.com.py/es-py/propiedades/casa/venta/asuncion/143026188-111,-25.31976,-57.6258,130921,92849,204145,53,exact,alta,90
2026-10-06,Asunción,Los Laureles,departamento,,68000,66500,USD,66500,-2.2,603,remax,1,https://www.remax.com.py/es-py/propiedades/departamento/venta/asuncion/143098115-94,,,,,,,,media,65
2026-10-03,Asunción,Mburucuyá,terreno,,230000,225000,USD,225000,-2.2,97,remax,1,https://www.remax.com.py/es-py/propiedades/terreno/venta/asuncion/143098014-230,-25.27347,-57.56855,264231,160811,490123,30,exact,alta,85
2026-10-01,Asunción,Ycuá Satí,departamento,,425000,415528,USD,415528,-2.2,112,remax,1,https://www.remax.com.py/es-py/propiedades/departamento/venta/asuncion/143063147-166,-25.28601,-57.56287,221039,140294,306581,57,exact,alta,70
2026-10-01,"Lambaré, Central",,casa,314,900000000,880000000,PYG,150821,-2.2,81,remax,1,https://www.remax.com.py/es-py/propiedades/casa/venta/lambare/143072119-130,-25.31819,-57.61865,128060,77540,207726,43,exact,alta,70
2026-10-01,"Itauguá, Central",,casa,72,230000000,225000000,PYG,38562,-2.2,131,infocasas,2,https://www.infocasas.com.py/chalet-en-ventaitauguacentral/193815042,-25.38509,-57.39109,35072,21236,56890,43,exact,alta,90
2026-10-01,"Villa Elisa, Central",,casa,80,450000000,440000000,PYG,75410,-2.2,39,remax,1,https://www.remax.com.py/es-py/propiedades/casa/venta/villa-elisa/143061103-1,-25.38041,-57.58933,66955,40541,108607,43,exact,alta,85
2026-10-07,Asunción,Santísima Trinidad,departamento,1190,95000,93000,USD,93000,-2.1,64,remax,1,https://www.remax.com.py/es-py/propiedades/departamento/venta/asuncion/143100040-20,-25.27854,-57.56233,111561,70808,154736,57,exact,alta,85
2026-10-01,"Caacupé, Cordillera",,casa,180,500000000,490000000,PYG,83980,-2,372,remax,1,https://www.remax.com.py/es-py/propiedades/casa/venta/caacupe/143094043-37,-25.38297,-57.13969,,,,,,alta,85
2026-10-02,"Limpio, Central",,casa,117,136900,134900,USD,134900,-1.5,162,remax,1,https://www.remax.com.py/es-py/propiedades/casa/venta/limpio/143100001-79,-25.18307,-57.49559,51699,31304,83861,43,exact,alta,85
2026-10-07,"Limpio, Central",,departamento,30,267168000,263868000,PYG,45224,-1.2,1,remax,1,https://www.remax.com.py/es-py/propiedades/departamento/venta/limpio/143025158-52,-25.17414,-57.48584,28603,19139,45030,50,exact,alta,85
