first_seen,place,area,kind,built_m2,bedrooms,asking,currency,asking_usd,asking_usd_m2,source,brokers,url,lat,lon,tekoha_estimate_usd,tekoha_estimate_low_usd,tekoha_estimate_high_usd,tekoha_estimate_confidence,tekoha_estimate_location,trust_band,trust_score
2026-10-01,"Ciudad del Este, Alto Paraná",,casa,315,5,2500000000,PYG,427285,1356,remax,1,https://www.remax.com.py/es-py/propiedades/casa/venta/ciudad-del-este/143050014-120,,,,,,,,media,55
2026-10-01,"Ciudad del Este, Alto Paraná",,casa,365,6,240000,USD,240000,658,remax,1,https://www.remax.com.py/es-py/propiedades/casa/venta/ciudad-del-este/143050100-51,-25.52132,-54.64962,,,,,,alta,75
2026-09-27,"Ciudad del Este, Alto Paraná",,departamento,42,1,88997,USD,88997,2145,remax,1,https://www.remax.com.py/es-py/propiedades/departamento/venta/ciudad-del-este/143099027-88,,,,,,,,media,55
2026-09-28,"Hernandarias, Alto Paraná",,casa,70,4,320000000,PYG,54692,781,remax,1,https://www.remax.com.py/es-py/propiedades/casa/venta/hernandarias/114001133-2,-25.4274,-54.63999,,,,,,alta,75
2026-10-01,"Hernandarias, Alto Paraná",,casa,100,2,250000000,PYG,42728,427,remax,1,https://www.remax.com.py/es-py/propiedades/casa/venta/hernandarias/143011115-10,-25.37377,-54.65254,,,,,,alta,75
2026-10-01,"Presidente Franco, Alto Paraná",,casa,184,6,900000000,PYG,153822,836,remax,1,https://www.remax.com.py/es-py/propiedades/casa/venta/presidente-franco/143107018-3,-25.55924,-54.61553,,,,,,alta,75
2026-09-27,Asunción,,casa,200,3,650000000,PYG,111094,555,infocasas,1,https://www.infocasas.com.py/vendo-casa-con-piscina-en-asuncion-ita-enramada/194322678,,,133586,80966,253012,28,shared_point,media,45
2026-10-01,Asunción,Tacumbú,casa,200,5,550000000,PYG,94003,470,remax,1,https://www.remax.com.py/es-py/propiedades/casa/venta/asuncion/143072119-148,,,122864,74468,232704,28,none,media,55
2026-09-26,Asunción,San Roque,casa,220,0,950000000,PYG,162368,738,infocasas,1,https://www.infocasas.com.py/vendo-casa-antigua-en-casco-historico/194284489,,,140089,84908,265328,28,shared_point,media,45
2026-09-26,Asunción,,casa,220,3,950000000,PYG,162368,738,infocasas,1,https://www.infocasas.com.py/en-venta-casa-en-el-casco-historico-de-asuncion-/194308037,,,137597,83398,260609,28,shared_point,media,45
2026-10-01,Asunción,Mburicaó,casa,300,2,1600000000,PYG,273462,912,infocasas,1,https://www.infocasas.com.py/casa-venta-mburicao-asuncion-paraguay/194323256,,,98930,59962,187374,28,shared_point,media,45
2026-10-01,Asunción,Bernardino Caballero,casa,300,4,250000,USD,250000,833,infocasas,1,https://www.infocasas.com.py/duplex-en-venta-c-cochera-en-bernardino-caballero/194319572,-25.30087,-57.60768,115420,80459,187015,48,exact,media,65
2026-10-01,Asunción,San Vicente,casa,300,5,850000000,PYG,145277,484,infocasas,1,https://www.infocasas.com.py/casaventasan-vicente-asuncion/194318835,-25.31066,-57.62524,136698,95292,221492,48,exact,media,65
2026-09-27,Asunción,La Encarnación,casa,303,3,260000,USD,260000,858,infocasas,1,https://www.infocasas.com.py/venta-residencia-estilo-colonial-mediterranea/194308332,-22.65241,-56.02553,147260,102655,238606,48,exact,media,65
2026-10-01,Asunción,Mburucuyá,casa,306,7,300000,USD,300000,980,remax,1,https://www.remax.com.py/es-py/propiedades/casa/venta/asuncion/143072141-21,-25.26176,-57.5649,273272,190498,442783,48,exact,alta,75
2026-10-01,Asunción,,casa,325,4,900000000,PYG,153822,473,infocasas,1,https://www.infocasas.com.py/venta-de-residencia-en-santa-librada-asuncion/194328178,,,209568,127019,396921,28,shared_point,media,45
2026-09-26,Asunción,Los Laureles,casa,350,3,240000,USD,240000,686,infocasas,1,https://www.infocasas.com.py/en-venta-casa-en-el-corazon-de-los-laureles/194318549,,,162885,98724,308503,28,shared_point,media,45
2026-09-26,Asunción,Recoleta,casa,350,4,340000,USD,340000,971,infocasas,1,https://www.infocasas.com.py/casa-4-dorm-con-piscina-y-quincho-recoleta/194283569,-25.29771,-57.58787,250650,174728,406128,48,exact,media,65
2026-10-01,Asunción,Santísima Trinidad,casa,365,4,280000,USD,280000,768,remax,1,https://www.remax.com.py/es-py/propiedades/casa/venta/asuncion/143061088-18,-25.26213,-57.56151,279086,194551,452203,48,exact,alta,75
2026-10-01,Asunción,,casa,380,5,290000,USD,290000,763,infocasas,1,https://www.infocasas.com.py/vendo-hermosa-residencia-en-exclusiva-zona-residencial/194333018,-25.33667,-57.63597,235792,164371,382054,48,exact,media,65
2026-10-02,Asunción,Manorá,casa,420,4,390000,USD,390000,929,infocasas,1,https://www.infocasas.com.py/vendo-casa-en-barrio-manora/194326694,,,195859,118710,370957,28,shared_point,media,45
2026-10-02,Asunción,Barrio Jara,casa,448,3,268000,USD,268000,598,infocasas,1,https://www.infocasas.com.py/en-venta-%E2%80%93-casa-tipo-chalet-en-b-virgen-del-huerto-frente-a-plaza-acosta-%C3%B1u/194322508,-25.31825,-57.59241,175918,122632,285040,48,exact,media,65
2026-10-01,Asunción,Carlos Antonio López,casa,491,6,1920000000,PYG,328155,668,remax,1,https://www.remax.com.py/es-py/propiedades/casa/venta/asuncion/143063190-429,-25.29511,-57.65494,260959,181915,422832,48,exact,alta,75
2026-09-26,Asunción,Barrio Jara,casa,550,4,350000,USD,350000,636,infocasas,1,https://www.infocasas.com.py/casa-4-dorm-con-piscina-y-quincho-barrio-jara/194284324,-25.28574,-57.60269,226463,157867,366937,48,exact,media,65
2026-10-02,Asunción,Recoleta,casa,600,5,485000,USD,485000,808,infocasas,1,https://www.infocasas.com.py/casa-en-venta-en-recoleta-1000-m%C2%B2-de-terreno-y-4-suites/194326522,,,233927,141783,443057,28,shared_point,media,45
2026-10-01,Asunción,Herrera,departamento,44,1,69800,USD,69800,1586,infocasas,1,https://www.infocasas.com.py/dptos-en-pozo-inarco-herrera-asuncion/194336598,,,,,,,,baja,30
2026-10-01,Asunción,Herrera,departamento,49,1,79000,USD,79000,1612,infocasas,1,https://www.infocasas.com.py/vendo-hermoso-departamento-bo-herrera-edif-home-studio/194319964,,,,,,,,media,45
2026-10-01,Asunción,Ycuá Satí,departamento,56,1,90000,USD,90000,1607,infocasas,1,https://www.infocasas.com.py/usd-90000-quantum-park-piso-7-1-cochera/194338511,-25.29082,-57.55231,97420,65145,131439,63,exact,media,65
2026-10-02,Asunción,San Vicente,departamento,67,2,500000000,PYG,85457,1275,infocasas,1,https://www.infocasas.com.py/-departamento-venta-san-vicente-asuncion-paraguay/194330497,,,,,,,,media,45
2026-09-28,Asunción,Herrera,departamento,75,2,120000,USD,120000,1600,remax,1,https://www.remax.com.py/es-py/propiedades/departamento/venta/asuncion/143025147-109,-25.29623,-57.55686,120181,80365,162149,63,exact,alta,75
2026-10-01,Asunción,,departamento,77,1,89000,USD,89000,1156,infocasas,1,https://www.infocasas.com.py/en-venta-departamento-tipo-loft-%E2%80%93-zona-primer-presidente/194330140,,,,,,,,media,45
2026-10-01,Asunción,Loma Pytá,departamento,83,2,590000000,PYG,100839,1215,infocasas,1,https://www.infocasas.com.py/en-venta-amplio-departamento-en-asuncion-v219/194315424,-25.2489,-57.56106,69509,46480,93781,63,exact,media,65
2026-10-01,Asunción,San Jorge,departamento,84,2,105000,USD,105000,1250,infocasas,1,https://www.infocasas.com.py/oportunidad-unica-moderno-departamento-con-balcon-y-terraza-a-pasos-del-colegio-goethe/194334253,,,,,,,,media,45
2026-10-01,Asunción,Villa Morra,departamento,89,2,165700,USD,165700,1862,infocasas,1,https://www.infocasas.com.py/departamentos-en-pozo-a-3-cuadras-del-shop-mcal/194333071,,,,,,,,baja,30
2026-10-02,Asunción,Las Lomas,departamento,92,2,140000,USD,140000,1522,infocasas,1,https://www.infocasas.com.py/venta-departamento-2-dormitorios-%E2%80%93-edificio-fortaleza-molas-lopez/194342842,,,,,,,,media,45
2026-10-01,Asunción,San Vicente,departamento,94,2,92000,USD,92000,980,remax,1,https://www.remax.com.py/es-py/propiedades/departamento/venta/asuncion/143061072-59,-25.31052,-57.63111,108911,72829,146943,63,exact,alta,75
2026-10-02,"Caaguazú, Caaguazú",,casa,100,2,350000000,PYG,59820,598,remax,1,https://www.remax.com.py/es-py/propiedades/casa/venta/caaguazu/114006119-15,,,,,,,,media,45
2026-10-01,"Nueva Esperanza, Canindeyú",,casa,421,4,530000,USD,530000,1259,remax,1,https://www.remax.com.py/es-py/propiedades/casa/venta/nueva-esperanza/143106009-10,,,,,,,,media,45
2026-10-01,"Areguá, Central",,casa,60,2,300000000,PYG,51274,855,infocasas,1,https://www.infocasas.com.py/vendo-casa-en-aregua-valle-pucu/194323435,-25.29318,-57.43453,34568,20765,58741,42,exact,media,65
2026-09-28,"Capiatá, Central",,casa,90,3,280000000,PYG,47856,532,infocasas,2,https://www.infocasas.com.py/casa-en-venta-en-capiata/194339329,-25.40001,-57.48236,38500,22446,65635,39,shared_point,media,45
2026-10-02,"Capiatá, Central",,casa,190,4,450000000,PYG,76911,405,remax,1,https://www.remax.com.py/es-py/propiedades/casa/venta/capiata/143080127-75,,,62390,36374,106363,39,none,media,55
2026-10-01,"Fernando de la Mora, Central",,casa,200,3,1100000000,PYG,188005,940,remax,1,https://www.remax.com.py/es-py/propiedades/casa/venta/fernando-de-la-mora/143036021-161,-25.33152,-57.56572,136261,81852,231549,42,exact,alta,85
2026-10-01,"Fernando de la Mora, Central",,casa,232,2,800000000,PYG,136731,589,remax,1,https://www.remax.com.py/es-py/propiedades/casa/venta/fernando-de-la-mora/143038063-6,,,98141,57216,167312,39,none,media,55
2026-10-01,"Fernando de la Mora, Central",,casa,260,5,900000000,PYG,153822,592,remax,1,https://www.remax.com.py/es-py/propiedades/casa/venta/fernando-de-la-mora/143046090-10,-25.34236,-57.54899,132357,79507,224914,42,exact,alta,75
2026-10-01,"Fernando de la Mora, Central",,casa,700,4,340000,USD,340000,486,remax,1,https://www.remax.com.py/es-py/propiedades/casa/venta/fernando-de-la-mora/143036051-232,-25.34097,-57.57212,288044,173028,489474,42,exact,alta,75
2026-09-27,"Itá, Central",,casa,70,2,119000,USD,119000,1700,infocasas,1,https://www.infocasas.com.py/hermosa-propiedad-de-mas-de-2-hectareas-con-casa-y-piscina-cerca-de-ita/194322574,-25.51866,-57.39572,87685,52673,149003,42,exact,media,65
2026-09-26,"Itá, Central",,casa,167,0,2700000000,PYG,461467,2763,infocasas,1,https://www.infocasas.com.py/casa-de-campo-venta-ita-central-paraguay/194311742,-25.49331,-57.39666,89049,53491,151320,42,exact,media,65
2026-09-26,"Itauguá, Central",,casa,60,2,350000000,PYG,59820,997,remax,1,https://www.remax.com.py/es-py/propiedades/casa/venta/itaugua/143080127-74,-25.4104,-57.37077,34416,20674,58484,42,exact,alta,75
2026-10-01,"Itauguá, Central",,departamento,140,3,380000000,PYG,64947,464,remax,1,https://www.remax.com.py/es-py/propiedades/departamento/venta/itaugua/143094056-18,-25.40317,-57.33575,84691,56811,126172,53,exact,alta,75
2026-10-01,"Julián Augusto Saldívar, Central",,casa,160,4,680000000,PYG,116221,726,remax,1,https://www.remax.com.py/es-py/propiedades/casa/venta/julian-augusto-saldivar/143063129-89,,,102726,59889,175127,39,none,media,55
2026-10-01,"Lambaré, Central",,casa,250,4,870000000,PYG,148695,595,infocasas,1,https://www.infocasas.com.py/casa-en-venta-zona-puerto-pabla-lambare/194330560,-25.37676,-57.61539,86388,51893,146800,42,exact,media,65
2026-10-01,"Limpio, Central",,casa,60,2,335000000,PYG,57256,954,remax,1,https://www.remax.com.py/es-py/propiedades/casa/venta/limpio/143037130-29,-25.15689,-57.4592,34691,20839,58950,42,exact,alta,75
2026-10-01,"Luque, Central",,casa,58,2,340000000,PYG,58111,1002,remax,1,https://www.remax.com.py/es-py/propiedades/casa/venta/luque/143025234-37,-25.23925,-57.46346,44566,26771,75731,42,exact,alta,75
2026-10-01,"Luque, Central",,casa,62,2,78416,USD,78416,1265,remax,1,https://www.remax.com.py/es-py/propiedades/casa/venta/luque/143105023-25,-25.26538,-57.43095,45762,27489,77764,42,exact,alta,75
2026-10-01,"Luque, Central",,casa,70,2,350000000,PYG,59820,855,uprop,1,https://uprop.com.py/detail/casa-en-venta-2-dormitorios-586d5e40-bdf4-437f-8db2-dff7c5af27c2,-25.23755,-57.44521,42358,25444,71979,42,exact,media,65
2026-10-01,"Luque, Central",,casa,77,2,399000000,PYG,68195,886,infocasas,1,https://www.infocasas.com.py/vendo-hermosa-casa-a-estrenar-en-luque/194340404,,,61913,36095,105550,39,shared_point,media,45
2026-10-02,"Luque, Central",,casa,85,2,490000000,PYG,83748,985,infocasas,1,https://www.infocasas.com.py/vendo-exclusiva-casa-en-luque-oportunidad-a-minutos-del-aeropuerto/194344892,,,61678,35958,105149,39,shared_point,media,45
2026-10-01,"Luque, Central",,casa,107,3,100000,USD,100000,935,uprop,1,https://uprop.com.py/detail/casa-en-venta-3-dormitorios-7489f00b-29a8-4750-b464-00ff0a6f0495,-25.27489,-57.48612,52384,31467,89017,42,exact,media,65
2026-10-01,"Luque, Central",,casa,140,4,600000000,PYG,102548,732,remax,1,https://www.remax.com.py/es-py/propiedades/casa/venta/luque/143061002-218,,,88161,51398,150296,39,none,media,55
2026-10-01,"Luque, Central",,casa,160,3,120000,USD,120000,750,uprop,1,https://uprop.com.py/detail/casa-en-venta-3-dormitorios-94ee1b2d-4e25-4da8-81ed-c7a9410ee12d,-25.26476,-57.48697,98294,59045,167031,42,exact,media,65
2026-10-01,"Luque, Central",,casa,180,2,280000,USD,280000,1556,uprop,1,https://uprop.com.py/detail/casa-en-venta-2-dormitorios-f96b13f1-3ce6-4f18-bf37-0993e3c550fc,-25.24516,-57.50809,77727,46691,132082,42,exact,media,65
2026-10-02,"Luque, Central",,casa,250,4,178000,USD,178000,712,infocasas,1,https://www.infocasas.com.py/exclusiva-casa-en-venta-%C2%B7-condominio-boulevard-confederacion-lujo-y-confort-en-ubicacion-privilegiada/194346302,-25.2214,-57.47356,122107,73350,207497,42,exact,media,65
2026-10-01,"Luque, Central",,casa,300,5,285000,USD,285000,950,infocasas,1,https://www.infocasas.com.py/exclusiva-residencia-de-lujo-en-venta-5-dormitorios-ubicacion-premium-en-luque-zona-conmebol-por-285000-usd/194334346,,,118644,69170,202264,39,shared_point,media,45
2026-10-01,"Luque, Central",,casa,338,5,2500000000,PYG,427285,1264,infocasas,1,https://www.infocasas.com.py/residencia-moderna-en-zona-conmebol/194336096,-25.25789,-57.50217,190907,114678,324408,42,exact,media,65
2026-10-02,"Luque, Central",,casa,360,3,800000000,PYG,136731,380,remax,1,https://www.remax.com.py/es-py/propiedades/casa/venta/luque/143009168-19,,,142807,83256,243457,39,none,media,55
2026-10-02,"Luque, Central",,casa,366,5,570000000,PYG,97421,266,infocasas,1,https://www.infocasas.com.py/casa-en-venta-con-6-habitaciones-en-makai-luque/194328417,-25.29021,-57.48245,109961,66054,186857,42,exact,media,65
2026-10-01,"Luque, Central",,casa,470,5,285000,USD,285000,606,uprop,1,https://uprop.com.py/detail/casa-en-venta-5-dormitorios-c522d636-0eea-425c-ae05-b30870eac5cc,-25.25401,-57.50349,248262,149131,421871,42,exact,media,65
2026-09-26,"Luque, Central",,duplex,180,3,1100000000,PYG,188005,1044,remax,1,https://www.remax.com.py/es-py/propiedades/duplex/venta/luque/143046007-185,-25.27416,-57.50767,,,,,,alta,75
2026-10-02,"Mariano Roque Alonso, Central",,casa,250,3,260000,USD,260000,1040,infocasas,1,https://www.infocasas.com.py/en-venta-hermosa-casa-en-planta-baja-en-surubi%E2%80%99i-barrio-alta-loma-v088/194346228,-25.1813,-57.52135,118326,71079,201072,42,exact,media,65
2026-10-01,"Mariano Roque Alonso, Central",,casa,550,4,480000,USD,480000,873,infocasas,1,https://www.infocasas.com.py/casa-de-3-habitaciones-en-suites-en-venta-en-surubi%E2%80%99i-/194328054,,,163394,95259,278554,39,shared_point,media,45
2026-10-01,"Ñemby, Central",,casa,120,2,430000000,PYG,73493,612,remax,1,https://www.remax.com.py/es-py/propiedades/casa/venta/nemby/143068046-77,,,53229,31033,90745,39,none,media,55
2026-10-01,"Ñemby, Central",,casa,150,1,360000000,PYG,61529,410,infocasas,1,https://www.infocasas.com.py/%C2%A1oportunidad-unica-espectacular-casa-quinta-en-%C3%B1emby-a-solo-2-cuadras-de-acceso-sur-%E2%80%93-tu-oasis-de-tranquilidad-y-confort/194317311,,,57830,33715,98588,39,shared_point,media,45
2026-09-27,"Ñemby, Central",,casa,300,4,360000000,PYG,61529,205,infocasas,2,https://www.infocasas.com.py/en-venta-casa-en-%C3%B1emby-barrio-villa-del-sur-/194302208,,,91295,53225,155640,39,shared_point,media,45
2026-09-26,"San Antonio, Central",,casa,120,4,531000000,PYG,90755,756,infocasas,1,https://www.infocasas.com.py/casa-venta-san-antonio-central-paraguay/194317483,,,57276,33392,97644,39,shared_point,media,45
2026-10-01,"San Lorenzo, Central",,casa,45,,230000000,PYG,39310,874,remax,1,https://www.remax.com.py/es-py/propiedades/casa/venta/san-lorenzo/143108021-5,-25.33746,-57.4801,32307,19407,54899,42,exact,alta,75
2026-10-02,"San Lorenzo, Central",,casa,81,2,490000000,PYG,83748,1034,remax,1,https://www.remax.com.py/es-py/propiedades/casa/venta/san-lorenzo/143071054-589,-25.3896,-57.50478,41380,24857,70318,42,exact,alta,75
2026-10-01,"San Lorenzo, Central",,casa,237,2,650000000,PYG,111094,469,infocasas,1,https://www.infocasas.com.py/casa-en-venta-c-cochera-en-los-nogales/194334747,-25.36796,-57.50487,100505,60373,170787,42,exact,media,65
2026-10-01,"San Lorenzo, Central",,local,300,,700000000,PYG,119640,399,remax,1,https://www.remax.com.py/es-py/propiedades/local/venta/san-lorenzo/143092058-124,,,,,,,,media,55
2026-10-02,"Villa Elisa, Central",,casa,55,2,386000000,PYG,65973,1200,infocasas,1,https://www.infocasas.com.py/chalet-venta-villa-elisa-central-paraguay/194345891,-25.36446,-57.57765,43854,26343,74522,42,exact,media,65
2026-10-01,"Villa Elisa, Central",,casa,110,3,650000000,PYG,111094,1010,infocasas,1,https://www.infocasas.com.py/vendo-duplex-de-3-dormitorios-en-villa-elisa-%E2%80%93-barrio-san-jose/194317627,-25.3652,-57.57587,74101,44513,125921,42,exact,media,65
2026-09-26,"Villa Elisa, Central",,casa,200,5,600000000,PYG,102548,513,infocasas,1,https://www.infocasas.com.py/casa-en-venta-villa-elisa-barrio-villa-bonita-/194318280,-25.38177,-57.60351,70470,42331,119749,42,exact,media,65
2026-10-02,"Villeta, Central",,casa,170,2,430000000,PYG,73493,432,infocasas,2,https://www.infocasas.com.py/casa-quinta-en-villeta/194333341,,,87852,51218,149771,39,shared_point,media,45
2026-10-01,"Villeta, Central",,casa,360,2,400000000,PYG,68366,190,remax,1,https://www.remax.com.py/es-py/propiedades/casa/venta/villeta/143112012-5,,,126416,73701,215515,39,shared_point,media,55
2026-09-26,"Ypacaraí, Central",,casa,100,2,600000,USD,600000,6000,infocasas,1,https://www.infocasas.com.py/quinta-amplia-en-ypacarai-/194320489,,,98714,57550,168288,39,shared_point,media,45
2026-10-01,"Ypacaraí, Central",,casa,400,4,200000,USD,200000,500,infocasas,2,https://www.infocasas.com.py/casa-en-venta-en-ypacarai-central/194341386,,,101396,59114,172860,39,shared_point,media,45
2026-10-02,"Ypané, Central",,casa,440,4,2500000000,PYG,427285,971,infocasas,1,https://www.infocasas.com.py/vendo-casa-amoblada-barrio-cerrado-pilar-del-este-ypane/194346534,,,102095,59522,174052,39,shared_point,media,45
2026-10-01,"Atyra, Cordillera",,casa,486,4,350000,USD,350000,720,remax,1,https://www.remax.com.py/es-py/propiedades/casa/venta/atyra/143080055-236,-25.27937,-57.17278,,,,,,alta,75
2026-10-01,"Caacupé, Cordillera",,casa,50,2,234000000,PYG,39994,800,remax,1,https://www.remax.com.py/es-py/propiedades/casa/venta/caacupe/143072164-3,-25.35933,-57.12873,,,,,,alta,75
2026-10-02,"Caacupé, Cordillera",,casa,340,5,348000000,PYG,59478,175,remax,1,https://www.remax.com.py/es-py/propiedades/casa/venta/caacupe/143096013-48,-25.3761,-57.14141,,,,,,alta,75
2026-10-01,"Cambyretá, Itapúa",,duplex,55,1,270000000,PYG,46147,839,remax,1,https://www.remax.com.py/es-py/propiedades/duplex/venta/cambyreta/143011101-93,,,,,,,,baja,25
2026-09-28,"Encarnación, Itapúa",,casa,80,2,435000000,PYG,74348,929,remax,1,https://www.remax.com.py/es-py/propiedades/casa/venta/encarnacion/143011105-20,-27.3305,-55.8667,,,,,,alta,75
