close_date,operation,place,barrio,kind,deal_records,deal_kinds,area_m2,area_basis,bedrooms,terminal_ask,ask_currency,ask_usd_sale_date_fx,close_price,close_currency,close_usd_sale_date_fx,close_per_m2,close_usd_per_m2,spread_pct,spread_basis,entry_check,days_to_close,new_since_previous_build,source,mls_id,department_market,city_market
2026-10-09,rent,Asunción,Las Mercedes,departamento,1,,67,land,1,4500000,PYG,791,4400000,PYG,774,65672,12,-2.2,same currency,0,16,1,remax,143037137-33,Asunción,
2026-10-09,sale,Asunción,Recoleta,departamento,1,,47,land,1,109530,USD,109530,649512900,PYG,114189,13819423,2430,4.3,"cross-currency, at sale-date rate",0,37,1,remax,143098026-73,Asunción,
2026-10-09,sale,"Fernando de la Mora, Central",,casa,1,,495,built,5,350000,USD,350000,1987920000,PYG,349490,4016000,706,-0.1,"cross-currency, at sale-date rate",0,240,1,remax,143071054-542,Central,Fernando de la Mora
2026-10-08,sale,"Cambyretá, Itapúa",,terreno,1,,,,,150000000,PYG,26371,150000000,PYG,26371,,,0,same currency,0,50,1,remax,143011080-97,Itapúa,
2026-10-08,sale,"Encarnación, Itapúa",,departamento,1,,76,land,1,73650,USD,73650,420246900,PYG,73882,5507101,968,0.3,"cross-currency, at sale-date rate",0,,1,remax,143011113-5,Itapúa,Encarnación
2026-10-08,sale,"Cambyretá, Itapúa",,casa,1,,192,built,2,300000000,PYG,52742,300000000,PYG,52742,1562500,275,0,same currency,0,881,1,remax,143011030-187,Itapúa,
2026-10-08,rent,"Fernando de la Mora, Central",,terreno,1,,,,,6500000,PYG,1143,5500000,PYG,967,,,-15.4,same currency,0,44,1,remax,143036162-17,Central,Fernando de la Mora
2026-10-08,sale,"San Juan del Paraná, Itapúa",,terreno,1,,389,land,,75000000,PYG,13186,67500000,PYG,11867,173522,31,-10,same currency,0,24,0,remax,143085019-589,Itapúa,San Juan del Paraná
2026-10-08,sale,"San Juan del Paraná, Itapúa",,terreno,1,,378,land,,65000000,PYG,11427,58500000,PYG,10285,154762,27,-10,same currency,0,24,0,remax,143085019-588,Itapúa,San Juan del Paraná
2026-10-08,sale,"Luque, Central",,duplex,1,,151,built,3,165000,USD,165000,949080000,PYG,166855,6297392,1107,1.1,"cross-currency, at sale-date rate",0,1,0,remax,143063147-198,Central,Luque
2026-10-08,rent,"Encarnación, Itapúa",,departamento,1,,250,built,2,2800000,PYG,492,2800000,PYG,492,11200,2,0,same currency,0,8,0,remax,143085019-601,Itapúa,Encarnación
2026-10-07,rent,Asunción,Recoleta,departamento,1,,102,land,2,7500000,PYG,1303,7500000,PYG,1303,73529,13,0,same currency,0,41,1,remax,143101008-2,Asunción,
2026-10-07,sale,"Mariano Roque Alonso, Central",,departamento,1,,53,built,1,440000000,PYG,76454,430000000,PYG,74716,8113208,1410,-2.3,same currency,0,184,0,remax,143063132-94,Central,Mariano Roque Alonso
2026-10-07,sale,Asunción,Mburicaó,departamento,1,,314,land,3,254352,USD,254352,1526112000,PYG,265176,4854509,844,4.3,"cross-currency, at sale-date rate",0,15,0,remax,143063102-377,Asunción,
2026-10-07,sale,Asunción,Mburicaó,departamento,1,,314,land,2,132821,USD,132821,796926000,PYG,138473,2534994,440,4.3,"cross-currency, at sale-date rate",0,,0,remax,143063102-381,Asunción,
2026-10-07,sale,Asunción,Mburicaó,departamento,1,,314,land,2,263559,USD,263559,1581354000,PYG,274775,5030232,874,4.3,"cross-currency, at sale-date rate",0,169,0,remax,143063102-352,Asunción,
2026-10-07,rent,"Fernando de la Mora, Central",,deposito,1,,,,,8000000,PYG,1390,5000000,PYG,869,,,-37.5,same currency,0,112,0,remax,143063159-71,Central,Fernando de la Mora
2026-10-07,sale,Asunción,Mburicaó,departamento,1,,314,land,3,399741,USD,399741,2398446000,PYG,416752,7629373,1326,4.3,"cross-currency, at sale-date rate",0,162,0,remax,143063102-355,Asunción,
2026-10-07,rent,"Lambaré, Central",,departamento,1,,60,built,2,1800000,PYG,313,1800000,PYG,313,30000,5,0,same currency,0,39,0,remax,143026121-10,Central,Lambaré
2026-10-07,rent,"Santa Rita, Alto Paraná",,deposito,1,,360,built,,3800000,PYG,660,3800000,PYG,660,10556,2,0,same currency,0,22,0,remax,143065047-11,Alto Paraná,
2026-10-07,sale,Asunción,Ycuá Satí,departamento,1,,30,land,1,92200,USD,92200,553200000,PYG,96124,18440000,3204,4.3,"cross-currency, at sale-date rate",0,,0,remax,143063102-382,Asunción,
2026-10-07,sale,Asunción,Mburicaó,departamento,1,,314,land,2,278220,USD,278220,1669320000,PYG,290060,5310049,923,4.3,"cross-currency, at sale-date rate",0,54,0,remax,143063102-371,Asunción,
2026-10-07,rent,"Luque, Central",,departamento,1,,32,land,1,3000000,PYG,521,2800000,PYG,487,86957,15,-6.7,same currency,0,21,0,remax,143100046-22,Central,Luque
2026-10-06,sale,"Ciudad del Este, Alto Paraná",,terreno,1,,528,land,,120000,USD,120000,633000000,PYG,108488,1198864,205,-9.6,"cross-currency, at sale-date rate",0,74,1,remax,143050150-55,Alto Paraná,Ciudad del Este
2026-10-06,rent,Asunción,Ycuá Satí,departamento,1,,260,built,4,12000000,PYG,2057,11500000,PYG,1971,44231,8,-4.2,same currency,0,84,0,remax,143038003-202,Asunción,
2026-10-06,rent,"Ciudad del Este, Alto Paraná",,local,1,,,,,4800000,PYG,823,4500000,PYG,771,,,-6.3,same currency,0,27,0,remax,143099012-44,Alto Paraná,Ciudad del Este
2026-10-06,sale,"Lambaré, Central",,duplex,1,,127,built,3,680000000,PYG,116543,650000000,PYG,111402,5118110,877,-4.4,same currency,0,22,0,remax,143092038-107,Central,Lambaré
2026-10-06,sale,Asunción,Mburicaó,departamento,1,,314,land,2,241789,USD,241789,1450734000,PYG,248637,4614734,791,2.8,"cross-currency, at sale-date rate",0,168,0,remax,143063102-353,Asunción,
2026-10-06,rent,Asunción,Sajonia,local,1,,,,,2800000,PYG,480,2500000,PYG,428,,,-10.7,same currency,0,110,0,remax,143025116-69,Asunción,
2026-10-06,sale,"Encarnación, Itapúa",,departamento,1,,72,land,2,130592,USD,130592,763963200,PYG,130933,10610600,1819,0.3,"cross-currency, at sale-date rate",0,,0,remax,143011089-23,Itapúa,Encarnación
2026-10-06,rent,Asunción,San Vicente,departamento,1,,450,land,1,3400000,PYG,583,3400000,PYG,583,7556,1,0,same currency,0,34,0,remax,143068074-52,Asunción,
2026-10-06,sale,"Encarnación, Itapúa",,departamento,1,,60,land,1,86625,USD,86625,506756250,PYG,86851,8445938,1448,0.3,"cross-currency, at sale-date rate",0,,0,remax,143011024-390,Itapúa,Encarnación
2026-10-06,rent,"Capiatá, Central",,otro,1,,,,,4500000,PYG,771,4500000,PYG,771,,,0,same currency,0,36,0,remax,143025184-76,Central,Capiatá
2026-10-06,sale,"Fernando de la Mora, Central",,casa,1,,130,built,3,710000000,PYG,121685,710000000,PYG,121685,5461538,936,0,same currency,0,71,0,remax,143095030-12,Central,Fernando de la Mora
2026-10-06,rent,"Encarnación, Itapúa",,departamento,1,,1,land,1,2650000,PYG,454,2650000,PYG,454,2650000,454,0,same currency,0,13,0,remax,143011007-2280,Itapúa,Encarnación
2026-10-06,sale,"Encarnación, Itapúa",,departamento,1,,56,land,1,65000,USD,65000,380250000,PYG,65170,6797462,1165,0.3,"cross-currency, at sale-date rate",0,330,0,remax,143011007-2127,Itapúa,Encarnación
2026-10-05,rent,"Fernando de la Mora, Central",,otro,1,,860,land,,8000000,PYG,1366,6000000,PYG,1024,6973,1,-25,same currency,0,25,1,remax,143025147-108,Central,Fernando de la Mora
2026-10-05,rent,"Hernandarias, Alto Paraná",,casa,1,,120,built,3,6000000,PYG,1024,6000000,PYG,1024,50000,9,0,same currency,0,,0,remax,143107020-25,Alto Paraná,Hernandarias
2026-10-05,sale,Asunción,San Jorge,departamento,1,,600,land,2,109550,USD,109550,630022050,PYG,107539,1050037,179,-1.8,"cross-currency, at sale-date rate",0,118,0,remax,143063172-35,Asunción,
2026-10-05,rent,Asunción,Las Lomas (Carmelitas),departamento,1,,48,land,1,1000,USD,1000,1000,USD,1000,21,21,0,same currency,0,,0,remax,143025184-83,Asunción,
2026-10-05,rent,Asunción,Las Lomas (Carmelitas),oficina,1,,20,built,,960,USD,960,5617709,PYG,959,280885,48,-0.1,"cross-currency, at sale-date rate",0,4,0,remax,143046007-186,Asunción,
2026-10-05,sale,Asunción,Las Lomas (Carmelitas),departamento,1,,600,built,,56000,USD,56000,455477400,PYG,77745,759129,130,38.8,"cross-currency, at sale-date rate",0,140,0,remax,143096059-25,Asunción,
2026-10-05,rent,"Fernando de la Mora, Central",,departamento,1,,184,built,2,6050000,PYG,1033,5550000,PYG,947,30163,5,-8.3,same currency,0,30,0,remax,143112002-44,Central,Fernando de la Mora
2026-10-05,sale,"Encarnación, Itapúa",,departamento,1,,39,land,1,50000,USD,50000,293250000,PYG,50055,7519231,1283,0.1,"cross-currency, at sale-date rate",0,119,0,remax,143011007-2223,Itapúa,Encarnación
2026-10-05,rent,Asunción,Santa Librada,casa,1,,2,built,3,7000000,PYG,1195,7000000,PYG,1195,3500000,597,0,same currency,0,73,0,remax,143048045-12,Asunción,
2026-10-05,sale,"Ciudad del Este, Alto Paraná",,departamento,1,,29,built,2,65955,USD,65955,386628210,PYG,65994,13186501,2251,0.1,"cross-currency, at sale-date rate",0,126,0,remax,143050056-211,Alto Paraná,Ciudad del Este
2026-10-05,rent,"Fernando de la Mora, Central",,oficina,1,,170,built,,6500000,PYG,1109,6200000,PYG,1058,36471,6,-4.6,same currency,0,14,0,remax,143054126-81,Central,Fernando de la Mora
2026-10-05,rent,"Encarnación, Itapúa",,departamento,1,,24,land,1,1200000,PYG,205,1200000,PYG,205,50000,9,0,same currency,0,2,0,remax,143011080-105,Itapúa,Encarnación
2026-10-05,rent,Asunción,Mburicaó,deposito,1,,150,built,,6500000,PYG,1109,6500000,PYG,1109,43333,7,0,same currency,0,137,0,remax,143054077-76,Asunción,
2026-10-05,rent,"Cambyretá, Itapúa",,quinta,1,,200,built,2,2800000,PYG,478,2800000,PYG,478,14000,2,0,same currency,0,6,0,remax,143011030-255,Itapúa,
2026-10-05,rent,Asunción,Villa Morra,departamento,1,,72,land,2,5600000,PYG,956,5600000,PYG,956,77778,13,0,same currency,0,,0,remax,114006122-4,Asunción,
2026-10-05,rent,"Fernando de la Mora, Central",,casa,1,,150,built,4,4000000,PYG,683,3700000,PYG,632,24667,4,-7.5,same currency,0,156,0,remax,143072123-30,Central,Fernando de la Mora
2026-10-05,rent,Asunción,Los Laureles,departamento,1,,83,land,2,4500000,PYG,768,4500000,PYG,768,54335,9,0,same currency,0,24,0,remax,143037137-31,Asunción,
2026-10-03,sale,"Luque, Central",,casa,1,,160,built,2,590000000,PYG,100505,500000000,PYG,85174,3125000,532,-15.3,same currency,0,100,0,remax,143009150-34,Central,Luque
2026-10-03,rent,Asunción,Las Lomas (Carmelitas),departamento,1,,86,built,2,1200,USD,1200,7020000,PYG,1196,81628,14,-0.3,"cross-currency, at sale-date rate",0,113,0,remax,143026176-81,Asunción,
2026-10-03,rent,Asunción,Las Lomas (Carmelitas),departamento,1,,56,land,1,850,USD,850,4972500,PYG,847,88795,15,-0.3,"cross-currency, at sale-date rate",0,10,0,remax,143026176-94,Asunción,
2026-10-03,rent,"Filadelfia, Boquerón",,casa,1,,60,built,3,1700000,PYG,290,1700000,PYG,290,28333,5,0,same currency,0,47,0,remax,143016044-13,Boquerón,
2026-10-03,rent,"Luque, Central",,departamento,1,,32,built,1,3200000,PYG,545,3000000,PYG,511,93750,16,-6.3,same currency,0,92,0,remax,143094007-118,Central,Luque
2026-10-02,rent,"San Lorenzo, Central",,casa,1,,80,built,3,2000000,PYG,341,2000000,PYG,341,25000,4,0,same currency,0,2,1,remax,143072073-157,Central,San Lorenzo
2026-10-02,rent,Asunción,Los Laureles,departamento,1,,77,land,2,5000000,PYG,852,5000000,PYG,852,64935,11,0,same currency,0,11,0,remax,143037137-32,Asunción,
2026-10-02,rent,"Lambaré, Central",,duplex,1,,120,land,3,4000000,PYG,681,4000000,PYG,681,33333,6,0,same currency,0,56,0,remax,143100001-83,Central,Lambaré
2026-10-02,rent,Asunción,Mariscal Estigarribia,casa,1,,800,built,4,22740000,PYG,3874,22740000,PYG,3874,28425,5,0,same currency,0,7,0,remax,143098021-96,Asunción,
2026-10-02,sale,Asunción,Mariscal Estigarribia,departamento,1,,176,land,3,80000,USD,80000,467840000,PYG,79695,2658182,453,-0.4,"cross-currency, at sale-date rate",0,98,0,remax,143063141-140,Asunción,
2026-10-02,rent,"Mariano Roque Alonso, Central",,departamento,1,,360,land,1,3500000,PYG,596,3500000,PYG,596,9722,2,0,same currency,0,2,0,remax,143025149-279,Central,Mariano Roque Alonso
2026-10-02,rent,"Fernando de la Mora, Central",,departamento,1,,70,land,2,2200000,PYG,375,2200000,PYG,375,31429,5,0,same currency,0,1,0,remax,143091070-1,Central,Fernando de la Mora
2026-10-02,rent,Asunción,San Roque,casa,1,,300,built,4,6000000,PYG,1022,4000000,PYG,681,13333,2,-33.3,same currency,0,18,0,remax,143061061-169,Asunción,
2026-10-02,rent,"Ñemby, Central",,otro,1,,1080,built,,1200000,PYG,204,1000000,PYG,170,926,0,-16.7,same currency,0,255,0,remax,143021018-166,Central,Ñemby
2026-10-02,rent,Asunción,Bella Vista,otro,1,,35,built,,2800000,PYG,477,2800000,PYG,477,80000,14,0,same currency,0,13,0,remax,143072083-45,Asunción,
2026-10-02,rent,Asunción,Las Lomas (Carmelitas),departamento,1,,41,land,1,950,USD,950,5638250,PYG,960,137518,23,1.1,"cross-currency, at sale-date rate",0,24,0,remax,143098091-4,Asunción,
2026-10-02,sale,"Ciudad del Este, Alto Paraná",,terreno,1,,720,land,,350000000,PYG,59622,320000000,PYG,54511,444444,76,-8.6,same currency,0,,0,remax,143050213-7,Alto Paraná,Ciudad del Este
2026-10-02,sale,"Lambaré, Central",,terreno,1,,360,land,,280000000,PYG,47697,280000000,PYG,47697,777778,132,0,same currency,0,161,0,remax,143036136-30,Central,Lambaré
2026-10-02,rent,"San Lorenzo, Central",,otro,1,,30,built,,1500000,PYG,256,1500000,PYG,256,50000,9,0,same currency,0,50,0,remax,143100022-16,Central,San Lorenzo
2026-10-02,sale,"Presidente Franco, Alto Paraná",,terreno,1,,401,land,,210000000,PYG,35773,205000000,PYG,34921,511630,87,-2.4,same currency,0,162,0,remax,143050100-38,Alto Paraná,
2026-10-02,rent,Asunción,Mburucuyá,oficina,1,,,,,5500000,PYG,937,5500000,PYG,937,,,0,same currency,0,24,0,remax,143048005-333,Asunción,
2026-10-02,sale,"Luque, Central",,duplex,1,,165,built,5,850000000,PYG,144795,800000000,PYG,136278,4848485,826,-5.9,same currency,0,257,0,remax,143037122-72,Central,Luque
2026-10-02,rent,"Santa Rita, Alto Paraná",,otro,1,,80,built,,3000000,PYG,511,3000000,PYG,511,37500,6,0,same currency,0,31,0,remax,143065026-270,Alto Paraná,
2026-10-02,rent,"Encarnación, Itapúa",,casa,1,,100,built,3,4000000,PYG,681,4000000,PYG,681,40000,7,0,same currency,0,59,0,remax,143032072-93,Itapúa,Encarnación
2026-10-01,rent,Asunción,Ycuá Satí,casa,1,,300,built,3,18000000,PYG,3076,18000000,PYG,3076,60000,10,0,same currency,0,21,0,remax,143063102-376,Asunción,
2026-10-01,sale,"Ciudad del Este, Alto Paraná",,departamento,1,,42,land,1,47500,USD,47500,278445000,PYG,47590,6709518,1147,0.2,"cross-currency, at sale-date rate",0,184,0,remax,143050056-196,Alto Paraná,Ciudad del Este
2026-10-01,rent,"Capiatá, Central",,departamento,1,,25,built,1,1300000,PYG,222,1200000,PYG,205,48000,8,-7.7,same currency,0,68,0,remax,143009135-93,Central,Capiatá
2026-10-01,rent,Asunción,Las Lomas (Carmelitas),oficina,1,,20,built,,0,USD,0,9000000,USD,9000000,450000,450000,,,0,97,0,remax,143046007-176,Asunción,
2026-10-01,rent,Asunción,Villa Aurelia,casa,1,,430,built,3,0,USD,0,27000000,USD,27000000,62791,62791,,,0,,0,remax,143063051-402,Asunción,
2026-10-01,sale,"Ñemby, Central",,terreno,1,,,,,190000000,PYG,32474,145000000,PYG,24783,,,-23.7,same currency,0,125,0,remax,143096011-82,Central,Ñemby
2026-10-01,sale,Asunción,Recoleta,departamento,1,,157,built,3,230000,USD,230000,1295800000,PYG,221470,8253503,1411,-3.7,"cross-currency, at sale-date rate",0,51,0,remax,143098014-233,Asunción,
2026-10-01,rent,"Itauguá, Central",,deposito,1,,,,,1950000,PYG,333,1950000,PYG,333,,,0,same currency,0,255,0,remax,143096011-76,Central,Itauguá
2026-10-01,rent,Asunción,Villa Morra,otro,2,"oficina, otro",,,,2500000,PYG,427,2500000,PYG,427,,,0,same currency,0,146,0,remax,143098109-44,Asunción,
2026-10-01,rent,Asunción,Recoleta,departamento,1,,103,built,2,5000000,PYG,855,4800000,PYG,820,46602,8,-4,same currency,0,128,0,remax,143098130-266,Asunción,
2026-10-01,sale,Asunción,Bernardino Caballero,duplex,1,,300,built,3,1100000000,PYG,188005,800000000,PYG,136731,2666667,456,-27.3,same currency,0,219,0,remax,143094007-106,Asunción,
2026-10-01,rent,"Lambaré, Central",,casa,1,,80,built,3,2500000,PYG,427,2200000,PYG,376,27500,5,-12,same currency,0,84,0,remax,143098130-271,Central,Lambaré
2026-10-01,rent,"Filadelfia, Boquerón",,otro,1,,65,built,,2400000,PYG,410,2400000,PYG,410,36923,6,0,same currency,0,27,0,remax,143016041-5,Boquerón,
2026-10-01,rent,"Luque, Central",,casa,1,,63,built,3,2500000,PYG,427,2500000,PYG,427,39683,7,0,same currency,0,32,0,remax,143019021-130,Central,Luque
2026-10-01,rent,Asunción,Villa Morra,oficina,1,,485,built,,5828,PYG,1,5000000,PYG,855,10309,2,85692.7,same currency,1,357,0,remax,143094054-1,Asunción,
2026-10-01,rent,"Lambaré, Central",,duplex,1,,183,built,3,4500000,PYG,769,4500000,PYG,769,24590,4,0,same currency,0,16,0,remax,143098130-278,Central,Lambaré
2026-10-01,sale,"Luque, Central",,casa,1,,250,built,3,550000000,PYG,94003,540000000,PYG,92293,2160000,369,-1.8,same currency,0,76,0,remax,143084089-1,Central,Luque
2026-10-01,rent,"Luque, Central",,departamento,1,,54,built,2,2800000,PYG,479,2900000,PYG,496,53704,9,3.6,same currency,0,45,0,remax,143046003-280,Central,Luque
2026-10-01,rent,Asunción,Villa Morra,local,1,,120,land,,1200,USD,1200,7440000,PYG,1272,62000,11,6,"cross-currency, at sale-date rate",0,56,0,remax,143054116-66,Asunción,
2026-09-30,sale,"Villa Elisa, Central",,casa,1,,70,built,2,390000000,PYG,66987,390000000,PYG,66987,5571429,957,0,same currency,0,408,0,remax,143071054-508,Central,Villa Elisa
2026-09-30,sale,"Villa Elisa, Central",,duplex,1,,76,built,2,490000000,PYG,84163,486000000,PYG,83476,6394737,1098,-0.8,same currency,0,175,0,remax,143071054-549,Central,Villa Elisa
2026-09-30,rent,"Areguá, Central",,casa,1,,68,built,3,3500000,PYG,601,3500000,PYG,601,51471,9,0,same currency,0,7,0,remax,143105023-24,Central,Areguá
2026-09-30,rent,Asunción,Sajonia,departamento,1,,39,built,1,3400000,PYG,584,3400000,PYG,584,86912,15,0,same currency,0,12,0,remax,143098088-25,Asunción,
2026-09-30,sale,"Luque, Central",,duplex,1,,180,built,3,1100000000,PYG,188938,1100000000,PYG,188938,6111111,1050,0,same currency,0,175,0,remax,143046007-169,Central,Luque
2026-09-30,sale,Asunción,Las Lomas (Carmelitas),departamento,1,,81,land,2,145000,USD,145000,786510000,PYG,135092,9710000,1668,-6.8,"cross-currency, at sale-date rate",0,191,0,remax,143054126-35,Asunción,
2026-09-30,sale,"Villa Elisa, Central",,duplex,1,,110,built,3,565000000,PYG,97045,565000000,PYG,97045,5136364,882,0,same currency,0,120,0,remax,143068006-168,Central,Villa Elisa
2026-09-30,rent,"San Lorenzo, Central",,casa,1,,320,built,3,5000000,PYG,859,5000000,PYG,859,15625,3,0,same currency,0,,0,remax,143114014-4,Central,San Lorenzo
2026-09-30,rent,Asunción,Las Lomas (Carmelitas),departamento,1,,43,built,1,890,USD,890,4760000,PYG,818,110698,19,-8.1,"cross-currency, at sale-date rate",0,40,0,remax,143046007-182,Asunción,
2026-09-30,rent,"Fernando de la Mora, Central",,casa,1,,110,built,2,2300000,PYG,395,2300000,PYG,395,20909,4,0,same currency,0,29,0,remax,143108019-18,Central,Fernando de la Mora
2026-09-30,sale,"Luque, Central",,duplex,1,,69,built,2,60000,USD,60000,310000000,PYG,53246,4480416,770,-11.3,"cross-currency, at sale-date rate",0,170,0,remax,143097036-17,Central,Luque
2026-09-30,sale,Asunción,Villa Morra,departamento,1,,100,built,3,170000,USD,170000,988939300,PYG,169862,9889393,1699,-0.1,"cross-currency, at sale-date rate",0,243,0,remax,143001140-110,Asunción,
2026-09-30,rent,Asunción,Ytay,departamento,1,,88,land,3,6500000,PYG,1116,6500000,PYG,1116,73864,13,0,same currency,0,89,0,remax,143098038-43,Asunción,
2026-09-30,rent,"Fernando de la Mora, Central",,local,1,,50,built,,2000000,PYG,344,1500000,PYG,258,30000,5,-25,same currency,0,370,0,remax,143025147-92,Central,Fernando de la Mora
2026-09-30,sale,Asunción,Santísima Trinidad,departamento,1,,183,land,,150000,USD,150000,833000000,PYG,143078,4551913,782,-4.6,"cross-currency, at sale-date rate",0,57,0,remax,143098009-759,Asunción,
2026-09-30,sale,Asunción,Las Lomas (Carmelitas),departamento,1,,42,land,1,135000,USD,135000,891378000,PYG,153105,21223286,3645,13.4,"cross-currency, at sale-date rate",0,294,0,remax,143054077-65,Asunción,
2026-09-30,rent,"Itauguá, Central",,casa,1,,110,built,2,1800000,PYG,309,1800000,PYG,309,16364,3,0,same currency,0,30,0,remax,143072154-3,Central,Itauguá
2026-09-30,rent,"Encarnación, Itapúa",,departamento,1,,2000,land,1,3500000,PYG,601,3500000,PYG,601,1750,0,0,same currency,0,,0,remax,143085032-90,Itapúa,Encarnación
2026-09-30,sale,"Ciudad del Este, Alto Paraná",,terreno,1,,,,,220000000,PYG,37788,185000000,PYG,31776,,,-15.9,same currency,0,163,0,remax,143050066-70,Alto Paraná,Ciudad del Este
2026-09-30,sale,"San Lorenzo, Central",,departamento,1,,360,land,1,30000,USD,30000,174000000,PYG,29887,483333,83,-0.4,"cross-currency, at sale-date rate",0,129,0,remax,143025149-261,Central,San Lorenzo
2026-09-30,sale,"Lambaré, Central",,terreno,1,,482,land,,195000,USD,195000,1139470800,PYG,195718,2364047,406,0.4,"cross-currency, at sale-date rate",0,121,0,remax,143098023-39,Central,Lambaré
2026-09-30,rent,"Cambyretá, Itapúa",,casa,1,,200,built,4,3000000,PYG,515,3000000,PYG,515,15000,3,0,same currency,0,,0,remax,143011087-36,Itapúa,
2026-09-30,sale,"Ciudad del Este, Alto Paraná",,departamento,2,departamento,360,land,1,36450,USD,36450,224327950,PYG,38531,623133,107,5.7,"cross-currency, at sale-date rate",0,99,0,remax,143050067-133,Alto Paraná,Ciudad del Este
2026-09-29,sale,"Ciudad del Este, Alto Paraná",,departamento,1,,32,built,1,53546,USD,53546,304566866,PYG,52060,9668789,1653,-2.8,"cross-currency, at sale-date rate",0,97,0,remax,143099027-64,Alto Paraná,Ciudad del Este
2026-09-29,sale,"Ciudad del Este, Alto Paraná",,departamento,1,,28,land,1,52500,USD,52500,301944500,PYG,51612,10688301,1827,-1.7,"cross-currency, at sale-date rate",0,78,0,remax,143048005-327,Alto Paraná,Ciudad del Este
2026-09-29,sale,Asunción,Mburucuyá,terreno,1,,1525,land,,695000,USD,695000,3570000000,PYG,610226,2340984,400,-12.2,"cross-currency, at sale-date rate",0,840,0,remax,143098009-590,Asunción,
2026-09-29,sale,"Lambaré, Central",,casa,1,,160,built,2,550000000,PYG,94012,550000000,PYG,94012,3437500,588,0,same currency,0,62,0,remax,143095030-25,Central,Lambaré
2026-09-29,sale,"Paraguarí, Paraguarí",,otro,1,,,,,220000,USD,220000,1245700000,PYG,212930,,,-3.2,"cross-currency, at sale-date rate",0,90,0,remax,143026188-99,Paraguarí,
2026-09-29,rent,Asunción,Las Lomas (Carmelitas),departamento,1,,83,land,2,5900000,PYG,1009,5700000,PYG,974,68675,12,-3.4,same currency,0,104,0,remax,143048015-45,Asunción,
2026-09-29,sale,"Ciudad del Este, Alto Paraná",,departamento,1,,360,land,1,59400,USD,59400,422136000,PYG,72156,1172600,200,21.5,"cross-currency, at sale-date rate",0,98,0,remax,143050067-134,Alto Paraná,Ciudad del Este
2026-09-29,sale,Asunción,Las Lomas (Carmelitas),departamento,1,,43,land,1,82000,USD,82000,482160000,PYG,82416,11213023,1917,0.5,"cross-currency, at sale-date rate",0,160,0,remax,143063187-79,Asunción,
2026-09-29,rent,"Atyra, Cordillera",,casa,1,,130,built,3,7000000,PYG,1197,6500000,PYG,1111,50000,9,-7.1,same currency,0,55,0,remax,114006036-22,Cordillera,
2026-09-29,sale,Asunción,Ycuá Satí,departamento,1,,270,built,3,495000,USD,495000,2734200000,PYG,467361,10126667,1731,-5.6,"cross-currency, at sale-date rate",0,74,0,remax,143098054-76,Asunción,
2026-09-29,rent,"Fernando de la Mora, Central",,departamento,1,,97,land,3,3500000,PYG,598,3500000,PYG,598,36082,6,0,same currency,0,,0,remax,143098010-107,Central,Fernando de la Mora
2026-09-29,rent,"Capiatá, Central",,casa,1,,70,built,,1700000,PYG,291,1700000,PYG,291,24286,4,0,same currency,0,27,0,remax,114006153-3,Central,Capiatá
2026-09-29,sale,"Luque, Central",,departamento,1,,24,land,1,37500,USD,37500,219862500,PYG,37581,9160938,1566,0.2,"cross-currency, at sale-date rate",0,116,0,remax,143096010-39,Central,Luque
2026-09-29,rent,"Ciudad del Este, Alto Paraná",,terreno,1,,,,,10000000,PYG,1709,5000000,PYG,855,,,-50,same currency,0,167,0,remax,143050060-315,Alto Paraná,Ciudad del Este
2026-09-29,sale,"Luque, Central",,departamento,1,,35,built,,12000,USD,12000,70356000,PYG,12026,2010171,344,0.2,"cross-currency, at sale-date rate",0,29,0,remax,143096010-52,Central,Luque
2026-09-29,sale,Asunción,Vista Alegre,terreno,1,,350,land,,670000000,PYG,114524,670000000,PYG,114524,1914286,327,0,same currency,0,183,0,remax,143063206-26,Asunción,
2026-09-29,rent,"Santa Rita, Alto Paraná",,casa,1,,150,built,5,4000000,PYG,684,4000000,PYG,684,26667,5,0,same currency,0,189,0,remax,143065021-175,Alto Paraná,
2026-09-29,rent,Asunción,Carmelitas,departamento,1,,39,built,1,850,USD,850,5006500,PYG,856,128372,22,0.7,"cross-currency, at sale-date rate",0,48,0,remax,143046003-278,Asunción,
2026-09-29,sale,"San Bernardino, Cordillera",,casa,1,,174,built,4,200000,USD,200000,1200000000,PYG,205118,6896552,1179,2.6,"cross-currency, at sale-date rate",0,77,0,remax,143063147-170,Cordillera,San Bernardino
2026-09-29,sale,Asunción,La Encarnación,departamento,1,,30,land,1,235000000,PYG,40169,235000000,PYG,40169,7833333,1339,0,same currency,0,221,0,remax,143037137-17,Asunción,
2026-09-29,rent,"Presidente Franco, Alto Paraná",,local,1,,,,,2800000,PYG,479,2800000,PYG,479,,,0,same currency,0,144,0,remax,143050177-19,Alto Paraná,
2026-09-28,sale,Asunción,Mburucuyá,departamento,1,,42,built,1,56000,USD,56000,311640000,PYG,53047,7386584,1257,-5.3,"cross-currency, at sale-date rate",0,4,0,remax,143063076-127,Asunción,
2026-09-28,rent,Asunción,Sajonia,departamento,1,,70,built,2,2700000,PYG,460,2500000,PYG,426,35714,6,-7.4,same currency,0,66,0,remax,143072016-209,Asunción,
2026-09-28,rent,Asunción,Pinoza,local,1,,86,built,,8235000,PYG,1402,6210000,PYG,1057,72378,12,-24.6,same currency,0,120,0,remax,143084038-97,Asunción,
2026-09-26,sale,"Ciudad del Este, Alto Paraná",,departamento,1,,32,land,2,45110,USD,45110,256392000,PYG,43643,8088076,1377,-3.3,"cross-currency, at sale-date rate",0,20,1,remax,143099027-81,Alto Paraná,Ciudad del Este
2026-09-26,rent,"Luque, Central",,departamento,1,,38,land,1,3600000,PYG,613,3600000,PYG,613,94737,16,0,same currency,0,1,0,remax,143056054-91,Central,Luque
2026-09-26,rent,"Villa Elisa, Central",,duplex,1,,142,built,2,4500000,PYG,766,4500000,PYG,766,31690,5,0,same currency,0,8,0,remax,143092028-93,Central,Villa Elisa
2026-09-26,sale,"Lambaré, Central",,terreno,1,,,,,550000000,PYG,93621,480000000,PYG,81706,,,-12.7,same currency,0,206,0,remax,143028062-25,Central,Lambaré
2026-09-26,rent,"Ñemby, Central",,casa,1,,200,built,3,3500000,PYG,596,2800000,PYG,477,14000,2,-20,same currency,0,38,0,remax,143072093-26,Central,Ñemby
2026-09-26,rent,"Ciudad del Este, Alto Paraná",,deposito,1,,150,built,,7000000,PYG,1192,7000000,PYG,1192,46667,8,0,same currency,0,22,0,remax,143050055-152,Alto Paraná,Ciudad del Este
2026-09-25,sale,"Ciudad del Este, Alto Paraná",,departamento,1,,32,built,1,54349,USD,54349,317454410,PYG,54037,10077918,1715,-0.6,"cross-currency, at sale-date rate",0,19,0,remax,143099027-83,Alto Paraná,Ciudad del Este
2026-09-25,rent,"Luque, Central",,local,1,,45,built,,4400000,PYG,749,4400000,PYG,749,97778,17,0,same currency,0,7,0,remax,143025091-137,Central,Luque
2026-09-25,sale,"Luque, Central",,departamento,1,,80,land,3,95000,USD,95000,555000000,PYG,94472,6937500,1181,-0.6,"cross-currency, at sale-date rate",0,718,0,remax,143036008-105,Central,Luque
2026-09-25,rent,"Encarnación, Itapúa",,oficina,1,,,,,1800000,PYG,306,1800000,PYG,306,,,0,same currency,0,127,0,remax,143032035-300,Itapúa,Encarnación
2026-09-25,sale,"Nueva Italia, Central",,terreno,1,,,,,836000000,PYG,142304,760000000,PYG,129367,,,-9.1,same currency,0,346,0,remax,143071055-304,Central,
2026-09-25,rent,Asunción,Barrio Jara,deposito,1,,,,,7500000,PYG,1277,8250000,PYG,1404,,,10,same currency,0,65,0,remax,143028095-5,Asunción,
2026-09-25,sale,Asunción,Las Lomas (Carmelitas),departamento,1,,47,land,1,130000,USD,130000,699720000,PYG,119106,14887660,2534,-8.4,"cross-currency, at sale-date rate",0,588,0,remax,143054045-73,Asunción,
2026-09-25,rent,"Ñemby, Central",,otro,1,,1080,built,,1200000,PYG,204,1200000,PYG,204,1111,0,0,same currency,0,248,0,remax,143021018-164,Central,Ñemby
2026-09-25,sale,"Itauguá, Central",,terreno,1,,,,,180000000,PYG,30640,170000000,PYG,28937,,,-5.6,same currency,0,395,0,remax,143094056-6,Central,Itauguá
2026-09-25,sale,Asunción,San Cristóbal,departamento,1,,58,land,1,115000,USD,115000,590000000,PYG,100430,10172414,1732,-12.7,"cross-currency, at sale-date rate",0,281,0,remax,143098020-80,Asunción,
2026-09-25,rent,"Ciudad del Este, Alto Paraná",,casa,1,,130,built,4,4000000,PYG,681,4000000,PYG,681,30769,5,0,same currency,0,30,0,remax,143050002-253,Alto Paraná,Ciudad del Este
2026-09-25,sale,"Ciudad del Este, Alto Paraná",,departamento,1,,420,land,1,50320,USD,50320,298000000,PYG,50726,709524,121,0.8,"cross-currency, at sale-date rate",0,,0,remax,143050067-141,Alto Paraná,Ciudad del Este
2026-09-25,rent,Asunción,Pettirossi,departamento,1,,39,land,1,3000000,PYG,511,3000000,PYG,511,76531,13,0,same currency,0,78,0,remax,143098126-519,Asunción,
2026-09-25,rent,"Hernandarias, Alto Paraná",,local,1,,140,built,,8000000,PYG,1362,8000000,PYG,1362,57143,10,0,same currency,0,44,0,remax,143099038-6,Alto Paraná,Hernandarias
2026-09-25,rent,Asunción,Ycuá Satí,departamento,1,,29,land,1,3900000,PYG,664,3800000,PYG,647,131034,22,-2.6,same currency,0,65,0,remax,143056032-510,Asunción,
2026-09-24,rent,Asunción,Recoleta,departamento,1,,44,land,1,800,USD,800,4800000,PYG,814,109091,19,1.8,"cross-currency, at sale-date rate",0,48,0,remax,143056032-513,Asunción,
2026-09-24,sale,Asunción,Las Mercedes,departamento,1,,49,land,1,97000,USD,97000,547400000,PYG,92867,11171429,1895,-4.3,"cross-currency, at sale-date rate",0,332,0,remax,143098009-669,Asunción,
2026-09-24,sale,"Luque, Central",,departamento,1,,42,built,1,46710,USD,46710,294740000,PYG,50003,7076591,1201,7.1,"cross-currency, at sale-date rate",0,178,0,remax,143054106-18,Central,Luque
2026-09-24,sale,"Villarrica, Guairá",,terreno,1,,20,built,,300000000,PYG,50896,300000000,PYG,50896,15000000,2545,0,same currency,0,276,0,remax,143095004-106,Guairá,
2026-09-24,sale,"Limpio, Central",,terreno,1,,402,land,,130000000,PYG,22055,115000000,PYG,19510,286070,49,-11.5,same currency,0,328,0,remax,143028003-194,Central,Limpio
2026-09-24,sale,"Capiatá, Central",,terreno,1,,315,land,,120000000,PYG,20358,105000000,PYG,17813,333333,57,-12.5,same currency,0,2,0,remax,143061066-48,Central,Capiatá
2026-09-24,rent,"Luque, Central",,casa,1,,300,built,4,10000000,PYG,1697,7500000,PYG,1272,25000,4,-25,same currency,0,70,0,remax,143036154-16,Central,Luque
2026-09-24,sale,"Ciudad del Este, Alto Paraná",,terreno,1,,,,,250000,USD,250000,1366200000,PYG,231778,,,-7.3,"cross-currency, at sale-date rate",0,1217,0,remax,143050065-19,Alto Paraná,Ciudad del Este
2026-09-24,sale,"Mariano Roque Alonso, Central",,deposito,1,,1020,built,,400000,USD,400000,370000,USD,370000,363,363,-7.5,same currency,0,399,0,remax,143098067-12,Central,Mariano Roque Alonso
2026-09-24,rent,Asunción,Herrera,departamento,1,,271,built,4,1800,USD,1800,1800,USD,1800,7,7,0,same currency,0,,0,remax,143063094-270,Asunción,
2026-09-24,sale,"San Lorenzo, Central",,terreno,1,,,,,218000000,PYG,36984,218000000,PYG,36984,,,0,same currency,0,183,0,remax,143100017-27,Central,San Lorenzo
2026-09-24,rent,"Cambyretá, Itapúa",,duplex,1,,200,land,3,6000000,PYG,1018,6000000,PYG,1018,30000,5,0,same currency,0,6,0,remax,143032066-67,Itapúa,
2026-09-24,rent,"Fernando de la Mora, Central",,departamento,1,,50,built,1,2000000,PYG,339,2000000,PYG,339,40000,7,0,same currency,0,128,0,remax,143072123-35,Central,Fernando de la Mora
2026-09-23,sale,"Luque, Central",,terreno,1,,408,land,,870000000,PYG,146804,800000000,PYG,134992,1960784,331,-8,same currency,0,83,0,remax,143071054-569,Central,Luque
2026-09-23,sale,Asunción,Dr. Francia,departamento,1,,50,land,2,82500,USD,82500,490875000,PYG,82830,9817500,1657,0.4,"cross-currency, at sale-date rate",0,19,0,remax,143098009-773,Asunción,
2026-09-23,rent,"Limpio, Central",,local,1,,40,built,,1500000,PYG,253,1500000,PYG,253,37500,6,0,same currency,0,34,0,remax,143109008-11,Central,Limpio
2026-09-23,sale,Asunción,Recoleta,departamento,1,,41,land,1,70000,USD,70000,420000000,PYG,70871,10370370,1750,1.2,"cross-currency, at sale-date rate",0,443,0,remax,143056031-721,Asunción,
2026-09-23,sale,Asunción,Catedral,departamento,1,,43,land,1,230000000,PYG,38810,230000000,PYG,38810,5348837,903,0,same currency,0,9,0,remax,143061072-58,Asunción,
2026-09-23,sale,"Fram, Itapúa",,local,1,,688,built,,350000000,PYG,59059,275000000,PYG,46404,399709,67,-21.4,same currency,0,161,0,remax,143085033-153,Itapúa,
2026-09-23,rent,Asunción,Catedral,oficina,1,,120,built,,4000000,PYG,675,5500000,PYG,928,45833,8,37.5,same currency,0,43,0,remax,143072016-212,Asunción,
2026-09-23,sale,Asunción,Herrera,departamento,1,,72,built,2,110000,USD,110000,607700000,PYG,102544,8440278,1424,-6.8,"cross-currency, at sale-date rate",0,156,0,remax,143046003-259,Asunción,
2026-09-23,sale,Asunción,Pettirossi,departamento,1,,39,land,1,50000,USD,50000,271400000,PYG,45796,6923469,1168,-8.4,"cross-currency, at sale-date rate",0,117,0,remax,143098126-515,Asunción,
2026-09-23,sale,"Ñemby, Central",,terreno,1,,,,,110000000,PYG,18561,110000000,PYG,18561,,,0,same currency,0,197,0,remax,143099035-1,Central,Ñemby
2026-09-23,sale,Asunción,Sajonia,departamento,1,,96,land,2,200000000,PYG,33748,180000000,PYG,30373,1875000,316,-10,same currency,0,119,0,remax,143025234-23,Asunción,
2026-09-23,rent,Asunción,Carmelitas,departamento,1,,66,built,1,1300,USD,1300,7400000,PYG,1249,112121,19,-3.9,"cross-currency, at sale-date rate",0,54,0,remax,143098011-346,Asunción,
2026-09-23,sale,"San Lorenzo, Central",,terreno,1,,398,land,,450000000,PYG,75933,400000000,PYG,67496,1006264,170,-11.1,same currency,0,231,0,remax,143021053-2,Central,San Lorenzo
2026-09-23,rent,"Fernando de la Mora, Central",,departamento,1,,47,built,2,1900000,PYG,321,1900000,PYG,321,40426,7,0,same currency,0,7,0,remax,143100046-21,Central,Fernando de la Mora
2026-09-22,rent,"Fernando de la Mora, Central",,local,1,,,,,2950000,PYG,498,2950000,PYG,498,,,0,same currency,0,203,0,remax,143072126-45,Central,Fernando de la Mora
2026-09-22,rent,"Ciudad del Este, Alto Paraná",,otro,1,,39,land,1,0,USD,0,4560000,USD,4560000,116923,116923,,,0,197,0,remax,143107014-10,Alto Paraná,Ciudad del Este
2026-09-22,sale,"San Lorenzo, Central",,terreno,1,,,,,400000000,PYG,67488,380000000,PYG,64114,,,-5,same currency,0,208,0,remax,143080233-1,Central,San Lorenzo
2026-09-22,sale,Asunción,Virgen de la Asunción,departamento,1,,102,land,,275309,USD,275309,1651854000,PYG,278702,16194647,2732,1.2,"cross-currency, at sale-date rate",0,,0,remax,143063147-196,Asunción,
2026-09-22,sale,Asunción,Mburucuyá,terreno,1,,,,,570000,USD,570000,2619000000,PYG,441880,,,-22.5,"cross-currency, at sale-date rate",0,42,0,remax,143098052-38,Asunción,
2026-09-22,sale,"Campo Aceval, Presidente Hayes",,rural,1,,669,land,,870000,USD,870000,4744000000,PYG,800411,7091181,1196,-8,"cross-currency, at sale-date rate",0,119,0,remax,143096010-35,Presidente Hayes,
2026-09-22,rent,Asunción,Los Laureles,departamento,1,,77,land,2,5000000,PYG,844,5000000,PYG,844,64935,11,0,same currency,0,1,0,remax,143037137-32,Asunción,
2026-09-22,sale,"Capitán Miranda, Itapúa",,terreno,1,,1550,land,,130000000,PYG,21934,130000000,PYG,21934,83871,14,0,same currency,0,85,0,remax,143011007-2234,Itapúa,Capitán Miranda
2026-09-22,rent,"Encarnación, Itapúa",,departamento,1,,80,land,3,1700000,PYG,287,1700000,PYG,287,21250,4,0,same currency,0,19,0,remax,143032035-312,Itapúa,Encarnación
2026-09-22,sale,"Luque, Central",,duplex,1,,180,land,3,550000000,PYG,92796,512000000,PYG,86385,2844444,480,-6.9,same currency,0,151,0,remax,143063226-15,Central,Luque
2026-09-22,rent,"Limpio, Central",,casa,1,,120,built,2,3200000,PYG,540,3200000,PYG,540,26667,4,0,same currency,0,57,0,remax,143025241-48,Central,Limpio
2026-09-22,sale,"Cambyretá, Itapúa",,terreno,1,,30,built,,75000000,PYG,12654,75000000,PYG,12654,2500000,422,0,same currency,0,120,0,remax,143011097-35,Itapúa,
2026-09-22,rent,"Luque, Central",,departamento,1,,60,built,2,3900000,PYG,658,3800000,PYG,641,63333,11,-2.6,same currency,0,12,0,remax,143063190-427,Central,Luque
2026-09-22,rent,"Ciudad del Este, Alto Paraná",,oficina,1,,120,built,,3000000,PYG,506,3000000,PYG,506,25000,4,0,same currency,0,7,0,remax,143050055-163,Alto Paraná,Ciudad del Este
2026-09-22,rent,"Luque, Central",,casa,1,,336,built,4,4000000,PYG,675,4000000,PYG,675,11905,2,0,same currency,0,,0,remax,143061080-86,Central,Luque
2026-09-22,sale,Asunción,Ciudad Nueva,departamento,1,,99,built,2,310000000,PYG,52303,288000000,PYG,48592,2920892,493,-7.1,same currency,0,375,0,remax,143036021-142,Asunción,
2026-09-21,rent,"San Lorenzo, Central",,casa,1,,300,built,5,6000000,PYG,1008,5000000,PYG,840,16667,3,-16.7,same currency,0,467,0,remax,143080105-106,Central,San Lorenzo
2026-09-21,rent,Asunción,Las Mercedes,departamento,1,,45,built,1,4100000,PYG,689,3700000,PYG,622,82222,14,-9.8,same currency,0,82,0,remax,143097001-130,Asunción,
2026-09-21,sale,"Ciudad del Este, Alto Paraná",,departamento,1,,28,built,1,58893,USD,58893,341918438,PYG,57462,12211373,2052,-2.4,"cross-currency, at sale-date rate",0,72,0,remax,143099027-65,Alto Paraná,Ciudad del Este
2026-09-21,sale,Asunción,Mburicaó,departamento,1,,314,land,2,132821,USD,132821,132821,USD,132821,422,422,0,same currency,0,,0,remax,143063102-378,Asunción,
2026-09-21,sale,"Lambaré, Central",,terreno,1,,615,land,,450000000,PYG,75626,430000000,PYG,72265,699187,118,-4.4,same currency,0,150,0,remax,143036136-29,Central,Lambaré
2026-09-21,sale,"Lambaré, Central",,terreno,1,,360,land,,280000000,PYG,47056,280000000,PYG,47056,777778,131,0,same currency,0,150,0,remax,143036136-28,Central,Lambaré
2026-09-21,rent,"Encarnación, Itapúa",,departamento,1,,1,land,2,1200,USD,1200,7137600,PYG,1200,7137600,1200,0,"cross-currency, at sale-date rate",0,48,0,remax,143011007-2256,Itapúa,Encarnación
2026-09-21,rent,"Encarnación, Itapúa",,casa,1,,1,built,4,3500000,PYG,588,3500000,PYG,588,3500000,588,0,same currency,0,21,0,remax,143011007-2268,Itapúa,Encarnación
2026-09-21,rent,"Cambyretá, Itapúa",,casa,1,,1,built,2,6000000,PYG,1008,6000000,PYG,1008,6000000,1008,0,same currency,0,17,0,remax,143011007-2272,Itapúa,
2026-09-21,rent,"San Lorenzo, Central",,departamento,1,,196,land,3,2500000,PYG,420,2200000,PYG,370,11224,2,-12,same currency,0,88,0,remax,114006077-37,Central,San Lorenzo
2026-09-21,rent,"Cambyretá, Itapúa",,departamento,2,departamento,1,land,1,1600000,PYG,269,1600000,PYG,269,1600000,269,0,same currency,0,17,0,remax,143011007-2271,Itapúa,
2026-09-21,rent,"Encarnación, Itapúa",,departamento,1,,1,land,3,2700000,PYG,454,2700000,PYG,454,2700000,454,0,same currency,0,41,0,remax,143011007-2263,Itapúa,Encarnación
2026-09-21,rent,"San Lorenzo, Central",,local,1,,,,,7500000,PYG,1260,7500000,PYG,1260,,,0,same currency,0,66,0,remax,143063198-10,Central,San Lorenzo
2026-09-21,sale,"Ciudad del Este, Alto Paraná",,terreno,1,,,,,200000000,PYG,33612,200000000,PYG,33612,,,0,same currency,0,215,0,remax,143050055-137,Alto Paraná,Ciudad del Este
2026-09-20,rent,"Cambyretá, Itapúa",,casa,1,,68,built,2,3500000,PYG,588,3500000,PYG,588,51471,9,0,same currency,0,4,0,remax,143085019-590,Itapúa,
2026-09-19,rent,"San Lorenzo, Central",,departamento,1,,360,land,1,1700000,PYG,286,1700000,PYG,286,4722,1,0,same currency,0,5,0,remax,143080105-127,Central,San Lorenzo
2026-09-19,sale,"Limpio, Central",,casa,1,,132,built,2,380000000,PYG,63848,370000000,PYG,62168,2803030,471,-2.6,same currency,0,38,0,remax,143036160-15,Central,Limpio
2026-09-19,rent,"Itá, Central",,otro,1,,,,7,10000000,PYG,1680,13500000,PYG,2268,,,35,same currency,0,189,0,remax,143036160-3,Central,Itá
2026-09-19,rent,Asunción,Santa Librada,casa,1,,210,built,4,5500000,PYG,924,4500000,PYG,756,21429,4,-18.2,same currency,0,47,0,remax,143026188-104,Asunción,
2026-09-18,sale,Asunción,Las Lomas (Carmelitas),departamento,1,,27000,land,1,122346,USD,122346,1220346,USD,1220346,45,45,897.5,same currency,1,,0,remax,143046083-14,Asunción,
2026-09-18,sale,Asunción,Obrero,terreno,1,,130,built,2,73000,USD,73000,460000000,PYG,77290,3538462,595,5.9,"cross-currency, at sale-date rate",0,206,0,remax,143063104-176,Asunción,
2026-09-18,rent,Asunción,Villa Aurelia,departamento,1,,90,land,2,3600000,PYG,605,3600000,PYG,605,40000,7,0,same currency,0,16,0,remax,143054116-68,Asunción,
2026-09-18,rent,Asunción,Herrera,departamento,1,,130,land,2,5500000,PYG,924,4850000,PYG,815,37308,6,-11.8,same currency,0,113,0,remax,143094057-20,Asunción,
2026-09-18,sale,"Limpio, Central",,terreno,1,,1800,land,,550000000,PYG,92412,530000000,PYG,89052,294387,49,-3.6,same currency,0,4,0,remax,143025157-33,Central,Limpio
2026-09-18,rent,Asunción,Ycuá Satí,departamento,1,,40,built,,4600000,PYG,773,4200000,PYG,706,105000,18,-8.7,same currency,0,233,0,remax,143094007-99,Asunción,
2026-09-18,sale,"Mariano Roque Alonso, Central",,terreno,1,,,,,960000000,PYG,161301,785000000,PYG,131897,,,-18.2,same currency,0,434,0,remax,143061075-30,Central,Mariano Roque Alonso
2026-09-18,rent,Asunción,San Roque,casa,1,,390,built,3,3000000,PYG,504,3000000,PYG,504,7692,1,0,same currency,0,116,0,remax,143001140-144,Asunción,
2026-09-18,sale,"Ciudad del Este, Alto Paraná",,terreno,1,,,,,250000000,PYG,42005,220000000,PYG,36965,,,-12,same currency,0,157,0,remax,143050132-35,Alto Paraná,Ciudad del Este
2026-09-18,sale,"Limpio, Central",,casa,1,,72,built,3,230000000,PYG,38645,220000000,PYG,36965,3055556,513,-4.3,same currency,0,605,0,remax,143072083-10,Central,Limpio
2026-09-18,rent,Asunción,Obrero,departamento,1,,40,built,1,2700000,PYG,454,2700000,PYG,454,67500,11,0,same currency,0,18,0,remax,143036096-70,Asunción,
2026-09-18,rent,Asunción,Las Lomas (Carmelitas),departamento,1,,46,land,2,5800000,PYG,975,5800000,PYG,975,126087,21,0,same currency,0,1,0,remax,143036045-255,Asunción,
2026-09-18,sale,"Lambaré, Central",,terreno,1,,383,land,,475000000,PYG,79810,400000000,PYG,67209,1044386,175,-15.8,same currency,0,290,0,remax,143026171-46,Central,Lambaré
2026-09-18,rent,Asunción,Las Lomas (Carmelitas),departamento,1,,46,land,2,5600000,PYG,941,5600000,PYG,941,121739,20,0,same currency,0,130,0,remax,143036045-243,Asunción,
2026-09-18,rent,"Luque, Central",,local,1,,44,built,,4480000,PYG,753,4000000,PYG,672,90703,15,-10.7,same currency,0,38,0,remax,143084038-104,Central,Luque
2026-09-18,sale,Asunción,Ycuá Satí,casa,2,"casa, terreno",630,built,6,560000,USD,560000,495000,USD,495000,786,786,-11.6,same currency,0,617,0,remax,143094053-3,Asunción,
2026-09-18,sale,"Fernando de la Mora, Central",,departamento,1,,80,built,2,65000,USD,65000,380550000,PYG,63941,4756875,799,-1.6,"cross-currency, at sale-date rate",0,100,0,remax,143063091-111,Central,Fernando de la Mora
2026-09-18,sale,Asunción,La Encarnación,local,1,,,,,29000,USD,29000,172550000,PYG,28992,,,0,"cross-currency, at sale-date rate",0,215,0,remax,143036045-234,Asunción,
2026-09-18,sale,"Ciudad del Este, Alto Paraná",,departamento,1,,47,built,1,83903,USD,83903,599114040,PYG,100664,12747107,2142,20,"cross-currency, at sale-date rate",0,52,0,remax,143050056-218,Alto Paraná,Ciudad del Este
2026-09-17,sale,"Capiatá, Central",,casa,1,,144,built,2,290000000,PYG,48917,280000000,PYG,47230,1944444,328,-3.4,same currency,0,426,0,remax,143025184-29,Central,Capiatá
2026-09-17,rent,"Encarnación, Itapúa",,casa,1,,150,built,3,1200,USD,1200,2362500,PYG,399,15750,3,-66.8,"cross-currency, at sale-date rate",1,9,0,remax,143032072-105,Itapúa,Encarnación
2026-09-17,sale,"Ciudad del Este, Alto Paraná",,terreno,1,,360,land,,145000000,PYG,24458,133000000,PYG,22434,369444,62,-8.3,same currency,0,414,0,remax,143050187-1,Alto Paraná,Ciudad del Este
2026-09-17,rent,Asunción,Ytay,departamento,1,,65,land,2,6000000,PYG,1012,6000000,PYG,1012,92308,16,0,same currency,0,14,0,remax,114006036-25,Asunción,
2026-09-17,sale,"Luque, Central",,terreno,1,,360,land,,125000000,PYG,21085,125000000,PYG,21085,347222,59,0,same currency,0,386,0,remax,143096013-22,Central,Luque
2026-09-17,rent,"Hernandarias, Alto Paraná",,casa,1,,110,built,2,3000000,PYG,506,3000000,PYG,506,27273,5,0,same currency,0,,0,remax,143050150-58,Alto Paraná,Hernandarias
2026-09-17,sale,Asunción,Mburucuyá,terreno,1,,660,land,,380000,USD,380000,2045850000,PYG,345090,3099773,523,-9.2,"cross-currency, at sale-date rate",0,48,0,remax,143098054-79,Asunción,
2026-09-17,sale,"Luque, Central",,terreno,1,,389,land,,1000000000,PYG,168678,960000000,PYG,161931,2469136,416,-4,same currency,0,51,0,remax,143084041-63,Central,Luque
2026-09-17,rent,"Lambaré, Central",,deposito,1,,,,,12000000,PYG,2024,12000000,PYG,2024,,,0,same currency,0,20,0,remax,143026204-32,Central,Lambaré
2026-09-16,sale,"Luque, Central",,terreno,1,,,,,650000000,PYG,109884,650000000,PYG,109884,,,0,same currency,0,162,1,remax,143098133-759,Central,Luque
2026-09-16,rent,"Luque, Central",,departamento,1,,65,built,2,3800000,PYG,642,3540000,PYG,598,54462,9,-6.8,same currency,0,37,0,remax,143046090-1,Central,Luque
2026-09-16,sale,Asunción,Las Mercedes,departamento,1,,84,land,2,780550000,PYG,131954,780000000,PYG,131861,9308987,1574,-0.1,same currency,0,321,0,remax,143101004-4,Asunción,
2026-09-16,rent,Asunción,Pinoza,casa,1,,200,built,4,3500000,PYG,592,3500000,PYG,592,17500,3,0,same currency,0,15,0,remax,143028058-20,Asunción,
2026-09-16,rent,Asunción,Recoleta,oficina,1,,,,,3460,USD,3460,3410,USD,3410,,,-1.4,same currency,0,75,0,remax,143046008-40,Asunción,
2026-09-16,rent,"Limpio, Central",,deposito,1,,360,built,,8000000,PYG,1352,7500000,PYG,1268,20833,4,-6.3,same currency,0,186,0,remax,143025149-251,Central,Limpio
2026-09-16,sale,"Fernando de la Mora, Central",,departamento,1,,31,land,1,220000000,PYG,37192,215000000,PYG,36346,6978254,1180,-2.3,same currency,0,134,0,remax,143037130-18,Central,Fernando de la Mora
2026-09-16,rent,Asunción,Mariscal Estigarribia,casa,1,,270,built,4,8300000,PYG,1403,8000000,PYG,1352,29630,5,-3.6,same currency,0,89,0,remax,143100035-39,Asunción,
2026-09-16,sale,"Filadelfia, Boquerón",,terreno,1,,,,,115000000,PYG,19441,110500000,PYG,18680,,,-3.9,same currency,0,168,0,remax,143016023-278,Boquerón,
2026-09-16,rent,Asunción,Los Laureles,departamento,1,,450,land,2,5000000,PYG,845,5000000,PYG,845,11111,2,0,same currency,0,69,0,remax,143092075-21,Asunción,
2026-09-16,rent,Asunción,Loma Pytá,departamento,1,,30,land,1,2700000,PYG,456,2500000,PYG,423,83333,14,-7.4,same currency,0,76,0,remax,143072083-42,Asunción,
2026-09-16,sale,"Lambaré, Central",,casa,1,,174,built,4,990000000,PYG,167362,850000000,PYG,143695,4885057,826,-14.1,same currency,0,45,0,remax,143026188-103,Central,Lambaré
2026-09-16,sale,Asunción,San Vicente,casa,1,,186,built,3,765000000,PYG,129325,750000000,PYG,126789,4032258,682,-2,same currency,0,99,0,remax,143026188-97,Asunción,
2026-09-16,rent,"Ciudad del Este, Alto Paraná",,casa,1,,80,built,2,3500000,PYG,592,3000000,PYG,507,37500,6,-14.3,same currency,0,1,0,remax,143050128-67,Alto Paraná,Ciudad del Este
2026-09-16,sale,"Ciudad del Este, Alto Paraná",,terreno,1,,,,,358500000,PYG,60605,358500000,PYG,60605,,,0,same currency,0,159,0,remax,143048005-312,Alto Paraná,Ciudad del Este
2026-09-15,sale,"Fernando de la Mora, Central",,casa,1,,70,built,2,390000000,PYG,65913,390000000,PYG,65913,5571429,942,0,same currency,0,155,1,remax,143098133-745,Central,Fernando de la Mora
2026-09-15,rent,"Ciudad del Este, Alto Paraná",,departamento,1,,80,built,2,1270,USD,1270,7500000,PYG,1268,93750,16,-0.2,"cross-currency, at sale-date rate",0,,0,remax,143107014-37,Alto Paraná,Ciudad del Este
2026-09-15,rent,"Ciudad del Este, Alto Paraná",,departamento,1,,88,built,2,1150,USD,1150,7500000,PYG,1268,85227,14,10.2,"cross-currency, at sale-date rate",0,76,0,remax,143107014-27,Alto Paraná,Ciudad del Este
2026-09-15,sale,Asunción,Las Lomas (Carmelitas),otro,1,,18,land,1,23000,USD,23000,136459000,PYG,23062,7581056,1281,0.3,"cross-currency, at sale-date rate",0,,0,remax,143098122-226,Asunción,
2026-09-15,rent,"Luque, Central",,casa,1,,183,built,3,5000000,PYG,845,5000000,PYG,845,27322,5,0,same currency,0,1,0,remax,143025091-136,Central,Luque
2026-09-15,sale,"Fernando de la Mora, Central",,casa,1,,420,built,4,320000,USD,320000,1680000000,PYG,283931,4000000,676,-11.3,"cross-currency, at sale-date rate",0,53,0,remax,143019092-20,Central,Fernando de la Mora
2026-09-15,sale,Asunción,Mburucuyá,departamento,1,,33,land,1,86500,USD,86500,512080000,PYG,86545,15470695,2615,0.1,"cross-currency, at sale-date rate",0,34,0,remax,143098011-348,Asunción,
2026-09-15,rent,Asunción,Carmelitas,departamento,1,,48,built,1,1000,USD,1000,6000000,PYG,1014,125000,21,1.4,"cross-currency, at sale-date rate",0,46,0,remax,143098011-345,Asunción,
2026-09-15,sale,"Mariano Roque Alonso, Central",,terreno,1,,,,,265000000,PYG,44787,265000000,PYG,44787,,,0,same currency,0,19,0,remax,143020119-29,Central,Mariano Roque Alonso
2026-09-15,sale,"Ciudad del Este, Alto Paraná",,duplex,1,,130,built,2,145000,USD,145000,8600000000,PYG,1453455,66317088,11208,902.4,"cross-currency, at sale-date rate",1,762,0,remax,143050081-95,Alto Paraná,Ciudad del Este
2026-09-15,rent,"Lambaré, Central",,duplex,1,,89,land,3,2800000,PYG,473,2800000,PYG,473,31380,5,0,same currency,0,8,0,remax,143061015-155,Central,Lambaré
2026-09-15,sale,Asunción,Catedral,casa,1,,113,built,3,400000000,PYG,67603,385000000,PYG,65067,3407080,576,-3.8,same currency,0,13,0,remax,143068074-53,Asunción,
2026-09-15,rent,Asunción,Recoleta,departamento,1,,49,land,1,3750000,PYG,634,3750000,PYG,634,76531,13,0,same currency,0,,0,remax,143096014-69,Asunción,
2026-09-15,sale,"Mariano Roque Alonso, Central",,terreno,1,,360,land,,380000000,PYG,64222,310000000,PYG,52392,861111,146,-18.4,same currency,0,176,0,remax,143072093-15,Central,Mariano Roque Alonso
2026-09-15,rent,"Encarnación, Itapúa",,departamento,1,,50,built,1,660,USD,660,3933600,PYG,665,78672,13,0.7,"cross-currency, at sale-date rate",0,42,0,remax,143032061-160,Itapúa,Encarnación
2026-09-15,rent,"Mariano Roque Alonso, Central",,departamento,1,,360,land,3,7000000,PYG,1183,7000000,PYG,1183,19444,3,0,same currency,0,39,0,remax,143025149-274,Central,Mariano Roque Alonso
2026-09-15,sale,Asunción,Villa Morra,departamento,1,,360,land,1,62800,USD,62800,373845000,PYG,63182,1038458,176,0.6,"cross-currency, at sale-date rate",0,49,0,remax,143056070-19,Asunción,
2026-09-15,rent,"Luque, Central",,duplex,1,,100,built,3,5000000,PYG,845,5000000,PYG,845,50000,8,0,same currency,0,,0,remax,143092053-41,Central,Luque
2026-09-15,rent,"Mariano Roque Alonso, Central",,departamento,1,,18,land,1,3000000,PYG,507,2950000,PYG,499,167614,28,-1.7,same currency,0,11,0,remax,143068046-73,Central,Mariano Roque Alonso
2026-09-14,sale,Asunción,Las Lomas (Carmelitas),departamento,1,,28,built,,68200,USD,68200,405790000,PYG,68171,14492500,2435,0,"cross-currency, at sale-date rate",0,46,0,remax,143098031-94,Asunción,
2026-09-14,sale,"San Bernardino, Cordillera",,terreno,1,,,,,375000000,PYG,62998,350000000,PYG,58799,,,-6.7,same currency,0,146,0,remax,143025235-7,Cordillera,San Bernardino
2026-09-14,rent,"Limpio, Central",,departamento,1,,75,land,2,1500000,PYG,252,1500000,PYG,252,20000,3,0,same currency,0,25,0,remax,143109008-10,Central,Limpio
2026-09-14,sale,"Luque, Central",,departamento,1,,91,built,2,147942,USD,147942,887652000,PYG,149122,9754418,1639,0.8,"cross-currency, at sale-date rate",0,,0,remax,143063147-189,Central,Luque
2026-09-14,sale,"Ciudad del Este, Alto Paraná",,terreno,1,,400,land,,0,USD,0,1582050000,USD,1582050000,3955125,3955125,,,0,28,0,remax,143050177-26,Alto Paraná,Ciudad del Este
2026-09-14,rent,Asunción,Herrera,duplex,1,,168,land,3,7500000,PYG,1260,7500000,PYG,1260,44643,7,0,same currency,0,,0,remax,143063068-107,Asunción,
2026-09-14,rent,Asunción,Villa Morra,departamento,1,,57,land,2,3800000,PYG,638,3800000,PYG,638,66667,11,0,same currency,0,,0,remax,143054116-70,Asunción,
2026-09-14,sale,"San Bernardino, Cordillera",,terreno,1,,,,,200000000,PYG,33599,195000000,PYG,32759,,,-2.5,same currency,0,34,0,remax,143098058-66,Cordillera,San Bernardino
2026-09-14,sale,"Encarnación, Itapúa",,departamento,1,,41,built,1,79000,USD,79000,472341000,PYG,79351,11662741,1959,0.4,"cross-currency, at sale-date rate",0,192,0,remax,143011091-63,Itapúa,Encarnación
2026-09-14,sale,"Ciudad del Este, Alto Paraná",,terreno,1,,,,,200000,USD,200000,1071000000,PYG,179923,,,-10,"cross-currency, at sale-date rate",0,314,0,remax,143099027-24,Alto Paraná,Ciudad del Este
2026-09-14,rent,"Cambyretá, Itapúa",,duplex,1,,126,land,2,690,USD,690,4125510,PYG,693,32742,6,0.4,"cross-currency, at sale-date rate",0,49,0,remax,143011091-75,Itapúa,
2026-09-14,rent,"Filadelfia, Boquerón",,deposito,1,,252,built,,3500000,PYG,588,3500000,PYG,588,13889,2,0,same currency,0,14,0,remax,143016034-29,Boquerón,
2026-09-14,sale,"Filadelfia, Boquerón",,terreno,1,,,,,367000000,PYG,61654,315000000,PYG,52919,,,-14.2,same currency,0,130,0,remax,143016030-45,Boquerón,
2026-09-13,sale,"Fernando de la Mora, Central",,casa,1,,150,built,2,750000000,PYG,124695,700000000,PYG,116382,4666667,776,-6.7,same currency,0,35,0,remax,143063225-22,Central,Fernando de la Mora
2026-09-13,sale,Asunción,Dr. Francia,departamento,1,,30,land,1,46700,USD,46700,276464000,PYG,45965,9215467,1532,-1.6,"cross-currency, at sale-date rate",0,11,0,remax,143098009-765,Asunción,
2026-09-12,rent,"Encarnación, Itapúa",,casa,1,,70,built,2,3500000,PYG,582,3500000,PYG,582,50000,8,0,same currency,0,5,0,remax,143032078-7,Itapúa,Encarnación
2026-09-12,rent,"Luque, Central",,departamento,1,,28,land,1,2250000,PYG,374,2250000,PYG,374,80357,13,0,same currency,0,37,0,remax,143056031-804,Central,Luque
2026-09-11,sale,"Hernandarias, Alto Paraná",,terreno,1,,,,,120000000,PYG,19951,120000000,PYG,19951,,,0,same currency,0,,0,remax,143099004-78,Alto Paraná,Hernandarias
2026-09-11,sale,"Ciudad del Este, Alto Paraná",,departamento,2,departamento,42,built,1,91294,USD,91294,533776113,PYG,88746,12862075,2138,-2.8,"cross-currency, at sale-date rate",0,5,0,remax,143099027-77,Alto Paraná,Ciudad del Este
2026-09-11,rent,Asunción,Villa Morra,departamento,1,,72,built,2,5000000,PYG,831,5000000,PYG,831,69444,12,0,same currency,0,16,0,remax,143038004-269,Asunción,
2026-09-11,sale,Asunción,Santa María,terreno,1,,,,,550000000,PYG,91443,500000000,PYG,83130,,,-9.1,same currency,0,322,0,remax,143098070-14,Asunción,
2026-09-11,rent,Asunción,Las Lomas (Carmelitas),oficina,1,,225,built,,14500000,PYG,2411,14500000,PYG,2411,64444,11,0,same currency,0,,0,remax,143098122-220,Asunción,
2026-09-11,rent,"Capiatá, Central",,casa,1,,120,built,2,1500000,PYG,249,1500000,PYG,249,12500,2,0,same currency,0,,0,remax,143072073-153,Central,Capiatá
2026-09-11,sale,Asunción,Ycuá Satí,departamento,1,,43,built,1,86000,USD,86000,512295000,PYG,85174,11913837,1981,-1,"cross-currency, at sale-date rate",0,138,0,remax,143061061-148,Asunción,
2026-09-11,rent,"Fernando de la Mora, Central",,departamento,1,,57,land,1,3500000,PYG,582,3500000,PYG,582,61404,10,0,same currency,0,3,0,remax,143046081-6,Central,Fernando de la Mora
2026-09-11,sale,"Luque, Central",,departamento,1,,38,land,1,65000,USD,65000,381000000,PYG,63345,10026316,1667,-2.5,"cross-currency, at sale-date rate",0,136,0,remax,143063147-157,Central,Luque
2026-09-11,rent,Asunción,San Cristóbal,casa,1,,82,built,1,3300000,PYG,549,3300000,PYG,549,40244,7,0,same currency,0,13,0,remax,143026176-92,Asunción,
2026-09-11,rent,Asunción,San Vicente,casa,1,,40,built,1,1650000,PYG,274,1650000,PYG,274,41250,7,0,same currency,0,,0,remax,143025175-36,Asunción,
2026-09-11,sale,"Pedro Juan Caballero, Amambay",,terreno,1,,275,built,6,350000,USD,350000,1680562800,PYG,279411,6111137,1016,-20.2,"cross-currency, at sale-date rate",0,547,0,remax,143096015-45,Amambay,
2026-09-11,rent,Asunción,San Roque,otro,1,,,,,2300000,PYG,382,2300000,PYG,382,,,0,same currency,0,10,0,remax,143068074-51,Asunción,
2026-09-11,rent,"Santa Rita, Alto Paraná",,casa,1,,103,built,1,3100000,PYG,515,3100000,PYG,515,30097,5,0,same currency,0,1,0,remax,143065021-210,Alto Paraná,
2026-09-11,rent,"Ciudad del Este, Alto Paraná",,local,1,,,,,4500000,PYG,748,4500000,PYG,748,,,0,same currency,0,56,0,remax,143050177-25,Alto Paraná,Ciudad del Este
2026-09-11,rent,Asunción,Salvador del Mundo,oficina,1,,,,,1800,USD,1800,12054000,PYG,2004,,,11.3,"cross-currency, at sale-date rate",0,14,0,remax,143063049-52,Asunción,
2026-09-11,rent,"San Lorenzo, Central",,duplex,1,,170,built,3,5500000,PYG,914,5500000,PYG,914,32353,5,0,same currency,0,,0,remax,143063075-66,Central,San Lorenzo
2026-09-11,sale,Asunción,Las Mercedes,departamento,1,,67,built,1,115000,PYG,19,602700000,PYG,100205,8995522,1496,523987,same currency,1,,0,remax,143096002-112,Asunción,
2026-09-10,sale,"Luque, Central",,terreno,1,,220,land,,150000000,PYG,25330,150000000,PYG,25330,681818,115,0,same currency,0,246,0,remax,143028003-209,Central,Luque
2026-09-10,rent,"Encarnación, Itapúa",,terreno,1,,720,land,,1100000,PYG,186,1100000,PYG,186,1528,0,0,same currency,0,232,0,remax,143085019-543,Itapúa,Encarnación
2026-09-10,rent,Asunción,Loma Pytá,departamento,1,,60,built,2,0,PYG,0,660000,PYG,111,11000,2,,,0,,0,remax,143061056-161,Asunción,
2026-09-10,rent,Asunción,San Cristóbal,casa,1,,120,built,2,4400000,PYG,743,4000000,PYG,675,33333,6,-9.1,same currency,0,32,0,remax,143026176-89,Asunción,
2026-09-10,rent,"Itauguá, Central",,casa,1,,120,built,2,3430000,PYG,579,3430000,PYG,579,28583,5,0,same currency,0,54,0,remax,143025091-134,Central,Itauguá
2026-09-10,rent,Asunción,Los Laureles,departamento,1,,131,built,2,8000000,PYG,1351,8000000,PYG,1351,61069,10,0,same currency,0,35,0,remax,143094028-58,Asunción,
2026-09-10,sale,"Hernandarias, Alto Paraná",,casa,1,,120,built,2,420000000,PYG,70924,390000000,PYG,65858,3250000,549,-7.1,same currency,0,337,0,remax,143050081-124,Alto Paraná,Hernandarias
2026-09-10,sale,"Santa Rita, Alto Paraná",,terreno,1,,365,land,,26000,USD,26000,152100000,PYG,25685,416712,70,-1.2,"cross-currency, at sale-date rate",0,316,0,remax,143065026-196,Alto Paraná,
2026-09-10,rent,Asunción,San Pablo,casa,1,,120,built,5,5500000,PYG,929,5500000,PYG,929,45833,8,0,same currency,0,43,0,remax,143098067-38,Asunción,
2026-09-10,rent,Asunción,San Roque,departamento,1,,220,built,2,3000000,PYG,507,3000000,PYG,507,13636,2,0,same currency,0,12,0,remax,143094057-27,Asunción,
2026-09-10,sale,"Ypacaraí, Central",,terreno,1,,13,built,,200000000,PYG,33773,200000000,PYG,33773,15384615,2598,0,same currency,0,332,0,remax,143063199-36,Central,Ypacaraí
2026-09-10,rent,Asunción,San Cristóbal,otro,1,,453,built,,15000000,PYG,2533,13000000,PYG,2195,28698,5,-13.3,same currency,0,44,0,remax,143061072-50,Asunción,
2026-09-10,rent,Asunción,Ciudad Nueva,casa,1,,115,built,3,6000000,PYG,1013,6000000,PYG,1013,52174,9,0,same currency,0,36,0,remax,143037152-4,Asunción,
2026-09-10,rent,"Ciudad del Este, Alto Paraná",,oficina,1,,14,built,,2250000,PYG,380,2250000,PYG,380,160714,27,0,same currency,0,413,0,remax,143050002-223,Alto Paraná,Ciudad del Este
2026-09-10,sale,"Minga Guazú, Alto Paraná",,terreno,1,,5000,land,,225000000,PYG,37995,225000000,PYG,37995,45000,8,0,same currency,0,562,0,remax,143050095-30,Alto Paraná,Minga Guazú
2026-09-10,sale,"Filadelfia, Boquerón",,terreno,1,,435,land,,85000000,PYG,14354,83000000,PYG,14016,190752,32,-2.4,same currency,0,28,0,remax,143016044-12,Boquerón,
2026-09-10,rent,"San Lorenzo, Central",,otro,1,,28,built,1,0,PYG,0,1600000,PYG,270,57143,10,,,0,1,0,remax,143063267-26,Central,San Lorenzo
2026-09-10,sale,"Ciudad del Este, Alto Paraná",,terreno,1,,,,,106000,USD,106000,592800000,PYG,100104,,,-5.6,"cross-currency, at sale-date rate",0,175,0,remax,143099004-65,Alto Paraná,Ciudad del Este
