market_id,market,operation,week_start,closes_priced
py,Paraguay,sale,2025-08-25,43
py,Paraguay,sale,2025-09-01,28
py,Paraguay,sale,2025-09-08,32
py,Paraguay,sale,2025-09-15,38
py,Paraguay,sale,2025-09-22,46
py,Paraguay,sale,2025-09-29,36
py,Paraguay,sale,2025-10-06,41
py,Paraguay,sale,2025-10-13,33
py,Paraguay,sale,2025-10-20,49
py,Paraguay,sale,2025-10-27,55
py,Paraguay,sale,2025-11-03,29
py,Paraguay,sale,2025-11-10,42
py,Paraguay,sale,2025-11-17,38
py,Paraguay,sale,2025-11-24,47
py,Paraguay,sale,2025-12-01,44
py,Paraguay,sale,2025-12-08,33
py,Paraguay,sale,2025-12-15,47
py,Paraguay,sale,2025-12-22,31
py,Paraguay,sale,2025-12-29,24
py,Paraguay,sale,2026-01-05,42
py,Paraguay,sale,2026-01-12,35
py,Paraguay,sale,2026-01-19,32
py,Paraguay,sale,2026-01-26,37
py,Paraguay,sale,2026-02-02,32
py,Paraguay,sale,2026-02-09,25
py,Paraguay,sale,2026-02-16,42
py,Paraguay,sale,2026-02-23,38
py,Paraguay,sale,2026-03-02,33
py,Paraguay,sale,2026-03-09,43
py,Paraguay,sale,2026-03-16,37
py,Paraguay,sale,2026-03-23,42
py,Paraguay,sale,2026-03-30,23
py,Paraguay,sale,2026-04-06,47
py,Paraguay,sale,2026-04-13,35
py,Paraguay,sale,2026-04-20,35
py,Paraguay,sale,2026-04-27,35
py,Paraguay,sale,2026-05-04,43
py,Paraguay,sale,2026-05-11,26
py,Paraguay,sale,2026-05-18,47
py,Paraguay,sale,2026-05-25,43
py,Paraguay,sale,2026-06-01,46
py,Paraguay,sale,2026-06-08,32
py,Paraguay,sale,2026-06-15,33
py,Paraguay,sale,2026-06-22,39
py,Paraguay,sale,2026-06-29,39
py,Paraguay,sale,2026-07-06,35
py,Paraguay,sale,2026-07-13,44
py,Paraguay,sale,2026-07-20,32
py,Paraguay,sale,2026-07-27,28
py,Paraguay,sale,2026-08-03,34
py,Paraguay,sale,2026-08-10,32
py,Paraguay,sale,2026-08-17,36
py,Paraguay,sale,2026-08-24,36
py,Paraguay,sale,2026-08-31,32
py,Paraguay,sale,2026-09-07,28
py,Paraguay,sale,2026-09-14,33
py,Paraguay,sale,2026-09-21,11
py,Paraguay,rent,2025-08-25,45
py,Paraguay,rent,2025-09-01,35
py,Paraguay,rent,2025-09-08,46
py,Paraguay,rent,2025-09-15,25
py,Paraguay,rent,2025-09-22,61
py,Paraguay,rent,2025-09-29,48
py,Paraguay,rent,2025-10-06,37
py,Paraguay,rent,2025-10-13,21
py,Paraguay,rent,2025-10-20,39
py,Paraguay,rent,2025-10-27,64
py,Paraguay,rent,2025-11-03,34
py,Paraguay,rent,2025-11-10,36
py,Paraguay,rent,2025-11-17,45
py,Paraguay,rent,2025-11-24,47
py,Paraguay,rent,2025-12-01,41
py,Paraguay,rent,2025-12-08,43
py,Paraguay,rent,2025-12-15,38
py,Paraguay,rent,2025-12-22,29
py,Paraguay,rent,2025-12-29,41
py,Paraguay,rent,2026-01-05,42
py,Paraguay,rent,2026-01-12,36
py,Paraguay,rent,2026-01-19,44
py,Paraguay,rent,2026-01-26,72
py,Paraguay,rent,2026-02-02,43
py,Paraguay,rent,2026-02-09,32
py,Paraguay,rent,2026-02-16,37
py,Paraguay,rent,2026-02-23,62
py,Paraguay,rent,2026-03-02,49
py,Paraguay,rent,2026-03-09,46
py,Paraguay,rent,2026-03-16,46
py,Paraguay,rent,2026-03-23,49
py,Paraguay,rent,2026-03-30,30
py,Paraguay,rent,2026-04-06,41
py,Paraguay,rent,2026-04-13,40
py,Paraguay,rent,2026-04-20,38
py,Paraguay,rent,2026-04-27,47
py,Paraguay,rent,2026-05-04,35
py,Paraguay,rent,2026-05-11,30
py,Paraguay,rent,2026-05-18,42
py,Paraguay,rent,2026-05-25,56
py,Paraguay,rent,2026-06-01,46
py,Paraguay,rent,2026-06-08,38
py,Paraguay,rent,2026-06-15,36
py,Paraguay,rent,2026-06-22,46
py,Paraguay,rent,2026-06-29,60
py,Paraguay,rent,2026-07-06,39
py,Paraguay,rent,2026-07-13,52
py,Paraguay,rent,2026-07-20,27
py,Paraguay,rent,2026-07-27,52
py,Paraguay,rent,2026-08-03,37
py,Paraguay,rent,2026-08-10,31
py,Paraguay,rent,2026-08-17,19
py,Paraguay,rent,2026-08-24,35
py,Paraguay,rent,2026-08-31,46
py,Paraguay,rent,2026-09-07,36
py,Paraguay,rent,2026-09-14,29
py,Paraguay,rent,2026-09-21,13
d:asuncion,Asunción,sale,2025-08-25,11
d:asuncion,Asunción,sale,2025-09-01,13
d:asuncion,Asunción,sale,2025-09-08,11
d:asuncion,Asunción,sale,2025-09-15,17
d:asuncion,Asunción,sale,2025-09-22,13
d:asuncion,Asunción,sale,2025-09-29,16
d:asuncion,Asunción,sale,2025-10-06,15
d:asuncion,Asunción,sale,2025-10-13,13
d:asuncion,Asunción,sale,2025-10-20,11
d:asuncion,Asunción,sale,2025-10-27,17
d:asuncion,Asunción,sale,2025-11-03,15
d:asuncion,Asunción,sale,2025-11-10,10
d:asuncion,Asunción,sale,2025-11-17,12
d:asuncion,Asunción,sale,2025-11-24,14
d:asuncion,Asunción,sale,2025-12-01,9
d:asuncion,Asunción,sale,2025-12-08,11
d:asuncion,Asunción,sale,2025-12-15,17
d:asuncion,Asunción,sale,2025-12-22,9
d:asuncion,Asunción,sale,2025-12-29,6
d:asuncion,Asunción,sale,2026-01-05,12
d:asuncion,Asunción,sale,2026-01-12,10
d:asuncion,Asunción,sale,2026-01-19,11
d:asuncion,Asunción,sale,2026-01-26,8
d:asuncion,Asunción,sale,2026-02-02,9
d:asuncion,Asunción,sale,2026-02-09,6
d:asuncion,Asunción,sale,2026-02-16,12
d:asuncion,Asunción,sale,2026-02-23,11
d:asuncion,Asunción,sale,2026-03-02,7
d:asuncion,Asunción,sale,2026-03-09,17
d:asuncion,Asunción,sale,2026-03-16,10
d:asuncion,Asunción,sale,2026-03-23,17
d:asuncion,Asunción,sale,2026-03-30,11
d:asuncion,Asunción,sale,2026-04-06,19
d:asuncion,Asunción,sale,2026-04-13,17
d:asuncion,Asunción,sale,2026-04-20,10
d:asuncion,Asunción,sale,2026-04-27,10
d:asuncion,Asunción,sale,2026-05-04,14
d:asuncion,Asunción,sale,2026-05-11,10
d:asuncion,Asunción,sale,2026-05-18,20
d:asuncion,Asunción,sale,2026-05-25,17
d:asuncion,Asunción,sale,2026-06-01,16
d:asuncion,Asunción,sale,2026-06-08,14
d:asuncion,Asunción,sale,2026-06-15,12
d:asuncion,Asunción,sale,2026-06-22,9
d:asuncion,Asunción,sale,2026-06-29,13
d:asuncion,Asunción,sale,2026-07-06,12
d:asuncion,Asunción,sale,2026-07-13,13
d:asuncion,Asunción,sale,2026-07-20,7
d:asuncion,Asunción,sale,2026-07-27,7
d:asuncion,Asunción,sale,2026-08-03,5
d:asuncion,Asunción,sale,2026-08-10,12
d:asuncion,Asunción,sale,2026-08-17,10
d:asuncion,Asunción,sale,2026-08-24,12
d:asuncion,Asunción,sale,2026-08-31,12
d:asuncion,Asunción,sale,2026-09-07,4
d:asuncion,Asunción,sale,2026-09-14,8
d:asuncion,Asunción,sale,2026-09-21,3
d:asuncion,Asunción,rent,2025-08-25,20
d:asuncion,Asunción,rent,2025-09-01,18
d:asuncion,Asunción,rent,2025-09-08,16
d:asuncion,Asunción,rent,2025-09-15,7
d:asuncion,Asunción,rent,2025-09-22,30
d:asuncion,Asunción,rent,2025-09-29,20
d:asuncion,Asunción,rent,2025-10-06,17
d:asuncion,Asunción,rent,2025-10-13,8
d:asuncion,Asunción,rent,2025-10-20,19
d:asuncion,Asunción,rent,2025-10-27,30
d:asuncion,Asunción,rent,2025-11-03,18
d:asuncion,Asunción,rent,2025-11-10,15
d:asuncion,Asunción,rent,2025-11-17,24
d:asuncion,Asunción,rent,2025-11-24,17
d:asuncion,Asunción,rent,2025-12-01,15
d:asuncion,Asunción,rent,2025-12-08,19
d:asuncion,Asunción,rent,2025-12-15,19
d:asuncion,Asunción,rent,2025-12-22,9
d:asuncion,Asunción,rent,2025-12-29,19
d:asuncion,Asunción,rent,2026-01-05,17
d:asuncion,Asunción,rent,2026-01-12,20
d:asuncion,Asunción,rent,2026-01-19,24
d:asuncion,Asunción,rent,2026-01-26,24
d:asuncion,Asunción,rent,2026-02-02,11
d:asuncion,Asunción,rent,2026-02-09,13
d:asuncion,Asunción,rent,2026-02-16,14
d:asuncion,Asunción,rent,2026-02-23,24
d:asuncion,Asunción,rent,2026-03-02,16
d:asuncion,Asunción,rent,2026-03-09,19
d:asuncion,Asunción,rent,2026-03-16,23
d:asuncion,Asunción,rent,2026-03-23,21
d:asuncion,Asunción,rent,2026-03-30,12
d:asuncion,Asunción,rent,2026-04-06,13
d:asuncion,Asunción,rent,2026-04-13,17
d:asuncion,Asunción,rent,2026-04-20,12
d:asuncion,Asunción,rent,2026-04-27,15
d:asuncion,Asunción,rent,2026-05-04,10
d:asuncion,Asunción,rent,2026-05-11,12
d:asuncion,Asunción,rent,2026-05-18,15
d:asuncion,Asunción,rent,2026-05-25,21
d:asuncion,Asunción,rent,2026-06-01,21
d:asuncion,Asunción,rent,2026-06-08,16
d:asuncion,Asunción,rent,2026-06-15,13
d:asuncion,Asunción,rent,2026-06-22,15
d:asuncion,Asunción,rent,2026-06-29,19
d:asuncion,Asunción,rent,2026-07-06,17
d:asuncion,Asunción,rent,2026-07-13,23
d:asuncion,Asunción,rent,2026-07-20,8
d:asuncion,Asunción,rent,2026-07-27,23
d:asuncion,Asunción,rent,2026-08-03,10
d:asuncion,Asunción,rent,2026-08-10,14
d:asuncion,Asunción,rent,2026-08-17,7
d:asuncion,Asunción,rent,2026-08-24,10
d:asuncion,Asunción,rent,2026-08-31,17
d:asuncion,Asunción,rent,2026-09-07,16
d:asuncion,Asunción,rent,2026-09-14,14
d:asuncion,Asunción,rent,2026-09-21,1
d:central,Central,sale,2025-08-25,20
d:central,Central,sale,2025-09-01,7
d:central,Central,sale,2025-09-08,9
d:central,Central,sale,2025-09-15,12
d:central,Central,sale,2025-09-22,15
d:central,Central,sale,2025-09-29,13
d:central,Central,sale,2025-10-06,21
d:central,Central,sale,2025-10-13,10
d:central,Central,sale,2025-10-20,23
d:central,Central,sale,2025-10-27,25
d:central,Central,sale,2025-11-03,10
d:central,Central,sale,2025-11-10,13
d:central,Central,sale,2025-11-17,14
d:central,Central,sale,2025-11-24,20
d:central,Central,sale,2025-12-01,20
d:central,Central,sale,2025-12-08,11
d:central,Central,sale,2025-12-15,18
d:central,Central,sale,2025-12-22,13
d:central,Central,sale,2025-12-29,9
d:central,Central,sale,2026-01-05,18
d:central,Central,sale,2026-01-12,12
d:central,Central,sale,2026-01-19,12
d:central,Central,sale,2026-01-26,15
d:central,Central,sale,2026-02-02,8
d:central,Central,sale,2026-02-09,8
d:central,Central,sale,2026-02-16,18
d:central,Central,sale,2026-02-23,14
d:central,Central,sale,2026-03-02,18
d:central,Central,sale,2026-03-09,14
d:central,Central,sale,2026-03-16,13
d:central,Central,sale,2026-03-23,14
d:central,Central,sale,2026-03-30,7
d:central,Central,sale,2026-04-06,17
d:central,Central,sale,2026-04-13,11
d:central,Central,sale,2026-04-20,17
d:central,Central,sale,2026-04-27,18
d:central,Central,sale,2026-05-04,16
d:central,Central,sale,2026-05-11,9
d:central,Central,sale,2026-05-18,15
d:central,Central,sale,2026-05-25,14
d:central,Central,sale,2026-06-01,16
d:central,Central,sale,2026-06-08,13
d:central,Central,sale,2026-06-15,10
d:central,Central,sale,2026-06-22,21
d:central,Central,sale,2026-06-29,14
d:central,Central,sale,2026-07-06,10
d:central,Central,sale,2026-07-13,12
d:central,Central,sale,2026-07-20,10
d:central,Central,sale,2026-07-27,16
d:central,Central,sale,2026-08-03,15
d:central,Central,sale,2026-08-10,12
d:central,Central,sale,2026-08-17,16
d:central,Central,sale,2026-08-24,11
d:central,Central,sale,2026-08-31,9
d:central,Central,sale,2026-09-07,10
d:central,Central,sale,2026-09-14,14
d:central,Central,sale,2026-09-21,4
d:central,Central,rent,2025-08-25,19
d:central,Central,rent,2025-09-01,11
d:central,Central,rent,2025-09-08,18
d:central,Central,rent,2025-09-15,7
d:central,Central,rent,2025-09-22,22
d:central,Central,rent,2025-09-29,21
d:central,Central,rent,2025-10-06,11
d:central,Central,rent,2025-10-13,9
d:central,Central,rent,2025-10-20,13
d:central,Central,rent,2025-10-27,23
d:central,Central,rent,2025-11-03,10
d:central,Central,rent,2025-11-10,12
d:central,Central,rent,2025-11-17,13
d:central,Central,rent,2025-11-24,20
d:central,Central,rent,2025-12-01,15
d:central,Central,rent,2025-12-08,12
d:central,Central,rent,2025-12-15,11
d:central,Central,rent,2025-12-22,13
d:central,Central,rent,2025-12-29,14
d:central,Central,rent,2026-01-05,17
d:central,Central,rent,2026-01-12,8
d:central,Central,rent,2026-01-19,12
d:central,Central,rent,2026-01-26,29
d:central,Central,rent,2026-02-02,12
d:central,Central,rent,2026-02-09,15
d:central,Central,rent,2026-02-16,9
d:central,Central,rent,2026-02-23,24
d:central,Central,rent,2026-03-02,23
d:central,Central,rent,2026-03-09,17
d:central,Central,rent,2026-03-16,10
d:central,Central,rent,2026-03-23,18
d:central,Central,rent,2026-03-30,12
d:central,Central,rent,2026-04-06,14
d:central,Central,rent,2026-04-13,12
d:central,Central,rent,2026-04-20,16
d:central,Central,rent,2026-04-27,18
d:central,Central,rent,2026-05-04,18
d:central,Central,rent,2026-05-11,12
d:central,Central,rent,2026-05-18,16
d:central,Central,rent,2026-05-25,19
d:central,Central,rent,2026-06-01,19
d:central,Central,rent,2026-06-08,17
d:central,Central,rent,2026-06-15,12
d:central,Central,rent,2026-06-22,17
d:central,Central,rent,2026-06-29,23
d:central,Central,rent,2026-07-06,10
d:central,Central,rent,2026-07-13,16
d:central,Central,rent,2026-07-20,10
d:central,Central,rent,2026-07-27,18
d:central,Central,rent,2026-08-03,16
d:central,Central,rent,2026-08-10,9
d:central,Central,rent,2026-08-17,7
d:central,Central,rent,2026-08-24,14
d:central,Central,rent,2026-08-31,15
d:central,Central,rent,2026-09-07,13
d:central,Central,rent,2026-09-14,10
d:central,Central,rent,2026-09-21,6
c:central:luque,Luque,sale,2025-08-25,8
c:central:luque,Luque,sale,2025-09-01,3
c:central:luque,Luque,sale,2025-09-08,3
c:central:luque,Luque,sale,2025-09-15,2
c:central:luque,Luque,sale,2025-09-22,2
c:central:luque,Luque,sale,2025-09-29,3
c:central:luque,Luque,sale,2025-10-06,2
c:central:luque,Luque,sale,2025-10-13,2
c:central:luque,Luque,sale,2025-10-20,11
c:central:luque,Luque,sale,2025-10-27,10
c:central:luque,Luque,sale,2025-11-03,3
c:central:luque,Luque,sale,2025-11-10,2
c:central:luque,Luque,sale,2025-11-17,6
c:central:luque,Luque,sale,2025-11-24,7
c:central:luque,Luque,sale,2025-12-01,4
c:central:luque,Luque,sale,2025-12-08,5
c:central:luque,Luque,sale,2025-12-15,2
c:central:luque,Luque,sale,2025-12-22,4
c:central:luque,Luque,sale,2025-12-29,3
c:central:luque,Luque,sale,2026-01-05,5
c:central:luque,Luque,sale,2026-01-12,2
c:central:luque,Luque,sale,2026-01-19,3
c:central:luque,Luque,sale,2026-01-26,3
c:central:luque,Luque,sale,2026-02-02,2
c:central:luque,Luque,sale,2026-02-09,1
c:central:luque,Luque,sale,2026-02-16,3
c:central:luque,Luque,sale,2026-02-23,2
c:central:luque,Luque,sale,2026-03-02,2
c:central:luque,Luque,sale,2026-03-09,6
c:central:luque,Luque,sale,2026-03-16,4
c:central:luque,Luque,sale,2026-03-23,3
c:central:luque,Luque,sale,2026-03-30,2
c:central:luque,Luque,sale,2026-04-06,4
c:central:luque,Luque,sale,2026-04-13,4
c:central:luque,Luque,sale,2026-04-20,7
c:central:luque,Luque,sale,2026-04-27,7
c:central:luque,Luque,sale,2026-05-04,2
c:central:luque,Luque,sale,2026-05-11,4
c:central:luque,Luque,sale,2026-05-18,2
c:central:luque,Luque,sale,2026-05-25,2
c:central:luque,Luque,sale,2026-06-01,3
c:central:luque,Luque,sale,2026-06-08,6
c:central:luque,Luque,sale,2026-06-15,3
c:central:luque,Luque,sale,2026-06-22,5
c:central:luque,Luque,sale,2026-06-29,5
c:central:luque,Luque,sale,2026-07-06,3
c:central:luque,Luque,sale,2026-07-20,4
c:central:luque,Luque,sale,2026-07-27,3
c:central:luque,Luque,sale,2026-08-03,3
c:central:luque,Luque,sale,2026-08-10,2
c:central:luque,Luque,sale,2026-08-17,4
c:central:luque,Luque,sale,2026-08-24,1
c:central:luque,Luque,sale,2026-08-31,2
c:central:luque,Luque,sale,2026-09-07,3
c:central:luque,Luque,sale,2026-09-14,3
c:central:luque,Luque,sale,2026-09-21,1
c:central:luque,Luque,rent,2025-08-25,4
c:central:luque,Luque,rent,2025-09-01,1
c:central:luque,Luque,rent,2025-09-08,4
c:central:luque,Luque,rent,2025-09-22,13
c:central:luque,Luque,rent,2025-09-29,7
c:central:luque,Luque,rent,2025-10-06,2
c:central:luque,Luque,rent,2025-10-13,3
c:central:luque,Luque,rent,2025-10-20,6
c:central:luque,Luque,rent,2025-10-27,5
c:central:luque,Luque,rent,2025-11-10,1
c:central:luque,Luque,rent,2025-11-17,3
c:central:luque,Luque,rent,2025-11-24,4
c:central:luque,Luque,rent,2025-12-01,6
c:central:luque,Luque,rent,2025-12-08,2
c:central:luque,Luque,rent,2025-12-15,2
c:central:luque,Luque,rent,2025-12-22,2
c:central:luque,Luque,rent,2025-12-29,1
c:central:luque,Luque,rent,2026-01-12,4
c:central:luque,Luque,rent,2026-01-19,2
c:central:luque,Luque,rent,2026-01-26,4
c:central:luque,Luque,rent,2026-02-02,4
c:central:luque,Luque,rent,2026-02-09,4
c:central:luque,Luque,rent,2026-02-16,4
c:central:luque,Luque,rent,2026-02-23,5
c:central:luque,Luque,rent,2026-03-02,3
c:central:luque,Luque,rent,2026-03-09,3
c:central:luque,Luque,rent,2026-03-16,2
c:central:luque,Luque,rent,2026-03-23,4
c:central:luque,Luque,rent,2026-03-30,4
c:central:luque,Luque,rent,2026-04-06,3
c:central:luque,Luque,rent,2026-04-13,4
c:central:luque,Luque,rent,2026-04-20,4
c:central:luque,Luque,rent,2026-04-27,3
c:central:luque,Luque,rent,2026-05-04,5
c:central:luque,Luque,rent,2026-05-11,3
c:central:luque,Luque,rent,2026-05-18,4
c:central:luque,Luque,rent,2026-05-25,4
c:central:luque,Luque,rent,2026-06-01,2
c:central:luque,Luque,rent,2026-06-08,4
c:central:luque,Luque,rent,2026-06-15,1
c:central:luque,Luque,rent,2026-06-22,4
c:central:luque,Luque,rent,2026-06-29,8
c:central:luque,Luque,rent,2026-07-06,2
c:central:luque,Luque,rent,2026-07-13,4
c:central:luque,Luque,rent,2026-07-20,2
c:central:luque,Luque,rent,2026-07-27,5
c:central:luque,Luque,rent,2026-08-03,3
c:central:luque,Luque,rent,2026-08-10,1
c:central:luque,Luque,rent,2026-08-17,3
c:central:luque,Luque,rent,2026-08-24,5
c:central:luque,Luque,rent,2026-08-31,1
c:central:luque,Luque,rent,2026-09-07,2
c:central:luque,Luque,rent,2026-09-14,3
c:central:luque,Luque,rent,2026-09-21,2
c:central:san-lorenzo,San Lorenzo,sale,2025-09-01,1
c:central:san-lorenzo,San Lorenzo,sale,2025-09-08,1
c:central:san-lorenzo,San Lorenzo,sale,2025-09-22,2
c:central:san-lorenzo,San Lorenzo,sale,2025-09-29,2
c:central:san-lorenzo,San Lorenzo,sale,2025-10-13,3
c:central:san-lorenzo,San Lorenzo,sale,2025-10-20,5
c:central:san-lorenzo,San Lorenzo,sale,2025-10-27,1
c:central:san-lorenzo,San Lorenzo,sale,2025-11-10,3
c:central:san-lorenzo,San Lorenzo,sale,2025-11-24,2
c:central:san-lorenzo,San Lorenzo,sale,2025-12-22,3
c:central:san-lorenzo,San Lorenzo,sale,2026-01-05,5
c:central:san-lorenzo,San Lorenzo,sale,2026-01-19,2
c:central:san-lorenzo,San Lorenzo,sale,2026-01-26,1
c:central:san-lorenzo,San Lorenzo,sale,2026-02-09,3
c:central:san-lorenzo,San Lorenzo,sale,2026-02-16,3
c:central:san-lorenzo,San Lorenzo,sale,2026-02-23,3
c:central:san-lorenzo,San Lorenzo,sale,2026-03-02,5
c:central:san-lorenzo,San Lorenzo,sale,2026-03-09,2
c:central:san-lorenzo,San Lorenzo,sale,2026-03-16,5
c:central:san-lorenzo,San Lorenzo,sale,2026-03-23,5
c:central:san-lorenzo,San Lorenzo,sale,2026-03-30,1
c:central:san-lorenzo,San Lorenzo,sale,2026-04-06,2
c:central:san-lorenzo,San Lorenzo,sale,2026-04-20,1
c:central:san-lorenzo,San Lorenzo,sale,2026-04-27,3
c:central:san-lorenzo,San Lorenzo,sale,2026-05-04,2
c:central:san-lorenzo,San Lorenzo,sale,2026-05-11,3
c:central:san-lorenzo,San Lorenzo,sale,2026-05-18,2
c:central:san-lorenzo,San Lorenzo,sale,2026-06-01,3
c:central:san-lorenzo,San Lorenzo,sale,2026-06-08,2
c:central:san-lorenzo,San Lorenzo,sale,2026-06-15,2
c:central:san-lorenzo,San Lorenzo,sale,2026-06-22,2
c:central:san-lorenzo,San Lorenzo,sale,2026-06-29,1
c:central:san-lorenzo,San Lorenzo,sale,2026-07-06,1
c:central:san-lorenzo,San Lorenzo,sale,2026-07-13,7
c:central:san-lorenzo,San Lorenzo,sale,2026-07-20,1
c:central:san-lorenzo,San Lorenzo,sale,2026-07-27,1
c:central:san-lorenzo,San Lorenzo,sale,2026-08-03,2
c:central:san-lorenzo,San Lorenzo,sale,2026-08-10,2
c:central:san-lorenzo,San Lorenzo,sale,2026-08-17,3
c:central:san-lorenzo,San Lorenzo,sale,2026-08-24,2
c:central:san-lorenzo,San Lorenzo,sale,2026-09-21,1
c:central:san-lorenzo,San Lorenzo,rent,2025-08-25,4
c:central:san-lorenzo,San Lorenzo,rent,2025-09-01,3
c:central:san-lorenzo,San Lorenzo,rent,2025-09-08,2
c:central:san-lorenzo,San Lorenzo,rent,2025-09-22,1
c:central:san-lorenzo,San Lorenzo,rent,2025-09-29,3
c:central:san-lorenzo,San Lorenzo,rent,2025-10-06,3
c:central:san-lorenzo,San Lorenzo,rent,2025-10-13,2
c:central:san-lorenzo,San Lorenzo,rent,2025-10-20,2
c:central:san-lorenzo,San Lorenzo,rent,2025-10-27,4
c:central:san-lorenzo,San Lorenzo,rent,2025-11-03,1
c:central:san-lorenzo,San Lorenzo,rent,2025-11-10,2
c:central:san-lorenzo,San Lorenzo,rent,2025-11-17,3
c:central:san-lorenzo,San Lorenzo,rent,2025-11-24,5
c:central:san-lorenzo,San Lorenzo,rent,2025-12-01,2
c:central:san-lorenzo,San Lorenzo,rent,2025-12-08,2
c:central:san-lorenzo,San Lorenzo,rent,2025-12-15,2
c:central:san-lorenzo,San Lorenzo,rent,2025-12-22,4
c:central:san-lorenzo,San Lorenzo,rent,2025-12-29,2
c:central:san-lorenzo,San Lorenzo,rent,2026-01-05,2
c:central:san-lorenzo,San Lorenzo,rent,2026-01-12,2
c:central:san-lorenzo,San Lorenzo,rent,2026-01-19,4
c:central:san-lorenzo,San Lorenzo,rent,2026-01-26,6
c:central:san-lorenzo,San Lorenzo,rent,2026-02-02,2
c:central:san-lorenzo,San Lorenzo,rent,2026-02-09,4
c:central:san-lorenzo,San Lorenzo,rent,2026-02-16,1
c:central:san-lorenzo,San Lorenzo,rent,2026-02-23,3
c:central:san-lorenzo,San Lorenzo,rent,2026-03-02,3
c:central:san-lorenzo,San Lorenzo,rent,2026-03-09,3
c:central:san-lorenzo,San Lorenzo,rent,2026-03-16,1
c:central:san-lorenzo,San Lorenzo,rent,2026-03-23,2
c:central:san-lorenzo,San Lorenzo,rent,2026-03-30,2
c:central:san-lorenzo,San Lorenzo,rent,2026-04-06,3
c:central:san-lorenzo,San Lorenzo,rent,2026-04-13,1
c:central:san-lorenzo,San Lorenzo,rent,2026-04-20,2
c:central:san-lorenzo,San Lorenzo,rent,2026-04-27,5
c:central:san-lorenzo,San Lorenzo,rent,2026-05-04,1
c:central:san-lorenzo,San Lorenzo,rent,2026-05-11,4
c:central:san-lorenzo,San Lorenzo,rent,2026-05-18,1
c:central:san-lorenzo,San Lorenzo,rent,2026-05-25,4
c:central:san-lorenzo,San Lorenzo,rent,2026-06-01,6
c:central:san-lorenzo,San Lorenzo,rent,2026-06-08,4
c:central:san-lorenzo,San Lorenzo,rent,2026-06-22,1
c:central:san-lorenzo,San Lorenzo,rent,2026-06-29,2
c:central:san-lorenzo,San Lorenzo,rent,2026-07-06,2
c:central:san-lorenzo,San Lorenzo,rent,2026-07-13,1
c:central:san-lorenzo,San Lorenzo,rent,2026-07-20,2
c:central:san-lorenzo,San Lorenzo,rent,2026-07-27,3
c:central:san-lorenzo,San Lorenzo,rent,2026-08-03,2
c:central:san-lorenzo,San Lorenzo,rent,2026-08-10,3
c:central:san-lorenzo,San Lorenzo,rent,2026-08-17,1
c:central:san-lorenzo,San Lorenzo,rent,2026-08-24,1
c:central:san-lorenzo,San Lorenzo,rent,2026-08-31,3
c:central:san-lorenzo,San Lorenzo,rent,2026-09-07,1
c:central:san-lorenzo,San Lorenzo,rent,2026-09-21,2
c:central:lambare,Lambaré,sale,2025-08-25,3
c:central:lambare,Lambaré,sale,2025-09-22,4
c:central:lambare,Lambaré,sale,2025-09-29,2
c:central:lambare,Lambaré,sale,2025-10-06,4
c:central:lambare,Lambaré,sale,2025-10-13,1
c:central:lambare,Lambaré,sale,2025-10-20,3
c:central:lambare,Lambaré,sale,2025-10-27,1
c:central:lambare,Lambaré,sale,2025-11-03,3
c:central:lambare,Lambaré,sale,2025-11-10,3
c:central:lambare,Lambaré,sale,2025-11-17,2
c:central:lambare,Lambaré,sale,2025-11-24,3
c:central:lambare,Lambaré,sale,2025-12-01,4
c:central:lambare,Lambaré,sale,2025-12-08,2
c:central:lambare,Lambaré,sale,2025-12-15,4
c:central:lambare,Lambaré,sale,2025-12-29,1
c:central:lambare,Lambaré,sale,2026-01-05,4
c:central:lambare,Lambaré,sale,2026-01-19,1
c:central:lambare,Lambaré,sale,2026-01-26,1
c:central:lambare,Lambaré,sale,2026-02-09,1
c:central:lambare,Lambaré,sale,2026-02-23,1
c:central:lambare,Lambaré,sale,2026-03-09,2
c:central:lambare,Lambaré,sale,2026-03-23,3
c:central:lambare,Lambaré,sale,2026-04-06,4
c:central:lambare,Lambaré,sale,2026-04-13,1
c:central:lambare,Lambaré,sale,2026-04-27,3
c:central:lambare,Lambaré,sale,2026-05-11,1
c:central:lambare,Lambaré,sale,2026-05-18,3
c:central:lambare,Lambaré,sale,2026-05-25,1
c:central:lambare,Lambaré,sale,2026-06-01,2
c:central:lambare,Lambaré,sale,2026-06-08,2
c:central:lambare,Lambaré,sale,2026-06-15,1
c:central:lambare,Lambaré,sale,2026-06-22,1
c:central:lambare,Lambaré,sale,2026-06-29,2
c:central:lambare,Lambaré,sale,2026-07-27,2
c:central:lambare,Lambaré,sale,2026-08-03,3
c:central:lambare,Lambaré,sale,2026-08-10,2
c:central:lambare,Lambaré,sale,2026-08-17,2
c:central:lambare,Lambaré,sale,2026-08-24,3
c:central:lambare,Lambaré,sale,2026-08-31,1
c:central:lambare,Lambaré,sale,2026-09-07,2
c:central:lambare,Lambaré,sale,2026-09-14,2
c:central:lambare,Lambaré,sale,2026-09-21,2
c:central:lambare,Lambaré,rent,2025-08-25,3
c:central:lambare,Lambaré,rent,2025-09-01,1
c:central:lambare,Lambaré,rent,2025-09-08,2
c:central:lambare,Lambaré,rent,2025-09-15,1
c:central:lambare,Lambaré,rent,2025-09-22,5
c:central:lambare,Lambaré,rent,2025-09-29,1
c:central:lambare,Lambaré,rent,2025-10-06,1
c:central:lambare,Lambaré,rent,2025-10-13,1
c:central:lambare,Lambaré,rent,2025-10-20,1
c:central:lambare,Lambaré,rent,2025-10-27,6
c:central:lambare,Lambaré,rent,2025-11-03,3
c:central:lambare,Lambaré,rent,2025-11-10,1
c:central:lambare,Lambaré,rent,2025-11-17,1
c:central:lambare,Lambaré,rent,2025-11-24,1
c:central:lambare,Lambaré,rent,2025-12-01,2
c:central:lambare,Lambaré,rent,2025-12-08,2
c:central:lambare,Lambaré,rent,2025-12-15,2
c:central:lambare,Lambaré,rent,2025-12-22,2
c:central:lambare,Lambaré,rent,2025-12-29,3
c:central:lambare,Lambaré,rent,2026-01-05,3
c:central:lambare,Lambaré,rent,2026-01-12,1
c:central:lambare,Lambaré,rent,2026-01-19,2
c:central:lambare,Lambaré,rent,2026-01-26,9
c:central:lambare,Lambaré,rent,2026-02-09,1
c:central:lambare,Lambaré,rent,2026-02-16,1
c:central:lambare,Lambaré,rent,2026-02-23,3
c:central:lambare,Lambaré,rent,2026-03-02,2
c:central:lambare,Lambaré,rent,2026-03-09,3
c:central:lambare,Lambaré,rent,2026-03-16,1
c:central:lambare,Lambaré,rent,2026-03-23,2
c:central:lambare,Lambaré,rent,2026-03-30,1
c:central:lambare,Lambaré,rent,2026-04-06,1
c:central:lambare,Lambaré,rent,2026-04-13,1
c:central:lambare,Lambaré,rent,2026-04-20,3
c:central:lambare,Lambaré,rent,2026-04-27,4
c:central:lambare,Lambaré,rent,2026-05-18,1
c:central:lambare,Lambaré,rent,2026-05-25,4
c:central:lambare,Lambaré,rent,2026-06-01,4
c:central:lambare,Lambaré,rent,2026-06-08,2
c:central:lambare,Lambaré,rent,2026-06-15,4
c:central:lambare,Lambaré,rent,2026-06-22,4
c:central:lambare,Lambaré,rent,2026-06-29,3
c:central:lambare,Lambaré,rent,2026-07-06,2
c:central:lambare,Lambaré,rent,2026-07-13,6
c:central:lambare,Lambaré,rent,2026-07-20,2
c:central:lambare,Lambaré,rent,2026-07-27,2
c:central:lambare,Lambaré,rent,2026-08-03,2
c:central:lambare,Lambaré,rent,2026-08-10,1
c:central:lambare,Lambaré,rent,2026-08-24,2
c:central:lambare,Lambaré,rent,2026-08-31,3
c:central:lambare,Lambaré,rent,2026-09-14,2
c:central:capiata,Capiatá,sale,2025-09-08,1
c:central:capiata,Capiatá,sale,2025-09-15,2
c:central:capiata,Capiatá,sale,2025-09-22,2
c:central:capiata,Capiatá,sale,2025-09-29,1
c:central:capiata,Capiatá,sale,2025-10-06,3
c:central:capiata,Capiatá,sale,2025-10-20,1
c:central:capiata,Capiatá,sale,2025-11-10,1
c:central:capiata,Capiatá,sale,2025-11-17,1
c:central:capiata,Capiatá,sale,2025-11-24,4
c:central:capiata,Capiatá,sale,2025-12-01,1
c:central:capiata,Capiatá,sale,2025-12-08,1
c:central:capiata,Capiatá,sale,2025-12-22,1
c:central:capiata,Capiatá,sale,2026-01-12,1
c:central:capiata,Capiatá,sale,2026-01-26,2
c:central:capiata,Capiatá,sale,2026-02-02,1
c:central:capiata,Capiatá,sale,2026-02-16,1
c:central:capiata,Capiatá,sale,2026-03-02,1
c:central:capiata,Capiatá,sale,2026-04-06,1
c:central:capiata,Capiatá,sale,2026-04-13,1
c:central:capiata,Capiatá,sale,2026-04-20,1
c:central:capiata,Capiatá,sale,2026-04-27,1
c:central:capiata,Capiatá,sale,2026-05-18,2
c:central:capiata,Capiatá,sale,2026-05-25,5
c:central:capiata,Capiatá,sale,2026-06-15,1
c:central:capiata,Capiatá,sale,2026-06-22,4
c:central:capiata,Capiatá,sale,2026-06-29,1
c:central:capiata,Capiatá,sale,2026-07-06,1
c:central:capiata,Capiatá,sale,2026-07-27,2
c:central:capiata,Capiatá,sale,2026-08-03,1
c:central:capiata,Capiatá,sale,2026-08-10,1
c:central:capiata,Capiatá,sale,2026-08-17,1
c:central:capiata,Capiatá,sale,2026-09-07,1
c:central:capiata,Capiatá,rent,2025-08-25,1
c:central:capiata,Capiatá,rent,2025-09-29,1
c:central:capiata,Capiatá,rent,2025-10-06,2
c:central:capiata,Capiatá,rent,2025-10-13,1
c:central:capiata,Capiatá,rent,2025-10-27,1
c:central:capiata,Capiatá,rent,2025-11-10,1
c:central:capiata,Capiatá,rent,2025-12-08,2
c:central:capiata,Capiatá,rent,2025-12-15,2
c:central:capiata,Capiatá,rent,2025-12-22,1
c:central:capiata,Capiatá,rent,2025-12-29,1
c:central:capiata,Capiatá,rent,2026-01-05,2
c:central:capiata,Capiatá,rent,2026-01-26,1
c:central:capiata,Capiatá,rent,2026-02-23,1
c:central:capiata,Capiatá,rent,2026-03-02,2
c:central:capiata,Capiatá,rent,2026-03-16,1
c:central:capiata,Capiatá,rent,2026-03-23,2
c:central:capiata,Capiatá,rent,2026-04-20,1
c:central:capiata,Capiatá,rent,2026-04-27,1
c:central:capiata,Capiatá,rent,2026-05-18,1
c:central:capiata,Capiatá,rent,2026-06-01,1
c:central:capiata,Capiatá,rent,2026-06-08,1
c:central:capiata,Capiatá,rent,2026-07-20,1
c:central:capiata,Capiatá,rent,2026-08-03,1
c:central:capiata,Capiatá,rent,2026-08-10,2
c:central:capiata,Capiatá,rent,2026-08-31,1
c:central:capiata,Capiatá,rent,2026-09-07,1
c:central:fernando-de-la-mora,Fernando de la Mora,sale,2025-08-25,2
c:central:fernando-de-la-mora,Fernando de la Mora,sale,2025-09-01,2
c:central:fernando-de-la-mora,Fernando de la Mora,sale,2025-09-08,1
c:central:fernando-de-la-mora,Fernando de la Mora,sale,2025-09-15,3
c:central:fernando-de-la-mora,Fernando de la Mora,sale,2025-10-06,3
c:central:fernando-de-la-mora,Fernando de la Mora,sale,2025-10-13,3
c:central:fernando-de-la-mora,Fernando de la Mora,sale,2025-10-20,1
c:central:fernando-de-la-mora,Fernando de la Mora,sale,2025-10-27,5
c:central:fernando-de-la-mora,Fernando de la Mora,sale,2025-11-03,2
c:central:fernando-de-la-mora,Fernando de la Mora,sale,2025-11-10,3
c:central:fernando-de-la-mora,Fernando de la Mora,sale,2025-12-08,1
c:central:fernando-de-la-mora,Fernando de la Mora,sale,2025-12-15,5
c:central:fernando-de-la-mora,Fernando de la Mora,sale,2025-12-22,2
c:central:fernando-de-la-mora,Fernando de la Mora,sale,2026-01-05,2
c:central:fernando-de-la-mora,Fernando de la Mora,sale,2026-01-12,4
c:central:fernando-de-la-mora,Fernando de la Mora,sale,2026-01-19,1
c:central:fernando-de-la-mora,Fernando de la Mora,sale,2026-02-02,1
c:central:fernando-de-la-mora,Fernando de la Mora,sale,2026-02-16,4
c:central:fernando-de-la-mora,Fernando de la Mora,sale,2026-02-23,1
c:central:fernando-de-la-mora,Fernando de la Mora,sale,2026-03-02,3
c:central:fernando-de-la-mora,Fernando de la Mora,sale,2026-03-09,2
c:central:fernando-de-la-mora,Fernando de la Mora,sale,2026-03-23,1
c:central:fernando-de-la-mora,Fernando de la Mora,sale,2026-03-30,1
c:central:fernando-de-la-mora,Fernando de la Mora,sale,2026-04-06,3
c:central:fernando-de-la-mora,Fernando de la Mora,sale,2026-04-13,2
c:central:fernando-de-la-mora,Fernando de la Mora,sale,2026-04-20,3
c:central:fernando-de-la-mora,Fernando de la Mora,sale,2026-04-27,1
c:central:fernando-de-la-mora,Fernando de la Mora,sale,2026-05-04,8
c:central:fernando-de-la-mora,Fernando de la Mora,sale,2026-05-11,1
c:central:fernando-de-la-mora,Fernando de la Mora,sale,2026-05-25,2
c:central:fernando-de-la-mora,Fernando de la Mora,sale,2026-06-01,3
c:central:fernando-de-la-mora,Fernando de la Mora,sale,2026-06-15,1
c:central:fernando-de-la-mora,Fernando de la Mora,sale,2026-06-22,2
c:central:fernando-de-la-mora,Fernando de la Mora,sale,2026-06-29,1
c:central:fernando-de-la-mora,Fernando de la Mora,sale,2026-07-06,1
c:central:fernando-de-la-mora,Fernando de la Mora,sale,2026-07-13,1
c:central:fernando-de-la-mora,Fernando de la Mora,sale,2026-07-20,2
c:central:fernando-de-la-mora,Fernando de la Mora,sale,2026-07-27,2
c:central:fernando-de-la-mora,Fernando de la Mora,sale,2026-08-03,5
c:central:fernando-de-la-mora,Fernando de la Mora,sale,2026-08-10,1
c:central:fernando-de-la-mora,Fernando de la Mora,sale,2026-08-17,1
c:central:fernando-de-la-mora,Fernando de la Mora,sale,2026-08-24,1
c:central:fernando-de-la-mora,Fernando de la Mora,sale,2026-08-31,1
c:central:fernando-de-la-mora,Fernando de la Mora,sale,2026-09-14,3
c:central:fernando-de-la-mora,Fernando de la Mora,rent,2025-08-25,3
c:central:fernando-de-la-mora,Fernando de la Mora,rent,2025-09-01,2
c:central:fernando-de-la-mora,Fernando de la Mora,rent,2025-09-08,3
c:central:fernando-de-la-mora,Fernando de la Mora,rent,2025-09-15,2
c:central:fernando-de-la-mora,Fernando de la Mora,rent,2025-09-22,3
c:central:fernando-de-la-mora,Fernando de la Mora,rent,2025-09-29,4
c:central:fernando-de-la-mora,Fernando de la Mora,rent,2025-10-06,1
c:central:fernando-de-la-mora,Fernando de la Mora,rent,2025-10-13,2
c:central:fernando-de-la-mora,Fernando de la Mora,rent,2025-10-20,1
c:central:fernando-de-la-mora,Fernando de la Mora,rent,2025-10-27,4
c:central:fernando-de-la-mora,Fernando de la Mora,rent,2025-11-03,3
c:central:fernando-de-la-mora,Fernando de la Mora,rent,2025-11-10,3
c:central:fernando-de-la-mora,Fernando de la Mora,rent,2025-11-17,4
c:central:fernando-de-la-mora,Fernando de la Mora,rent,2025-11-24,5
c:central:fernando-de-la-mora,Fernando de la Mora,rent,2025-12-01,1
c:central:fernando-de-la-mora,Fernando de la Mora,rent,2025-12-08,3
c:central:fernando-de-la-mora,Fernando de la Mora,rent,2025-12-15,1
c:central:fernando-de-la-mora,Fernando de la Mora,rent,2025-12-22,2
c:central:fernando-de-la-mora,Fernando de la Mora,rent,2025-12-29,2
c:central:fernando-de-la-mora,Fernando de la Mora,rent,2026-01-05,6
c:central:fernando-de-la-mora,Fernando de la Mora,rent,2026-01-12,1
c:central:fernando-de-la-mora,Fernando de la Mora,rent,2026-01-19,1
c:central:fernando-de-la-mora,Fernando de la Mora,rent,2026-01-26,5
c:central:fernando-de-la-mora,Fernando de la Mora,rent,2026-02-02,4
c:central:fernando-de-la-mora,Fernando de la Mora,rent,2026-02-09,3
c:central:fernando-de-la-mora,Fernando de la Mora,rent,2026-02-16,1
c:central:fernando-de-la-mora,Fernando de la Mora,rent,2026-02-23,6
c:central:fernando-de-la-mora,Fernando de la Mora,rent,2026-03-02,5
c:central:fernando-de-la-mora,Fernando de la Mora,rent,2026-03-09,4
c:central:fernando-de-la-mora,Fernando de la Mora,rent,2026-03-16,2
c:central:fernando-de-la-mora,Fernando de la Mora,rent,2026-03-23,4
c:central:fernando-de-la-mora,Fernando de la Mora,rent,2026-03-30,2
c:central:fernando-de-la-mora,Fernando de la Mora,rent,2026-04-06,3
c:central:fernando-de-la-mora,Fernando de la Mora,rent,2026-04-13,2
c:central:fernando-de-la-mora,Fernando de la Mora,rent,2026-04-20,2
c:central:fernando-de-la-mora,Fernando de la Mora,rent,2026-05-04,6
c:central:fernando-de-la-mora,Fernando de la Mora,rent,2026-05-11,2
c:central:fernando-de-la-mora,Fernando de la Mora,rent,2026-05-18,5
c:central:fernando-de-la-mora,Fernando de la Mora,rent,2026-05-25,3
c:central:fernando-de-la-mora,Fernando de la Mora,rent,2026-06-01,4
c:central:fernando-de-la-mora,Fernando de la Mora,rent,2026-06-08,2
c:central:fernando-de-la-mora,Fernando de la Mora,rent,2026-06-15,1
c:central:fernando-de-la-mora,Fernando de la Mora,rent,2026-06-22,3
c:central:fernando-de-la-mora,Fernando de la Mora,rent,2026-06-29,3
c:central:fernando-de-la-mora,Fernando de la Mora,rent,2026-07-13,2
c:central:fernando-de-la-mora,Fernando de la Mora,rent,2026-07-20,2
c:central:fernando-de-la-mora,Fernando de la Mora,rent,2026-07-27,4
c:central:fernando-de-la-mora,Fernando de la Mora,rent,2026-08-03,1
c:central:fernando-de-la-mora,Fernando de la Mora,rent,2026-08-10,2
c:central:fernando-de-la-mora,Fernando de la Mora,rent,2026-08-24,1
c:central:fernando-de-la-mora,Fernando de la Mora,rent,2026-08-31,2
c:central:fernando-de-la-mora,Fernando de la Mora,rent,2026-09-07,4
c:central:fernando-de-la-mora,Fernando de la Mora,rent,2026-09-21,1
c:central:nemby,Ñemby,sale,2025-09-22,3
c:central:nemby,Ñemby,sale,2025-09-29,2
c:central:nemby,Ñemby,sale,2025-10-06,4
c:central:nemby,Ñemby,sale,2025-10-27,3
c:central:nemby,Ñemby,sale,2025-11-17,1
c:central:nemby,Ñemby,sale,2026-01-19,1
c:central:nemby,Ñemby,sale,2026-01-26,2
c:central:nemby,Ñemby,sale,2026-02-16,3
c:central:nemby,Ñemby,sale,2026-02-23,2
c:central:nemby,Ñemby,sale,2026-03-02,3
c:central:nemby,Ñemby,sale,2026-03-09,1
c:central:nemby,Ñemby,sale,2026-03-16,2
c:central:nemby,Ñemby,sale,2026-04-06,2
c:central:nemby,Ñemby,sale,2026-04-20,1
c:central:nemby,Ñemby,sale,2026-05-04,1
c:central:nemby,Ñemby,sale,2026-05-18,1
c:central:nemby,Ñemby,sale,2026-06-01,1
c:central:nemby,Ñemby,sale,2026-06-08,1
c:central:nemby,Ñemby,sale,2026-06-22,1
c:central:nemby,Ñemby,sale,2026-06-29,1
c:central:nemby,Ñemby,sale,2026-07-06,1
c:central:nemby,Ñemby,sale,2026-07-20,1
c:central:nemby,Ñemby,sale,2026-07-27,1
c:central:nemby,Ñemby,sale,2026-08-03,1
c:central:nemby,Ñemby,sale,2026-08-17,2
c:central:nemby,Ñemby,sale,2026-08-24,2
c:central:nemby,Ñemby,sale,2026-08-31,1
c:central:nemby,Ñemby,sale,2026-09-07,1
c:central:nemby,Ñemby,rent,2025-08-25,2
c:central:nemby,Ñemby,rent,2025-09-01,1
c:central:nemby,Ñemby,rent,2025-09-08,2
c:central:nemby,Ñemby,rent,2025-09-15,1
c:central:nemby,Ñemby,rent,2025-10-06,1
c:central:nemby,Ñemby,rent,2025-10-27,1
c:central:nemby,Ñemby,rent,2025-11-10,1
c:central:nemby,Ñemby,rent,2025-11-24,2
c:central:nemby,Ñemby,rent,2025-12-15,1
c:central:nemby,Ñemby,rent,2026-01-05,1
c:central:nemby,Ñemby,rent,2026-01-19,1
c:central:nemby,Ñemby,rent,2026-01-26,2
c:central:nemby,Ñemby,rent,2026-02-02,2
c:central:nemby,Ñemby,rent,2026-02-09,2
c:central:nemby,Ñemby,rent,2026-03-02,3
c:central:nemby,Ñemby,rent,2026-03-23,2
c:central:nemby,Ñemby,rent,2026-03-30,1
c:central:nemby,Ñemby,rent,2026-04-27,2
c:central:nemby,Ñemby,rent,2026-05-04,2
c:central:nemby,Ñemby,rent,2026-05-11,1
c:central:nemby,Ñemby,rent,2026-05-25,2
c:central:nemby,Ñemby,rent,2026-06-15,2
c:central:nemby,Ñemby,rent,2026-06-29,1
c:central:nemby,Ñemby,rent,2026-07-06,1
c:central:nemby,Ñemby,rent,2026-07-27,1
c:central:nemby,Ñemby,rent,2026-08-03,2
c:central:nemby,Ñemby,rent,2026-08-17,1
c:central:nemby,Ñemby,rent,2026-08-24,1
c:central:aregua,Areguá,sale,2025-08-25,2
c:central:aregua,Areguá,sale,2025-09-08,1
c:central:aregua,Areguá,sale,2025-11-24,1
c:central:aregua,Areguá,sale,2025-12-15,1
c:central:aregua,Areguá,sale,2026-01-12,1
c:central:aregua,Areguá,sale,2026-01-26,1
c:central:aregua,Areguá,sale,2026-02-02,1
c:central:aregua,Areguá,sale,2026-02-16,2
c:central:aregua,Areguá,sale,2026-02-23,1
c:central:aregua,Areguá,sale,2026-03-23,1
c:central:aregua,Areguá,sale,2026-04-20,1
c:central:aregua,Areguá,sale,2026-05-18,1
c:central:aregua,Areguá,sale,2026-05-25,1
c:central:aregua,Areguá,sale,2026-06-08,1
c:central:aregua,Areguá,sale,2026-06-22,1
c:central:aregua,Areguá,sale,2026-07-06,1
c:central:aregua,Areguá,rent,2025-11-03,1
c:central:aregua,Areguá,rent,2026-03-02,1
c:central:aregua,Areguá,rent,2026-04-06,1
c:central:aregua,Areguá,rent,2026-05-11,1
c:central:aregua,Areguá,rent,2026-07-27,1
c:central:aregua,Areguá,rent,2026-08-24,1
c:central:villa-elisa,Villa Elisa,sale,2025-08-25,1
c:central:villa-elisa,Villa Elisa,sale,2025-09-08,1
c:central:villa-elisa,Villa Elisa,sale,2025-09-15,1
c:central:villa-elisa,Villa Elisa,sale,2025-09-22,2
c:central:villa-elisa,Villa Elisa,sale,2025-10-06,2
c:central:villa-elisa,Villa Elisa,sale,2025-10-27,3
c:central:villa-elisa,Villa Elisa,sale,2025-11-03,1
c:central:villa-elisa,Villa Elisa,sale,2025-11-10,1
c:central:villa-elisa,Villa Elisa,sale,2025-11-24,1
c:central:villa-elisa,Villa Elisa,sale,2025-12-01,4
c:central:villa-elisa,Villa Elisa,sale,2025-12-29,2
c:central:villa-elisa,Villa Elisa,sale,2026-01-05,1
c:central:villa-elisa,Villa Elisa,sale,2026-01-12,1
c:central:villa-elisa,Villa Elisa,sale,2026-01-26,3
c:central:villa-elisa,Villa Elisa,sale,2026-02-02,3
c:central:villa-elisa,Villa Elisa,sale,2026-02-16,1
c:central:villa-elisa,Villa Elisa,sale,2026-02-23,1
c:central:villa-elisa,Villa Elisa,sale,2026-03-02,1
c:central:villa-elisa,Villa Elisa,sale,2026-03-23,1
c:central:villa-elisa,Villa Elisa,sale,2026-03-30,1
c:central:villa-elisa,Villa Elisa,sale,2026-04-06,1
c:central:villa-elisa,Villa Elisa,sale,2026-04-13,1
c:central:villa-elisa,Villa Elisa,sale,2026-04-20,2
c:central:villa-elisa,Villa Elisa,sale,2026-04-27,1
c:central:villa-elisa,Villa Elisa,sale,2026-05-04,1
c:central:villa-elisa,Villa Elisa,sale,2026-05-18,1
c:central:villa-elisa,Villa Elisa,sale,2026-05-25,1
c:central:villa-elisa,Villa Elisa,sale,2026-06-01,2
c:central:villa-elisa,Villa Elisa,sale,2026-06-15,1
c:central:villa-elisa,Villa Elisa,sale,2026-06-22,1
c:central:villa-elisa,Villa Elisa,sale,2026-06-29,1
c:central:villa-elisa,Villa Elisa,sale,2026-07-06,1
c:central:villa-elisa,Villa Elisa,sale,2026-07-13,1
c:central:villa-elisa,Villa Elisa,sale,2026-07-20,1
c:central:villa-elisa,Villa Elisa,sale,2026-07-27,1
c:central:villa-elisa,Villa Elisa,sale,2026-08-10,1
c:central:villa-elisa,Villa Elisa,sale,2026-08-31,1
c:central:villa-elisa,Villa Elisa,rent,2025-08-25,2
c:central:villa-elisa,Villa Elisa,rent,2025-09-01,1
c:central:villa-elisa,Villa Elisa,rent,2025-09-29,2
c:central:villa-elisa,Villa Elisa,rent,2025-10-20,1
c:central:villa-elisa,Villa Elisa,rent,2025-11-24,2
c:central:villa-elisa,Villa Elisa,rent,2025-12-01,3
c:central:villa-elisa,Villa Elisa,rent,2025-12-08,1
c:central:villa-elisa,Villa Elisa,rent,2025-12-22,1
c:central:villa-elisa,Villa Elisa,rent,2025-12-29,2
c:central:villa-elisa,Villa Elisa,rent,2026-01-05,1
c:central:villa-elisa,Villa Elisa,rent,2026-01-26,2
c:central:villa-elisa,Villa Elisa,rent,2026-02-23,1
c:central:villa-elisa,Villa Elisa,rent,2026-03-02,3
c:central:villa-elisa,Villa Elisa,rent,2026-03-09,2
c:central:villa-elisa,Villa Elisa,rent,2026-03-16,2
c:central:villa-elisa,Villa Elisa,rent,2026-03-23,2
c:central:villa-elisa,Villa Elisa,rent,2026-04-13,1
c:central:villa-elisa,Villa Elisa,rent,2026-04-20,3
c:central:villa-elisa,Villa Elisa,rent,2026-04-27,1
c:central:villa-elisa,Villa Elisa,rent,2026-05-04,1
c:central:villa-elisa,Villa Elisa,rent,2026-05-18,1
c:central:villa-elisa,Villa Elisa,rent,2026-05-25,1
c:central:villa-elisa,Villa Elisa,rent,2026-06-08,1
c:central:villa-elisa,Villa Elisa,rent,2026-06-22,3
c:central:villa-elisa,Villa Elisa,rent,2026-06-29,1
c:central:villa-elisa,Villa Elisa,rent,2026-07-06,1
c:central:villa-elisa,Villa Elisa,rent,2026-07-20,1
c:central:villa-elisa,Villa Elisa,rent,2026-07-27,1
c:central:villa-elisa,Villa Elisa,rent,2026-08-03,1
c:central:villa-elisa,Villa Elisa,rent,2026-08-17,1
c:central:villa-elisa,Villa Elisa,rent,2026-08-24,2
c:central:villa-elisa,Villa Elisa,rent,2026-08-31,2
c:central:mariano-roque-alonso,Mariano Roque Alonso,sale,2025-08-25,2
c:central:mariano-roque-alonso,Mariano Roque Alonso,sale,2025-09-15,2
c:central:mariano-roque-alonso,Mariano Roque Alonso,sale,2025-09-29,1
c:central:mariano-roque-alonso,Mariano Roque Alonso,sale,2025-10-20,1
c:central:mariano-roque-alonso,Mariano Roque Alonso,sale,2025-10-27,2
c:central:mariano-roque-alonso,Mariano Roque Alonso,sale,2025-11-17,1
c:central:mariano-roque-alonso,Mariano Roque Alonso,sale,2025-11-24,1
c:central:mariano-roque-alonso,Mariano Roque Alonso,sale,2025-12-22,2
c:central:mariano-roque-alonso,Mariano Roque Alonso,sale,2026-01-12,2
c:central:mariano-roque-alonso,Mariano Roque Alonso,sale,2026-01-19,1
c:central:mariano-roque-alonso,Mariano Roque Alonso,sale,2026-01-26,1
c:central:mariano-roque-alonso,Mariano Roque Alonso,sale,2026-02-09,2
c:central:mariano-roque-alonso,Mariano Roque Alonso,sale,2026-02-23,1
c:central:mariano-roque-alonso,Mariano Roque Alonso,sale,2026-03-02,2
c:central:mariano-roque-alonso,Mariano Roque Alonso,sale,2026-03-30,1
c:central:mariano-roque-alonso,Mariano Roque Alonso,sale,2026-04-13,1
c:central:mariano-roque-alonso,Mariano Roque Alonso,sale,2026-05-04,1
c:central:mariano-roque-alonso,Mariano Roque Alonso,sale,2026-05-25,2
c:central:mariano-roque-alonso,Mariano Roque Alonso,sale,2026-06-15,1
c:central:mariano-roque-alonso,Mariano Roque Alonso,sale,2026-06-22,3
c:central:mariano-roque-alonso,Mariano Roque Alonso,sale,2026-07-13,1
c:central:mariano-roque-alonso,Mariano Roque Alonso,sale,2026-07-27,2
c:central:mariano-roque-alonso,Mariano Roque Alonso,sale,2026-08-17,1
c:central:mariano-roque-alonso,Mariano Roque Alonso,sale,2026-08-24,1
c:central:mariano-roque-alonso,Mariano Roque Alonso,sale,2026-08-31,1
c:central:mariano-roque-alonso,Mariano Roque Alonso,sale,2026-09-07,1
c:central:mariano-roque-alonso,Mariano Roque Alonso,sale,2026-09-14,3
c:central:mariano-roque-alonso,Mariano Roque Alonso,rent,2025-09-01,1
c:central:mariano-roque-alonso,Mariano Roque Alonso,rent,2025-09-08,4
c:central:mariano-roque-alonso,Mariano Roque Alonso,rent,2025-09-15,2
c:central:mariano-roque-alonso,Mariano Roque Alonso,rent,2025-09-29,2
c:central:mariano-roque-alonso,Mariano Roque Alonso,rent,2025-10-20,1
c:central:mariano-roque-alonso,Mariano Roque Alonso,rent,2025-10-27,1
c:central:mariano-roque-alonso,Mariano Roque Alonso,rent,2025-11-10,1
c:central:mariano-roque-alonso,Mariano Roque Alonso,rent,2025-11-17,2
c:central:mariano-roque-alonso,Mariano Roque Alonso,rent,2025-12-22,1
c:central:mariano-roque-alonso,Mariano Roque Alonso,rent,2025-12-29,1
c:central:mariano-roque-alonso,Mariano Roque Alonso,rent,2026-01-05,2
c:central:mariano-roque-alonso,Mariano Roque Alonso,rent,2026-01-19,1
c:central:mariano-roque-alonso,Mariano Roque Alonso,rent,2026-02-23,4
c:central:mariano-roque-alonso,Mariano Roque Alonso,rent,2026-03-02,1
c:central:mariano-roque-alonso,Mariano Roque Alonso,rent,2026-03-09,2
c:central:mariano-roque-alonso,Mariano Roque Alonso,rent,2026-03-16,1
c:central:mariano-roque-alonso,Mariano Roque Alonso,rent,2026-03-30,2
c:central:mariano-roque-alonso,Mariano Roque Alonso,rent,2026-04-06,3
c:central:mariano-roque-alonso,Mariano Roque Alonso,rent,2026-04-13,2
c:central:mariano-roque-alonso,Mariano Roque Alonso,rent,2026-04-27,1
c:central:mariano-roque-alonso,Mariano Roque Alonso,rent,2026-05-04,2
c:central:mariano-roque-alonso,Mariano Roque Alonso,rent,2026-05-25,1
c:central:mariano-roque-alonso,Mariano Roque Alonso,rent,2026-06-01,1
c:central:mariano-roque-alonso,Mariano Roque Alonso,rent,2026-06-08,2
c:central:mariano-roque-alonso,Mariano Roque Alonso,rent,2026-06-15,2
c:central:mariano-roque-alonso,Mariano Roque Alonso,rent,2026-06-22,1
c:central:mariano-roque-alonso,Mariano Roque Alonso,rent,2026-06-29,2
c:central:mariano-roque-alonso,Mariano Roque Alonso,rent,2026-07-06,2
c:central:mariano-roque-alonso,Mariano Roque Alonso,rent,2026-07-13,3
c:central:mariano-roque-alonso,Mariano Roque Alonso,rent,2026-08-03,3
c:central:mariano-roque-alonso,Mariano Roque Alonso,rent,2026-08-17,1
c:central:mariano-roque-alonso,Mariano Roque Alonso,rent,2026-08-24,1
c:central:mariano-roque-alonso,Mariano Roque Alonso,rent,2026-08-31,2
c:central:mariano-roque-alonso,Mariano Roque Alonso,rent,2026-09-07,3
c:central:mariano-roque-alonso,Mariano Roque Alonso,rent,2026-09-14,2
c:central:itaugua,Itauguá,sale,2025-09-15,1
c:central:itaugua,Itauguá,sale,2025-09-29,1
c:central:itaugua,Itauguá,sale,2025-10-06,1
c:central:itaugua,Itauguá,sale,2025-10-13,1
c:central:itaugua,Itauguá,sale,2025-10-20,1
c:central:itaugua,Itauguá,sale,2025-12-01,1
c:central:itaugua,Itauguá,sale,2025-12-29,1
c:central:itaugua,Itauguá,sale,2026-01-19,2
c:central:itaugua,Itauguá,sale,2026-05-18,1
c:central:itaugua,Itauguá,sale,2026-06-01,1
c:central:itaugua,Itauguá,sale,2026-08-31,1
c:central:itaugua,Itauguá,rent,2025-11-03,1
c:central:itaugua,Itauguá,rent,2025-11-10,1
c:central:itaugua,Itauguá,rent,2025-11-24,1
c:central:itaugua,Itauguá,rent,2025-12-01,1
c:central:itaugua,Itauguá,rent,2025-12-29,2
c:central:itaugua,Itauguá,rent,2026-02-16,1
c:central:itaugua,Itauguá,rent,2026-02-23,1
c:central:itaugua,Itauguá,rent,2026-04-20,1
c:central:itaugua,Itauguá,rent,2026-04-27,1
c:central:itaugua,Itauguá,rent,2026-05-18,1
c:central:itaugua,Itauguá,rent,2026-06-01,1
c:central:itaugua,Itauguá,rent,2026-06-08,1
c:central:itaugua,Itauguá,rent,2026-06-29,1
c:central:itaugua,Itauguá,rent,2026-08-03,1
c:central:itaugua,Itauguá,rent,2026-09-07,1
c:central:limpio,Limpio,sale,2025-08-25,1
c:central:limpio,Limpio,sale,2025-09-01,1
c:central:limpio,Limpio,sale,2025-09-08,1
c:central:limpio,Limpio,sale,2025-09-29,1
c:central:limpio,Limpio,sale,2025-10-06,2
c:central:limpio,Limpio,sale,2025-11-03,1
c:central:limpio,Limpio,sale,2025-12-01,3
c:central:limpio,Limpio,sale,2025-12-15,3
c:central:limpio,Limpio,sale,2026-01-12,1
c:central:limpio,Limpio,sale,2026-01-26,1
c:central:limpio,Limpio,sale,2026-03-09,1
c:central:limpio,Limpio,sale,2026-03-30,1
c:central:limpio,Limpio,sale,2026-04-13,1
c:central:limpio,Limpio,sale,2026-06-08,1
c:central:limpio,Limpio,sale,2026-06-29,1
c:central:limpio,Limpio,sale,2026-07-13,2
c:central:limpio,Limpio,sale,2026-07-20,1
c:central:limpio,Limpio,sale,2026-08-10,2
c:central:limpio,Limpio,sale,2026-08-24,1
c:central:limpio,Limpio,sale,2026-09-07,1
c:central:limpio,Limpio,sale,2026-09-14,3
c:central:limpio,Limpio,rent,2025-10-06,1
c:central:limpio,Limpio,rent,2025-11-10,1
c:central:limpio,Limpio,rent,2025-12-15,1
c:central:limpio,Limpio,rent,2026-01-19,1
c:central:limpio,Limpio,rent,2026-02-09,1
c:central:limpio,Limpio,rent,2026-05-04,1
c:central:limpio,Limpio,rent,2026-05-11,1
c:central:limpio,Limpio,rent,2026-05-18,1
c:central:limpio,Limpio,rent,2026-06-15,2
c:central:limpio,Limpio,rent,2026-06-29,1
c:central:limpio,Limpio,rent,2026-09-07,1
c:central:limpio,Limpio,rent,2026-09-14,2
c:central:limpio,Limpio,rent,2026-09-21,1
c:central:ypane,Ypané,sale,2025-09-15,1
c:central:ypane,Ypané,sale,2025-12-29,2
c:central:ypane,Ypané,sale,2026-03-16,2
c:central:ypane,Ypané,sale,2026-04-27,2
c:central:ypane,Ypané,sale,2026-05-18,1
c:central:ypane,Ypané,sale,2026-07-06,1
c:central:ypane,Ypané,sale,2026-07-27,1
c:central:ypane,Ypané,rent,2025-09-15,1
c:central:ypane,Ypané,rent,2025-10-20,1
c:central:ypacarai,Ypacaraí,sale,2025-12-01,2
c:central:ypacarai,Ypacaraí,sale,2025-12-15,2
c:central:ypacarai,Ypacaraí,sale,2025-12-22,1
c:central:ypacarai,Ypacaraí,sale,2026-01-19,1
c:central:ypacarai,Ypacaraí,sale,2026-02-09,1
c:central:ypacarai,Ypacaraí,sale,2026-03-02,1
c:central:ypacarai,Ypacaraí,sale,2026-04-20,1
c:central:ypacarai,Ypacaraí,sale,2026-09-07,1
c:central:ypacarai,Ypacaraí,rent,2026-02-16,1
c:central:ypacarai,Ypacaraí,rent,2026-04-13,1
c:central:san-antonio,San Antonio,sale,2025-11-17,2
c:central:san-antonio,San Antonio,sale,2025-12-01,1
c:central:san-antonio,San Antonio,sale,2025-12-08,1
c:central:san-antonio,San Antonio,sale,2025-12-15,1
c:central:san-antonio,San Antonio,sale,2026-01-05,1
c:central:san-antonio,San Antonio,sale,2026-05-18,1
c:central:san-antonio,San Antonio,sale,2026-06-22,1
c:central:san-antonio,San Antonio,sale,2026-07-27,1
c:central:san-antonio,San Antonio,sale,2026-08-17,1
c:central:san-antonio,San Antonio,rent,2025-10-27,1
c:central:san-antonio,San Antonio,rent,2025-11-03,1
c:central:san-antonio,San Antonio,rent,2026-06-22,1
c:central:san-antonio,San Antonio,rent,2026-06-29,1
c:central:villeta,Villeta,sale,2026-02-23,1
c:central:villeta,Villeta,sale,2026-08-17,1
c:central:villeta,Villeta,rent,2025-09-08,1
c:central:villeta,Villeta,rent,2025-09-29,1
c:central:villeta,Villeta,rent,2026-07-27,1
c:central:villeta,Villeta,rent,2026-08-31,1
c:central:ita,Itá,sale,2025-11-17,1
c:central:ita,Itá,sale,2026-06-01,1
c:central:ita,Itá,sale,2026-08-10,1
c:central:ita,Itá,rent,2026-05-18,1
c:central:ita,Itá,rent,2026-09-14,1
c:central:julian-augusto-saldivar,Julián Augusto Saldívar,sale,2025-08-25,1
c:central:julian-augusto-saldivar,Julián Augusto Saldívar,sale,2025-11-24,1
c:central:julian-augusto-saldivar,Julián Augusto Saldívar,sale,2026-02-23,1
c:central:julian-augusto-saldivar,Julián Augusto Saldívar,sale,2026-08-31,1
c:central:nueva-italia,Nueva Italia,sale,2026-02-16,1
d:itapua,Itapúa,sale,2025-08-25,1
d:itapua,Itapúa,sale,2025-09-01,2
d:itapua,Itapúa,sale,2025-09-08,4
d:itapua,Itapúa,sale,2025-09-15,2
d:itapua,Itapúa,sale,2025-09-22,6
d:itapua,Itapúa,sale,2025-09-29,2
d:itapua,Itapúa,sale,2025-10-06,2
d:itapua,Itapúa,sale,2025-10-13,1
d:itapua,Itapúa,sale,2025-10-20,6
d:itapua,Itapúa,sale,2025-10-27,2
d:itapua,Itapúa,sale,2025-11-03,1
d:itapua,Itapúa,sale,2025-11-10,2
d:itapua,Itapúa,sale,2025-11-17,2
d:itapua,Itapúa,sale,2025-11-24,6
d:itapua,Itapúa,sale,2025-12-01,3
d:itapua,Itapúa,sale,2025-12-08,3
d:itapua,Itapúa,sale,2025-12-15,5
d:itapua,Itapúa,sale,2025-12-29,1
d:itapua,Itapúa,sale,2026-01-05,5
d:itapua,Itapúa,sale,2026-01-12,5
d:itapua,Itapúa,sale,2026-01-19,3
d:itapua,Itapúa,sale,2026-01-26,5
d:itapua,Itapúa,sale,2026-02-02,3
d:itapua,Itapúa,sale,2026-02-09,3
d:itapua,Itapúa,sale,2026-02-16,2
d:itapua,Itapúa,sale,2026-02-23,5
d:itapua,Itapúa,sale,2026-03-02,1
d:itapua,Itapúa,sale,2026-03-09,2
d:itapua,Itapúa,sale,2026-03-16,7
d:itapua,Itapúa,sale,2026-03-23,3
d:itapua,Itapúa,sale,2026-04-13,2
d:itapua,Itapúa,sale,2026-04-20,2
d:itapua,Itapúa,sale,2026-04-27,2
d:itapua,Itapúa,sale,2026-05-04,2
d:itapua,Itapúa,sale,2026-05-18,3
d:itapua,Itapúa,sale,2026-05-25,3
d:itapua,Itapúa,sale,2026-06-01,2
d:itapua,Itapúa,sale,2026-06-08,3
d:itapua,Itapúa,sale,2026-06-15,1
d:itapua,Itapúa,sale,2026-06-22,3
d:itapua,Itapúa,sale,2026-06-29,4
d:itapua,Itapúa,sale,2026-07-06,2
d:itapua,Itapúa,sale,2026-07-13,4
d:itapua,Itapúa,sale,2026-07-20,4
d:itapua,Itapúa,sale,2026-07-27,2
d:itapua,Itapúa,sale,2026-08-03,4
d:itapua,Itapúa,sale,2026-08-10,2
d:itapua,Itapúa,sale,2026-08-17,2
d:itapua,Itapúa,sale,2026-08-24,8
d:itapua,Itapúa,sale,2026-08-31,2
d:itapua,Itapúa,sale,2026-09-07,3
d:itapua,Itapúa,sale,2026-09-14,1
d:itapua,Itapúa,sale,2026-09-21,2
d:itapua,Itapúa,rent,2025-08-25,3
d:itapua,Itapúa,rent,2025-09-01,3
d:itapua,Itapúa,rent,2025-09-08,7
d:itapua,Itapúa,rent,2025-09-15,5
d:itapua,Itapúa,rent,2025-09-22,2
d:itapua,Itapúa,rent,2025-09-29,2
d:itapua,Itapúa,rent,2025-10-06,2
d:itapua,Itapúa,rent,2025-10-13,3
d:itapua,Itapúa,rent,2025-10-20,5
d:itapua,Itapúa,rent,2025-10-27,3
d:itapua,Itapúa,rent,2025-11-03,4
d:itapua,Itapúa,rent,2025-11-10,2
d:itapua,Itapúa,rent,2025-11-17,1
d:itapua,Itapúa,rent,2025-11-24,6
d:itapua,Itapúa,rent,2025-12-01,6
d:itapua,Itapúa,rent,2025-12-08,4
d:itapua,Itapúa,rent,2025-12-15,5
d:itapua,Itapúa,rent,2025-12-22,4
d:itapua,Itapúa,rent,2025-12-29,4
d:itapua,Itapúa,rent,2026-01-05,4
d:itapua,Itapúa,rent,2026-01-12,2
d:itapua,Itapúa,rent,2026-01-19,1
d:itapua,Itapúa,rent,2026-01-26,7
d:itapua,Itapúa,rent,2026-02-02,8
d:itapua,Itapúa,rent,2026-02-16,3
d:itapua,Itapúa,rent,2026-02-23,7
d:itapua,Itapúa,rent,2026-03-02,4
d:itapua,Itapúa,rent,2026-03-09,2
d:itapua,Itapúa,rent,2026-03-16,8
d:itapua,Itapúa,rent,2026-03-23,7
d:itapua,Itapúa,rent,2026-03-30,2
d:itapua,Itapúa,rent,2026-04-06,6
d:itapua,Itapúa,rent,2026-04-13,4
d:itapua,Itapúa,rent,2026-04-20,4
d:itapua,Itapúa,rent,2026-04-27,8
d:itapua,Itapúa,rent,2026-05-04,3
d:itapua,Itapúa,rent,2026-05-11,1
d:itapua,Itapúa,rent,2026-05-18,5
d:itapua,Itapúa,rent,2026-05-25,11
d:itapua,Itapúa,rent,2026-06-01,3
d:itapua,Itapúa,rent,2026-06-08,2
d:itapua,Itapúa,rent,2026-06-15,6
d:itapua,Itapúa,rent,2026-06-22,9
d:itapua,Itapúa,rent,2026-06-29,4
d:itapua,Itapúa,rent,2026-07-06,4
d:itapua,Itapúa,rent,2026-07-13,5
d:itapua,Itapúa,rent,2026-07-20,5
d:itapua,Itapúa,rent,2026-07-27,5
d:itapua,Itapúa,rent,2026-08-03,5
d:itapua,Itapúa,rent,2026-08-10,3
d:itapua,Itapúa,rent,2026-08-17,1
d:itapua,Itapúa,rent,2026-08-24,11
d:itapua,Itapúa,rent,2026-08-31,4
d:itapua,Itapúa,rent,2026-09-07,2
d:itapua,Itapúa,rent,2026-09-14,2
d:itapua,Itapúa,rent,2026-09-21,5
c:itapua:encarnacion,Encarnación,sale,2025-09-01,2
c:itapua:encarnacion,Encarnación,sale,2025-09-08,3
c:itapua:encarnacion,Encarnación,sale,2025-09-15,2
c:itapua:encarnacion,Encarnación,sale,2025-09-22,6
c:itapua:encarnacion,Encarnación,sale,2025-09-29,1
c:itapua:encarnacion,Encarnación,sale,2025-10-06,1
c:itapua:encarnacion,Encarnación,sale,2025-10-13,1
c:itapua:encarnacion,Encarnación,sale,2025-10-20,5
c:itapua:encarnacion,Encarnación,sale,2025-10-27,2
c:itapua:encarnacion,Encarnación,sale,2025-11-10,1
c:itapua:encarnacion,Encarnación,sale,2025-11-17,1
c:itapua:encarnacion,Encarnación,sale,2025-11-24,3
c:itapua:encarnacion,Encarnación,sale,2025-12-01,2
c:itapua:encarnacion,Encarnación,sale,2025-12-08,3
c:itapua:encarnacion,Encarnación,sale,2025-12-15,3
c:itapua:encarnacion,Encarnación,sale,2026-01-05,2
c:itapua:encarnacion,Encarnación,sale,2026-01-12,3
c:itapua:encarnacion,Encarnación,sale,2026-01-19,3
c:itapua:encarnacion,Encarnación,sale,2026-01-26,5
c:itapua:encarnacion,Encarnación,sale,2026-02-02,2
c:itapua:encarnacion,Encarnación,sale,2026-02-09,2
c:itapua:encarnacion,Encarnación,sale,2026-02-16,1
c:itapua:encarnacion,Encarnación,sale,2026-02-23,4
c:itapua:encarnacion,Encarnación,sale,2026-03-02,1
c:itapua:encarnacion,Encarnación,sale,2026-03-09,2
c:itapua:encarnacion,Encarnación,sale,2026-03-16,5
c:itapua:encarnacion,Encarnación,sale,2026-03-23,1
c:itapua:encarnacion,Encarnación,sale,2026-04-13,2
c:itapua:encarnacion,Encarnación,sale,2026-04-20,1
c:itapua:encarnacion,Encarnación,sale,2026-05-04,1
c:itapua:encarnacion,Encarnación,sale,2026-05-18,2
c:itapua:encarnacion,Encarnación,sale,2026-06-01,2
c:itapua:encarnacion,Encarnación,sale,2026-06-08,2
c:itapua:encarnacion,Encarnación,sale,2026-06-15,1
c:itapua:encarnacion,Encarnación,sale,2026-06-22,2
c:itapua:encarnacion,Encarnación,sale,2026-06-29,1
c:itapua:encarnacion,Encarnación,sale,2026-07-06,1
c:itapua:encarnacion,Encarnación,sale,2026-07-13,3
c:itapua:encarnacion,Encarnación,sale,2026-07-20,1
c:itapua:encarnacion,Encarnación,sale,2026-08-03,3
c:itapua:encarnacion,Encarnación,sale,2026-08-10,1
c:itapua:encarnacion,Encarnación,sale,2026-08-24,2
c:itapua:encarnacion,Encarnación,sale,2026-08-31,1
c:itapua:encarnacion,Encarnación,sale,2026-09-07,1
c:itapua:encarnacion,Encarnación,sale,2026-09-14,1
c:itapua:encarnacion,Encarnación,rent,2025-08-25,1
c:itapua:encarnacion,Encarnación,rent,2025-09-01,1
c:itapua:encarnacion,Encarnación,rent,2025-09-08,5
c:itapua:encarnacion,Encarnación,rent,2025-09-15,3
c:itapua:encarnacion,Encarnación,rent,2025-09-22,2
c:itapua:encarnacion,Encarnación,rent,2025-09-29,2
c:itapua:encarnacion,Encarnación,rent,2025-10-06,2
c:itapua:encarnacion,Encarnación,rent,2025-10-13,3
c:itapua:encarnacion,Encarnación,rent,2025-10-20,4
c:itapua:encarnacion,Encarnación,rent,2025-10-27,3
c:itapua:encarnacion,Encarnación,rent,2025-11-03,3
c:itapua:encarnacion,Encarnación,rent,2025-11-10,2
c:itapua:encarnacion,Encarnación,rent,2025-11-17,1
c:itapua:encarnacion,Encarnación,rent,2025-11-24,3
c:itapua:encarnacion,Encarnación,rent,2025-12-01,6
c:itapua:encarnacion,Encarnación,rent,2025-12-08,4
c:itapua:encarnacion,Encarnación,rent,2025-12-15,3
c:itapua:encarnacion,Encarnación,rent,2025-12-22,3
c:itapua:encarnacion,Encarnación,rent,2025-12-29,2
c:itapua:encarnacion,Encarnación,rent,2026-01-05,2
c:itapua:encarnacion,Encarnación,rent,2026-01-12,1
c:itapua:encarnacion,Encarnación,rent,2026-01-19,1
c:itapua:encarnacion,Encarnación,rent,2026-01-26,6
c:itapua:encarnacion,Encarnación,rent,2026-02-02,6
c:itapua:encarnacion,Encarnación,rent,2026-02-16,3
c:itapua:encarnacion,Encarnación,rent,2026-02-23,7
c:itapua:encarnacion,Encarnación,rent,2026-03-02,2
c:itapua:encarnacion,Encarnación,rent,2026-03-09,2
c:itapua:encarnacion,Encarnación,rent,2026-03-16,5
c:itapua:encarnacion,Encarnación,rent,2026-03-23,6
c:itapua:encarnacion,Encarnación,rent,2026-03-30,2
c:itapua:encarnacion,Encarnación,rent,2026-04-06,5
c:itapua:encarnacion,Encarnación,rent,2026-04-13,1
c:itapua:encarnacion,Encarnación,rent,2026-04-20,3
c:itapua:encarnacion,Encarnación,rent,2026-04-27,3
c:itapua:encarnacion,Encarnación,rent,2026-05-04,3
c:itapua:encarnacion,Encarnación,rent,2026-05-11,1
c:itapua:encarnacion,Encarnación,rent,2026-05-18,4
c:itapua:encarnacion,Encarnación,rent,2026-05-25,7
c:itapua:encarnacion,Encarnación,rent,2026-06-01,3
c:itapua:encarnacion,Encarnación,rent,2026-06-08,2
c:itapua:encarnacion,Encarnación,rent,2026-06-15,6
c:itapua:encarnacion,Encarnación,rent,2026-06-22,7
c:itapua:encarnacion,Encarnación,rent,2026-06-29,4
c:itapua:encarnacion,Encarnación,rent,2026-07-06,4
c:itapua:encarnacion,Encarnación,rent,2026-07-13,4
c:itapua:encarnacion,Encarnación,rent,2026-07-20,4
c:itapua:encarnacion,Encarnación,rent,2026-07-27,4
c:itapua:encarnacion,Encarnación,rent,2026-08-03,4
c:itapua:encarnacion,Encarnación,rent,2026-08-10,1
c:itapua:encarnacion,Encarnación,rent,2026-08-17,1
c:itapua:encarnacion,Encarnación,rent,2026-08-24,8
c:itapua:encarnacion,Encarnación,rent,2026-08-31,2
c:itapua:encarnacion,Encarnación,rent,2026-09-07,1
c:itapua:encarnacion,Encarnación,rent,2026-09-14,1
c:itapua:encarnacion,Encarnación,rent,2026-09-21,4
c:itapua:cambyreta,Cambyretá,sale,2025-11-03,1
c:itapua:cambyreta,Cambyretá,sale,2025-11-10,1
c:itapua:cambyreta,Cambyretá,sale,2025-11-24,2
c:itapua:cambyreta,Cambyretá,sale,2025-12-01,1
c:itapua:cambyreta,Cambyretá,sale,2025-12-15,1
c:itapua:cambyreta,Cambyretá,sale,2025-12-29,1
c:itapua:cambyreta,Cambyretá,sale,2026-01-05,3
c:itapua:cambyreta,Cambyretá,sale,2026-01-12,1
c:itapua:cambyreta,Cambyretá,sale,2026-02-09,1
c:itapua:cambyreta,Cambyretá,sale,2026-02-23,1
c:itapua:cambyreta,Cambyretá,sale,2026-03-16,1
c:itapua:cambyreta,Cambyretá,sale,2026-03-23,2
c:itapua:cambyreta,Cambyretá,sale,2026-04-20,1
c:itapua:cambyreta,Cambyretá,sale,2026-04-27,1
c:itapua:cambyreta,Cambyretá,sale,2026-05-18,1
c:itapua:cambyreta,Cambyretá,sale,2026-05-25,2
c:itapua:cambyreta,Cambyretá,sale,2026-06-29,2
c:itapua:cambyreta,Cambyretá,sale,2026-07-06,1
c:itapua:cambyreta,Cambyretá,sale,2026-07-20,1
c:itapua:cambyreta,Cambyretá,sale,2026-07-27,1
c:itapua:cambyreta,Cambyretá,sale,2026-08-10,1
c:itapua:cambyreta,Cambyretá,sale,2026-08-17,2
c:itapua:cambyreta,Cambyretá,sale,2026-08-24,5
c:itapua:cambyreta,Cambyretá,sale,2026-08-31,1
c:itapua:cambyreta,Cambyretá,sale,2026-09-07,2
c:itapua:cambyreta,Cambyretá,sale,2026-09-21,1
c:itapua:cambyreta,Cambyretá,rent,2025-08-25,1
c:itapua:cambyreta,Cambyretá,rent,2025-09-01,2
c:itapua:cambyreta,Cambyretá,rent,2025-09-08,2
c:itapua:cambyreta,Cambyretá,rent,2025-09-15,1
c:itapua:cambyreta,Cambyretá,rent,2025-11-24,2
c:itapua:cambyreta,Cambyretá,rent,2025-12-15,2
c:itapua:cambyreta,Cambyretá,rent,2025-12-22,1
c:itapua:cambyreta,Cambyretá,rent,2025-12-29,1
c:itapua:cambyreta,Cambyretá,rent,2026-01-05,1
c:itapua:cambyreta,Cambyretá,rent,2026-01-12,1
c:itapua:cambyreta,Cambyretá,rent,2026-01-26,1
c:itapua:cambyreta,Cambyretá,rent,2026-02-02,2
c:itapua:cambyreta,Cambyretá,rent,2026-03-02,1
c:itapua:cambyreta,Cambyretá,rent,2026-03-16,3
c:itapua:cambyreta,Cambyretá,rent,2026-03-23,1
c:itapua:cambyreta,Cambyretá,rent,2026-04-06,1
c:itapua:cambyreta,Cambyretá,rent,2026-04-13,3
c:itapua:cambyreta,Cambyretá,rent,2026-04-20,1
c:itapua:cambyreta,Cambyretá,rent,2026-04-27,3
c:itapua:cambyreta,Cambyretá,rent,2026-05-25,2
c:itapua:cambyreta,Cambyretá,rent,2026-06-22,2
c:itapua:cambyreta,Cambyretá,rent,2026-07-13,1
c:itapua:cambyreta,Cambyretá,rent,2026-07-20,1
c:itapua:cambyreta,Cambyretá,rent,2026-07-27,1
c:itapua:cambyreta,Cambyretá,rent,2026-08-03,1
c:itapua:cambyreta,Cambyretá,rent,2026-08-10,2
c:itapua:cambyreta,Cambyretá,rent,2026-08-24,3
c:itapua:cambyreta,Cambyretá,rent,2026-08-31,1
c:itapua:cambyreta,Cambyretá,rent,2026-09-07,1
c:itapua:cambyreta,Cambyretá,rent,2026-09-14,1
c:itapua:cambyreta,Cambyretá,rent,2026-09-21,1
c:itapua:san-juan-del-parana,San Juan del Paraná,sale,2025-08-25,1
c:itapua:san-juan-del-parana,San Juan del Paraná,sale,2025-09-08,1
c:itapua:san-juan-del-parana,San Juan del Paraná,sale,2025-10-06,1
c:itapua:san-juan-del-parana,San Juan del Paraná,sale,2025-10-20,1
c:itapua:san-juan-del-parana,San Juan del Paraná,sale,2025-12-15,1
c:itapua:san-juan-del-parana,San Juan del Paraná,sale,2026-01-12,1
c:itapua:san-juan-del-parana,San Juan del Paraná,sale,2026-02-02,1
c:itapua:san-juan-del-parana,San Juan del Paraná,sale,2026-02-16,1
c:itapua:san-juan-del-parana,San Juan del Paraná,sale,2026-03-16,1
c:itapua:san-juan-del-parana,San Juan del Paraná,sale,2026-05-04,1
c:itapua:san-juan-del-parana,San Juan del Paraná,sale,2026-06-08,1
c:itapua:san-juan-del-parana,San Juan del Paraná,sale,2026-06-22,1
c:itapua:san-juan-del-parana,San Juan del Paraná,sale,2026-08-03,1
c:itapua:san-juan-del-parana,San Juan del Paraná,rent,2025-08-25,1
c:itapua:san-juan-del-parana,San Juan del Paraná,rent,2025-09-15,1
c:itapua:san-juan-del-parana,San Juan del Paraná,rent,2025-10-20,1
c:itapua:san-juan-del-parana,San Juan del Paraná,rent,2025-11-03,1
c:itapua:san-juan-del-parana,San Juan del Paraná,rent,2025-11-24,1
c:itapua:san-juan-del-parana,San Juan del Paraná,rent,2025-12-29,1
c:itapua:san-juan-del-parana,San Juan del Paraná,rent,2026-01-05,1
c:itapua:san-juan-del-parana,San Juan del Paraná,rent,2026-03-02,1
c:itapua:san-juan-del-parana,San Juan del Paraná,rent,2026-05-25,2
c:itapua:san-juan-del-parana,San Juan del Paraná,rent,2026-08-31,1
c:itapua:capitan-miranda,Capitán Miranda,sale,2025-11-24,1
c:itapua:capitan-miranda,Capitán Miranda,sale,2026-05-25,1
c:itapua:capitan-miranda,Capitán Miranda,sale,2026-09-21,1
c:itapua:capitan-miranda,Capitán Miranda,rent,2026-04-27,1
c:itapua:capitan-miranda,Capitán Miranda,rent,2026-05-18,1
d:cordillera,Cordillera,sale,2025-09-01,2
d:cordillera,Cordillera,sale,2025-09-08,2
d:cordillera,Cordillera,sale,2025-09-15,1
d:cordillera,Cordillera,sale,2025-09-22,1
d:cordillera,Cordillera,sale,2025-10-06,1
d:cordillera,Cordillera,sale,2025-10-13,3
d:cordillera,Cordillera,sale,2025-10-20,2
d:cordillera,Cordillera,sale,2025-10-27,1
d:cordillera,Cordillera,sale,2025-11-10,3
d:cordillera,Cordillera,sale,2025-11-17,1
d:cordillera,Cordillera,sale,2025-11-24,2
d:cordillera,Cordillera,sale,2025-12-01,2
d:cordillera,Cordillera,sale,2025-12-08,1
d:cordillera,Cordillera,sale,2025-12-15,3
d:cordillera,Cordillera,sale,2025-12-22,2
d:cordillera,Cordillera,sale,2025-12-29,2
d:cordillera,Cordillera,sale,2026-01-05,2
d:cordillera,Cordillera,sale,2026-01-12,1
d:cordillera,Cordillera,sale,2026-01-26,3
d:cordillera,Cordillera,sale,2026-02-02,3
d:cordillera,Cordillera,sale,2026-02-09,1
d:cordillera,Cordillera,sale,2026-02-16,2
d:cordillera,Cordillera,sale,2026-02-23,1
d:cordillera,Cordillera,sale,2026-03-02,2
d:cordillera,Cordillera,sale,2026-03-09,3
d:cordillera,Cordillera,sale,2026-03-16,1
d:cordillera,Cordillera,sale,2026-03-23,2
d:cordillera,Cordillera,sale,2026-04-06,4
d:cordillera,Cordillera,sale,2026-04-13,5
d:cordillera,Cordillera,sale,2026-04-20,2
d:cordillera,Cordillera,sale,2026-05-04,4
d:cordillera,Cordillera,sale,2026-05-11,2
d:cordillera,Cordillera,sale,2026-05-18,2
d:cordillera,Cordillera,sale,2026-06-01,3
d:cordillera,Cordillera,sale,2026-06-08,2
d:cordillera,Cordillera,sale,2026-06-15,3
d:cordillera,Cordillera,sale,2026-06-29,1
d:cordillera,Cordillera,sale,2026-07-06,2
d:cordillera,Cordillera,sale,2026-07-13,4
d:cordillera,Cordillera,sale,2026-07-20,4
d:cordillera,Cordillera,sale,2026-08-17,2
d:cordillera,Cordillera,sale,2026-08-24,3
d:cordillera,Cordillera,sale,2026-09-07,2
d:cordillera,Cordillera,sale,2026-09-14,2
d:cordillera,Cordillera,rent,2025-08-25,1
d:cordillera,Cordillera,rent,2025-09-22,1
d:cordillera,Cordillera,rent,2025-10-27,1
d:cordillera,Cordillera,rent,2025-11-24,1
d:cordillera,Cordillera,rent,2025-12-15,1
d:cordillera,Cordillera,rent,2025-12-29,2
d:cordillera,Cordillera,rent,2026-01-05,1
d:cordillera,Cordillera,rent,2026-01-12,1
d:cordillera,Cordillera,rent,2026-01-19,2
d:cordillera,Cordillera,rent,2026-02-23,2
d:cordillera,Cordillera,rent,2026-03-30,1
d:cordillera,Cordillera,rent,2026-04-13,1
d:cordillera,Cordillera,rent,2026-06-15,2
d:cordillera,Cordillera,rent,2026-08-03,1
d:cordillera,Cordillera,rent,2026-08-10,2
d:cordillera,Cordillera,rent,2026-09-07,1
c:cordillera:san-bernardino,San Bernardino,sale,2025-09-08,2
c:cordillera:san-bernardino,San Bernardino,sale,2025-10-13,3
c:cordillera:san-bernardino,San Bernardino,sale,2025-10-20,2
c:cordillera:san-bernardino,San Bernardino,sale,2025-10-27,1
c:cordillera:san-bernardino,San Bernardino,sale,2025-11-10,2
c:cordillera:san-bernardino,San Bernardino,sale,2025-11-17,1
c:cordillera:san-bernardino,San Bernardino,sale,2025-11-24,2
c:cordillera:san-bernardino,San Bernardino,sale,2025-12-01,1
c:cordillera:san-bernardino,San Bernardino,sale,2025-12-08,1
c:cordillera:san-bernardino,San Bernardino,sale,2025-12-15,2
c:cordillera:san-bernardino,San Bernardino,sale,2025-12-22,2
c:cordillera:san-bernardino,San Bernardino,sale,2025-12-29,2
c:cordillera:san-bernardino,San Bernardino,sale,2026-01-05,2
c:cordillera:san-bernardino,San Bernardino,sale,2026-01-12,1
c:cordillera:san-bernardino,San Bernardino,sale,2026-01-26,2
c:cordillera:san-bernardino,San Bernardino,sale,2026-02-02,2
c:cordillera:san-bernardino,San Bernardino,sale,2026-02-16,1
c:cordillera:san-bernardino,San Bernardino,sale,2026-02-23,1
c:cordillera:san-bernardino,San Bernardino,sale,2026-03-09,2
c:cordillera:san-bernardino,San Bernardino,sale,2026-03-23,1
c:cordillera:san-bernardino,San Bernardino,sale,2026-04-06,1
c:cordillera:san-bernardino,San Bernardino,sale,2026-04-20,1
c:cordillera:san-bernardino,San Bernardino,sale,2026-05-04,1
c:cordillera:san-bernardino,San Bernardino,sale,2026-05-11,1
c:cordillera:san-bernardino,San Bernardino,sale,2026-05-18,1
c:cordillera:san-bernardino,San Bernardino,sale,2026-06-01,2
c:cordillera:san-bernardino,San Bernardino,sale,2026-06-08,2
c:cordillera:san-bernardino,San Bernardino,sale,2026-06-15,1
c:cordillera:san-bernardino,San Bernardino,sale,2026-07-13,1
c:cordillera:san-bernardino,San Bernardino,sale,2026-07-20,3
c:cordillera:san-bernardino,San Bernardino,sale,2026-08-17,2
c:cordillera:san-bernardino,San Bernardino,sale,2026-08-24,3
c:cordillera:san-bernardino,San Bernardino,sale,2026-09-14,2
c:cordillera:san-bernardino,San Bernardino,rent,2025-10-27,1
c:cordillera:san-bernardino,San Bernardino,rent,2025-11-24,1
c:cordillera:san-bernardino,San Bernardino,rent,2025-12-15,1
c:cordillera:san-bernardino,San Bernardino,rent,2025-12-29,1
c:cordillera:san-bernardino,San Bernardino,rent,2026-01-05,1
c:cordillera:san-bernardino,San Bernardino,rent,2026-01-12,1
c:cordillera:san-bernardino,San Bernardino,rent,2026-01-19,2
c:cordillera:san-bernardino,San Bernardino,rent,2026-02-23,1
c:cordillera:san-bernardino,San Bernardino,rent,2026-03-30,1
c:cordillera:san-bernardino,San Bernardino,rent,2026-04-13,1
c:cordillera:san-bernardino,San Bernardino,rent,2026-06-15,2
c:cordillera:altos,Altos,sale,2026-02-09,1
c:cordillera:altos,Altos,sale,2026-03-02,1
c:cordillera:altos,Altos,sale,2026-04-13,2
c:cordillera:altos,Altos,sale,2026-04-20,1
c:cordillera:altos,Altos,sale,2026-09-07,1
c:cordillera:altos,Altos,rent,2026-08-10,1
c:cordillera:altos,Altos,rent,2026-09-07,1
c:cordillera:caacupe,Caacupé,sale,2025-09-15,1
c:cordillera:caacupe,Caacupé,sale,2025-10-06,1
c:cordillera:caacupe,Caacupé,sale,2026-02-02,1
c:cordillera:caacupe,Caacupé,sale,2026-03-09,1
c:cordillera:caacupe,Caacupé,sale,2026-03-16,1
c:cordillera:caacupe,Caacupé,sale,2026-04-06,3
c:cordillera:caacupe,Caacupé,sale,2026-04-13,1
c:cordillera:caacupe,Caacupé,sale,2026-05-04,1
c:cordillera:caacupe,Caacupé,sale,2026-05-11,1
c:cordillera:caacupe,Caacupé,sale,2026-06-15,2
c:cordillera:caacupe,Caacupé,sale,2026-07-13,2
c:cordillera:caacupe,Caacupé,rent,2025-08-25,1
c:cordillera:caacupe,Caacupé,rent,2025-12-29,1
c:cordillera:caacupe,Caacupé,rent,2026-02-23,1
c:cordillera:caacupe,Caacupé,rent,2026-08-10,1
d:alto-parana,Alto Paraná,sale,2025-08-25,9
d:alto-parana,Alto Paraná,sale,2025-09-01,3
d:alto-parana,Alto Paraná,sale,2025-09-08,2
d:alto-parana,Alto Paraná,sale,2025-09-15,6
d:alto-parana,Alto Paraná,sale,2025-09-22,7
d:alto-parana,Alto Paraná,sale,2025-09-29,2
d:alto-parana,Alto Paraná,sale,2025-10-06,2
d:alto-parana,Alto Paraná,sale,2025-10-13,5
d:alto-parana,Alto Paraná,sale,2025-10-20,6
d:alto-parana,Alto Paraná,sale,2025-10-27,8
d:alto-parana,Alto Paraná,sale,2025-11-03,2
d:alto-parana,Alto Paraná,sale,2025-11-10,6
d:alto-parana,Alto Paraná,sale,2025-11-17,7
d:alto-parana,Alto Paraná,sale,2025-11-24,3
d:alto-parana,Alto Paraná,sale,2025-12-01,5
d:alto-parana,Alto Paraná,sale,2025-12-08,7
d:alto-parana,Alto Paraná,sale,2025-12-15,2
d:alto-parana,Alto Paraná,sale,2025-12-22,4
d:alto-parana,Alto Paraná,sale,2025-12-29,5
d:alto-parana,Alto Paraná,sale,2026-01-05,4
d:alto-parana,Alto Paraná,sale,2026-01-12,5
d:alto-parana,Alto Paraná,sale,2026-01-19,5
d:alto-parana,Alto Paraná,sale,2026-01-26,2
d:alto-parana,Alto Paraná,sale,2026-02-02,6
d:alto-parana,Alto Paraná,sale,2026-02-09,6
d:alto-parana,Alto Paraná,sale,2026-02-16,6
d:alto-parana,Alto Paraná,sale,2026-02-23,5
d:alto-parana,Alto Paraná,sale,2026-03-02,5
d:alto-parana,Alto Paraná,sale,2026-03-09,1
d:alto-parana,Alto Paraná,sale,2026-03-16,5
d:alto-parana,Alto Paraná,sale,2026-03-23,5
d:alto-parana,Alto Paraná,sale,2026-03-30,4
d:alto-parana,Alto Paraná,sale,2026-04-06,5
d:alto-parana,Alto Paraná,sale,2026-04-20,1
d:alto-parana,Alto Paraná,sale,2026-04-27,4
d:alto-parana,Alto Paraná,sale,2026-05-04,6
d:alto-parana,Alto Paraná,sale,2026-05-11,5
d:alto-parana,Alto Paraná,sale,2026-05-18,5
d:alto-parana,Alto Paraná,sale,2026-05-25,5
d:alto-parana,Alto Paraná,sale,2026-06-01,7
d:alto-parana,Alto Paraná,sale,2026-06-15,7
d:alto-parana,Alto Paraná,sale,2026-06-22,6
d:alto-parana,Alto Paraná,sale,2026-06-29,6
d:alto-parana,Alto Paraná,sale,2026-07-06,6
d:alto-parana,Alto Paraná,sale,2026-07-13,8
d:alto-parana,Alto Paraná,sale,2026-07-20,6
d:alto-parana,Alto Paraná,sale,2026-07-27,1
d:alto-parana,Alto Paraná,sale,2026-08-03,5
d:alto-parana,Alto Paraná,sale,2026-08-10,5
d:alto-parana,Alto Paraná,sale,2026-08-17,4
d:alto-parana,Alto Paraná,sale,2026-08-24,1
d:alto-parana,Alto Paraná,sale,2026-08-31,6
d:alto-parana,Alto Paraná,sale,2026-09-07,6
d:alto-parana,Alto Paraná,sale,2026-09-14,6
d:alto-parana,Alto Paraná,sale,2026-09-21,1
d:alto-parana,Alto Paraná,rent,2025-08-25,2
d:alto-parana,Alto Paraná,rent,2025-09-01,1
d:alto-parana,Alto Paraná,rent,2025-09-08,4
d:alto-parana,Alto Paraná,rent,2025-09-15,5
d:alto-parana,Alto Paraná,rent,2025-09-22,5
d:alto-parana,Alto Paraná,rent,2025-09-29,3
d:alto-parana,Alto Paraná,rent,2025-10-06,4
d:alto-parana,Alto Paraná,rent,2025-10-13,1
d:alto-parana,Alto Paraná,rent,2025-10-20,2
d:alto-parana,Alto Paraná,rent,2025-10-27,4
d:alto-parana,Alto Paraná,rent,2025-11-03,2
d:alto-parana,Alto Paraná,rent,2025-11-10,6
d:alto-parana,Alto Paraná,rent,2025-11-17,6
d:alto-parana,Alto Paraná,rent,2025-11-24,3
d:alto-parana,Alto Paraná,rent,2025-12-01,4
d:alto-parana,Alto Paraná,rent,2025-12-08,6
d:alto-parana,Alto Paraná,rent,2025-12-15,1
d:alto-parana,Alto Paraná,rent,2025-12-22,1
d:alto-parana,Alto Paraná,rent,2025-12-29,2
d:alto-parana,Alto Paraná,rent,2026-01-05,2
d:alto-parana,Alto Paraná,rent,2026-01-12,4
d:alto-parana,Alto Paraná,rent,2026-01-19,3
d:alto-parana,Alto Paraná,rent,2026-01-26,9
d:alto-parana,Alto Paraná,rent,2026-02-02,9
d:alto-parana,Alto Paraná,rent,2026-02-09,1
d:alto-parana,Alto Paraná,rent,2026-02-16,8
d:alto-parana,Alto Paraná,rent,2026-02-23,4
d:alto-parana,Alto Paraná,rent,2026-03-02,5
d:alto-parana,Alto Paraná,rent,2026-03-09,6
d:alto-parana,Alto Paraná,rent,2026-03-16,4
d:alto-parana,Alto Paraná,rent,2026-03-23,1
d:alto-parana,Alto Paraná,rent,2026-03-30,3
d:alto-parana,Alto Paraná,rent,2026-04-06,7
d:alto-parana,Alto Paraná,rent,2026-04-13,6
d:alto-parana,Alto Paraná,rent,2026-04-20,5
d:alto-parana,Alto Paraná,rent,2026-04-27,4
d:alto-parana,Alto Paraná,rent,2026-05-04,4
d:alto-parana,Alto Paraná,rent,2026-05-11,4
d:alto-parana,Alto Paraná,rent,2026-05-18,5
d:alto-parana,Alto Paraná,rent,2026-05-25,2
d:alto-parana,Alto Paraná,rent,2026-06-01,2
d:alto-parana,Alto Paraná,rent,2026-06-08,3
d:alto-parana,Alto Paraná,rent,2026-06-15,3
d:alto-parana,Alto Paraná,rent,2026-06-22,4
d:alto-parana,Alto Paraná,rent,2026-06-29,9
d:alto-parana,Alto Paraná,rent,2026-07-06,7
d:alto-parana,Alto Paraná,rent,2026-07-13,6
d:alto-parana,Alto Paraná,rent,2026-07-20,3
d:alto-parana,Alto Paraná,rent,2026-07-27,3
d:alto-parana,Alto Paraná,rent,2026-08-03,3
d:alto-parana,Alto Paraná,rent,2026-08-10,1
d:alto-parana,Alto Paraná,rent,2026-08-17,1
d:alto-parana,Alto Paraná,rent,2026-08-31,7
d:alto-parana,Alto Paraná,rent,2026-09-07,3
d:alto-parana,Alto Paraná,rent,2026-09-14,2
d:alto-parana,Alto Paraná,rent,2026-09-21,1
c:alto-parana:ciudad-del-este,Ciudad del Este,sale,2025-08-25,4
c:alto-parana:ciudad-del-este,Ciudad del Este,sale,2025-09-08,2
c:alto-parana:ciudad-del-este,Ciudad del Este,sale,2025-09-15,5
c:alto-parana:ciudad-del-este,Ciudad del Este,sale,2025-09-22,3
c:alto-parana:ciudad-del-este,Ciudad del Este,sale,2025-09-29,1
c:alto-parana:ciudad-del-este,Ciudad del Este,sale,2025-10-13,3
c:alto-parana:ciudad-del-este,Ciudad del Este,sale,2025-10-20,3
c:alto-parana:ciudad-del-este,Ciudad del Este,sale,2025-10-27,4
c:alto-parana:ciudad-del-este,Ciudad del Este,sale,2025-11-03,1
c:alto-parana:ciudad-del-este,Ciudad del Este,sale,2025-11-10,1
c:alto-parana:ciudad-del-este,Ciudad del Este,sale,2025-11-24,1
c:alto-parana:ciudad-del-este,Ciudad del Este,sale,2025-12-01,3
c:alto-parana:ciudad-del-este,Ciudad del Este,sale,2025-12-08,3
c:alto-parana:ciudad-del-este,Ciudad del Este,sale,2025-12-15,1
c:alto-parana:ciudad-del-este,Ciudad del Este,sale,2025-12-22,1
c:alto-parana:ciudad-del-este,Ciudad del Este,sale,2025-12-29,3
c:alto-parana:ciudad-del-este,Ciudad del Este,sale,2026-01-05,2
c:alto-parana:ciudad-del-este,Ciudad del Este,sale,2026-01-12,3
c:alto-parana:ciudad-del-este,Ciudad del Este,sale,2026-01-19,4
c:alto-parana:ciudad-del-este,Ciudad del Este,sale,2026-02-02,6
c:alto-parana:ciudad-del-este,Ciudad del Este,sale,2026-02-09,2
c:alto-parana:ciudad-del-este,Ciudad del Este,sale,2026-02-16,4
c:alto-parana:ciudad-del-este,Ciudad del Este,sale,2026-02-23,2
c:alto-parana:ciudad-del-este,Ciudad del Este,sale,2026-03-02,2
c:alto-parana:ciudad-del-este,Ciudad del Este,sale,2026-03-16,4
c:alto-parana:ciudad-del-este,Ciudad del Este,sale,2026-03-23,2
c:alto-parana:ciudad-del-este,Ciudad del Este,sale,2026-03-30,4
c:alto-parana:ciudad-del-este,Ciudad del Este,sale,2026-04-06,4
c:alto-parana:ciudad-del-este,Ciudad del Este,sale,2026-04-20,1
c:alto-parana:ciudad-del-este,Ciudad del Este,sale,2026-04-27,2
c:alto-parana:ciudad-del-este,Ciudad del Este,sale,2026-05-04,5
c:alto-parana:ciudad-del-este,Ciudad del Este,sale,2026-05-11,3
c:alto-parana:ciudad-del-este,Ciudad del Este,sale,2026-05-18,3
c:alto-parana:ciudad-del-este,Ciudad del Este,sale,2026-05-25,2
c:alto-parana:ciudad-del-este,Ciudad del Este,sale,2026-06-01,4
c:alto-parana:ciudad-del-este,Ciudad del Este,sale,2026-06-15,5
c:alto-parana:ciudad-del-este,Ciudad del Este,sale,2026-06-22,4
c:alto-parana:ciudad-del-este,Ciudad del Este,sale,2026-06-29,5
c:alto-parana:ciudad-del-este,Ciudad del Este,sale,2026-07-06,2
c:alto-parana:ciudad-del-este,Ciudad del Este,sale,2026-07-13,5
c:alto-parana:ciudad-del-este,Ciudad del Este,sale,2026-07-20,4
c:alto-parana:ciudad-del-este,Ciudad del Este,sale,2026-07-27,1
c:alto-parana:ciudad-del-este,Ciudad del Este,sale,2026-08-03,2
c:alto-parana:ciudad-del-este,Ciudad del Este,sale,2026-08-10,3
c:alto-parana:ciudad-del-este,Ciudad del Este,sale,2026-08-17,3
c:alto-parana:ciudad-del-este,Ciudad del Este,sale,2026-08-24,1
c:alto-parana:ciudad-del-este,Ciudad del Este,sale,2026-08-31,5
c:alto-parana:ciudad-del-este,Ciudad del Este,sale,2026-09-07,3
c:alto-parana:ciudad-del-este,Ciudad del Este,sale,2026-09-14,6
c:alto-parana:ciudad-del-este,Ciudad del Este,sale,2026-09-21,1
c:alto-parana:ciudad-del-este,Ciudad del Este,rent,2025-08-25,2
c:alto-parana:ciudad-del-este,Ciudad del Este,rent,2025-09-08,1
c:alto-parana:ciudad-del-este,Ciudad del Este,rent,2025-09-15,1
c:alto-parana:ciudad-del-este,Ciudad del Este,rent,2025-09-22,3
c:alto-parana:ciudad-del-este,Ciudad del Este,rent,2025-09-29,3
c:alto-parana:ciudad-del-este,Ciudad del Este,rent,2025-10-06,1
c:alto-parana:ciudad-del-este,Ciudad del Este,rent,2025-10-20,2
c:alto-parana:ciudad-del-este,Ciudad del Este,rent,2025-10-27,2
c:alto-parana:ciudad-del-este,Ciudad del Este,rent,2025-11-10,2
c:alto-parana:ciudad-del-este,Ciudad del Este,rent,2025-11-17,5
c:alto-parana:ciudad-del-este,Ciudad del Este,rent,2025-12-01,2
c:alto-parana:ciudad-del-este,Ciudad del Este,rent,2025-12-08,2
c:alto-parana:ciudad-del-este,Ciudad del Este,rent,2025-12-22,1
c:alto-parana:ciudad-del-este,Ciudad del Este,rent,2025-12-29,1
c:alto-parana:ciudad-del-este,Ciudad del Este,rent,2026-01-12,2
c:alto-parana:ciudad-del-este,Ciudad del Este,rent,2026-01-19,3
c:alto-parana:ciudad-del-este,Ciudad del Este,rent,2026-01-26,5
c:alto-parana:ciudad-del-este,Ciudad del Este,rent,2026-02-02,2
c:alto-parana:ciudad-del-este,Ciudad del Este,rent,2026-02-09,1
c:alto-parana:ciudad-del-este,Ciudad del Este,rent,2026-02-16,4
c:alto-parana:ciudad-del-este,Ciudad del Este,rent,2026-02-23,1
c:alto-parana:ciudad-del-este,Ciudad del Este,rent,2026-03-02,4
c:alto-parana:ciudad-del-este,Ciudad del Este,rent,2026-03-09,3
c:alto-parana:ciudad-del-este,Ciudad del Este,rent,2026-03-16,2
c:alto-parana:ciudad-del-este,Ciudad del Este,rent,2026-03-23,1
c:alto-parana:ciudad-del-este,Ciudad del Este,rent,2026-03-30,3
c:alto-parana:ciudad-del-este,Ciudad del Este,rent,2026-04-06,4
c:alto-parana:ciudad-del-este,Ciudad del Este,rent,2026-04-13,4
c:alto-parana:ciudad-del-este,Ciudad del Este,rent,2026-04-20,5
c:alto-parana:ciudad-del-este,Ciudad del Este,rent,2026-04-27,2
c:alto-parana:ciudad-del-este,Ciudad del Este,rent,2026-05-04,2
c:alto-parana:ciudad-del-este,Ciudad del Este,rent,2026-05-11,2
c:alto-parana:ciudad-del-este,Ciudad del Este,rent,2026-05-18,3
c:alto-parana:ciudad-del-este,Ciudad del Este,rent,2026-05-25,1
c:alto-parana:ciudad-del-este,Ciudad del Este,rent,2026-06-01,1
c:alto-parana:ciudad-del-este,Ciudad del Este,rent,2026-06-08,1
c:alto-parana:ciudad-del-este,Ciudad del Este,rent,2026-06-15,1
c:alto-parana:ciudad-del-este,Ciudad del Este,rent,2026-06-22,2
c:alto-parana:ciudad-del-este,Ciudad del Este,rent,2026-06-29,6
c:alto-parana:ciudad-del-este,Ciudad del Este,rent,2026-07-06,2
c:alto-parana:ciudad-del-este,Ciudad del Este,rent,2026-07-13,2
c:alto-parana:ciudad-del-este,Ciudad del Este,rent,2026-07-20,1
c:alto-parana:ciudad-del-este,Ciudad del Este,rent,2026-07-27,1
c:alto-parana:ciudad-del-este,Ciudad del Este,rent,2026-08-10,1
c:alto-parana:ciudad-del-este,Ciudad del Este,rent,2026-08-17,1
c:alto-parana:ciudad-del-este,Ciudad del Este,rent,2026-08-31,4
c:alto-parana:ciudad-del-este,Ciudad del Este,rent,2026-09-07,1
c:alto-parana:ciudad-del-este,Ciudad del Este,rent,2026-09-14,1
c:alto-parana:ciudad-del-este,Ciudad del Este,rent,2026-09-21,1
c:alto-parana:hernandarias,Hernandarias,sale,2025-08-25,3
c:alto-parana:hernandarias,Hernandarias,sale,2025-09-01,2
c:alto-parana:hernandarias,Hernandarias,sale,2025-09-15,1
c:alto-parana:hernandarias,Hernandarias,sale,2025-09-22,2
c:alto-parana:hernandarias,Hernandarias,sale,2025-09-29,1
c:alto-parana:hernandarias,Hernandarias,sale,2025-10-06,2
c:alto-parana:hernandarias,Hernandarias,sale,2025-10-13,2
c:alto-parana:hernandarias,Hernandarias,sale,2025-10-20,2
c:alto-parana:hernandarias,Hernandarias,sale,2025-10-27,1
c:alto-parana:hernandarias,Hernandarias,sale,2025-11-10,4
c:alto-parana:hernandarias,Hernandarias,sale,2025-11-17,2
c:alto-parana:hernandarias,Hernandarias,sale,2025-11-24,2
c:alto-parana:hernandarias,Hernandarias,sale,2025-12-01,1
c:alto-parana:hernandarias,Hernandarias,sale,2025-12-22,2
c:alto-parana:hernandarias,Hernandarias,sale,2025-12-29,1
c:alto-parana:hernandarias,Hernandarias,sale,2026-01-19,1
c:alto-parana:hernandarias,Hernandarias,sale,2026-01-26,1
c:alto-parana:hernandarias,Hernandarias,sale,2026-02-09,2
c:alto-parana:hernandarias,Hernandarias,sale,2026-02-16,1
c:alto-parana:hernandarias,Hernandarias,sale,2026-02-23,2
c:alto-parana:hernandarias,Hernandarias,sale,2026-03-02,1
c:alto-parana:hernandarias,Hernandarias,sale,2026-03-23,1
c:alto-parana:hernandarias,Hernandarias,sale,2026-05-04,1
c:alto-parana:hernandarias,Hernandarias,sale,2026-05-11,2
c:alto-parana:hernandarias,Hernandarias,sale,2026-05-25,1
c:alto-parana:hernandarias,Hernandarias,sale,2026-06-01,3
c:alto-parana:hernandarias,Hernandarias,sale,2026-06-22,1
c:alto-parana:hernandarias,Hernandarias,sale,2026-07-06,2
c:alto-parana:hernandarias,Hernandarias,sale,2026-07-13,1
c:alto-parana:hernandarias,Hernandarias,sale,2026-07-20,1
c:alto-parana:hernandarias,Hernandarias,sale,2026-08-03,2
c:alto-parana:hernandarias,Hernandarias,sale,2026-08-10,1
c:alto-parana:hernandarias,Hernandarias,sale,2026-09-07,1
c:alto-parana:hernandarias,Hernandarias,rent,2025-09-22,1
c:alto-parana:hernandarias,Hernandarias,rent,2025-11-24,1
c:alto-parana:hernandarias,Hernandarias,rent,2026-01-26,1
c:alto-parana:hernandarias,Hernandarias,rent,2026-04-13,1
c:alto-parana:hernandarias,Hernandarias,rent,2026-07-06,1
c:alto-parana:hernandarias,Hernandarias,rent,2026-08-31,1
c:alto-parana:hernandarias,Hernandarias,rent,2026-09-14,1
c:alto-parana:minga-guazu,Minga Guazú,sale,2025-11-10,1
c:alto-parana:minga-guazu,Minga Guazú,sale,2025-12-22,1
c:alto-parana:minga-guazu,Minga Guazú,sale,2026-01-12,1
c:alto-parana:minga-guazu,Minga Guazú,sale,2026-02-23,1
c:alto-parana:minga-guazu,Minga Guazú,sale,2026-06-22,1
c:alto-parana:minga-guazu,Minga Guazú,sale,2026-08-17,1
c:alto-parana:minga-guazu,Minga Guazú,sale,2026-09-07,1
c:alto-parana:minga-guazu,Minga Guazú,rent,2025-11-10,2
c:alto-parana:minga-guazu,Minga Guazú,rent,2025-12-15,1
c:alto-parana:minga-guazu,Minga Guazú,rent,2026-05-11,1
c:alto-parana:minga-guazu,Minga Guazú,rent,2026-08-03,1
c:alto-parana:presidente-franco,Presidente Franco,sale,2025-08-25,1
c:alto-parana:presidente-franco,Presidente Franco,sale,2025-09-22,1
c:alto-parana:presidente-franco,Presidente Franco,sale,2025-10-27,1
c:alto-parana:presidente-franco,Presidente Franco,sale,2025-11-03,1
c:alto-parana:presidente-franco,Presidente Franco,sale,2025-11-17,1
c:alto-parana:presidente-franco,Presidente Franco,sale,2025-12-08,2
c:alto-parana:presidente-franco,Presidente Franco,sale,2025-12-29,1
c:alto-parana:presidente-franco,Presidente Franco,sale,2026-02-16,1
c:alto-parana:presidente-franco,Presidente Franco,sale,2026-03-02,1
c:alto-parana:presidente-franco,Presidente Franco,sale,2026-03-09,1
c:alto-parana:presidente-franco,Presidente Franco,sale,2026-05-25,2
c:alto-parana:presidente-franco,Presidente Franco,sale,2026-06-15,2
c:alto-parana:presidente-franco,Presidente Franco,sale,2026-07-06,1
c:alto-parana:presidente-franco,Presidente Franco,sale,2026-08-03,1
c:alto-parana:presidente-franco,Presidente Franco,rent,2025-09-15,1
c:alto-parana:presidente-franco,Presidente Franco,rent,2025-10-06,1
c:alto-parana:presidente-franco,Presidente Franco,rent,2025-10-27,1
c:alto-parana:presidente-franco,Presidente Franco,rent,2025-11-24,1
c:alto-parana:presidente-franco,Presidente Franco,rent,2025-12-08,1
c:alto-parana:presidente-franco,Presidente Franco,rent,2026-01-05,1
c:alto-parana:presidente-franco,Presidente Franco,rent,2026-01-26,1
c:alto-parana:presidente-franco,Presidente Franco,rent,2026-02-02,1
c:alto-parana:presidente-franco,Presidente Franco,rent,2026-03-02,1
c:alto-parana:presidente-franco,Presidente Franco,rent,2026-03-09,2
c:alto-parana:presidente-franco,Presidente Franco,rent,2026-03-16,1
c:alto-parana:presidente-franco,Presidente Franco,rent,2026-04-06,1
c:alto-parana:presidente-franco,Presidente Franco,rent,2026-04-13,1
c:alto-parana:presidente-franco,Presidente Franco,rent,2026-06-22,1
d:presidente-hayes,Presidente Hayes,sale,2025-09-22,1
d:presidente-hayes,Presidente Hayes,sale,2025-10-20,1
d:presidente-hayes,Presidente Hayes,sale,2025-11-10,1
d:presidente-hayes,Presidente Hayes,sale,2026-01-19,1
d:presidente-hayes,Presidente Hayes,sale,2026-02-02,2
d:presidente-hayes,Presidente Hayes,sale,2026-03-23,1
d:presidente-hayes,Presidente Hayes,sale,2026-05-04,1
d:presidente-hayes,Presidente Hayes,sale,2026-05-25,1
d:presidente-hayes,Presidente Hayes,sale,2026-07-20,1
d:presidente-hayes,Presidente Hayes,sale,2026-09-21,1
d:presidente-hayes,Presidente Hayes,rent,2026-01-05,1
c:presidente-hayes:villa-hayes,Villa Hayes,sale,2025-09-22,1
c:presidente-hayes:villa-hayes,Villa Hayes,sale,2025-10-20,1
c:presidente-hayes:villa-hayes,Villa Hayes,sale,2025-11-10,1
c:presidente-hayes:villa-hayes,Villa Hayes,sale,2026-01-19,1
c:presidente-hayes:villa-hayes,Villa Hayes,sale,2026-05-04,1
c:presidente-hayes:villa-hayes,Villa Hayes,rent,2026-01-05,1
d:boqueron,Boquerón,sale,2025-08-25,2
d:boqueron,Boquerón,sale,2025-09-01,1
d:boqueron,Boquerón,sale,2025-09-08,4
d:boqueron,Boquerón,sale,2025-09-22,1
d:boqueron,Boquerón,sale,2025-10-13,1
d:boqueron,Boquerón,sale,2025-10-27,2
d:boqueron,Boquerón,sale,2025-11-03,1
d:boqueron,Boquerón,sale,2025-11-10,6
d:boqueron,Boquerón,sale,2025-11-17,1
d:boqueron,Boquerón,sale,2025-11-24,2
d:boqueron,Boquerón,sale,2025-12-01,3
d:boqueron,Boquerón,sale,2025-12-15,1
d:boqueron,Boquerón,sale,2026-01-05,1
d:boqueron,Boquerón,sale,2026-01-26,4
d:boqueron,Boquerón,sale,2026-02-02,1
d:boqueron,Boquerón,sale,2026-02-09,1
d:boqueron,Boquerón,sale,2026-02-16,1
d:boqueron,Boquerón,sale,2026-02-23,2
d:boqueron,Boquerón,sale,2026-03-09,4
d:boqueron,Boquerón,sale,2026-03-16,1
d:boqueron,Boquerón,sale,2026-04-06,2
d:boqueron,Boquerón,sale,2026-04-20,2
d:boqueron,Boquerón,sale,2026-04-27,1
d:boqueron,Boquerón,sale,2026-05-18,2
d:boqueron,Boquerón,sale,2026-05-25,2
d:boqueron,Boquerón,sale,2026-06-01,1
d:boqueron,Boquerón,sale,2026-06-29,1
d:boqueron,Boquerón,sale,2026-07-06,2
d:boqueron,Boquerón,sale,2026-07-13,2
d:boqueron,Boquerón,sale,2026-07-27,1
d:boqueron,Boquerón,sale,2026-08-03,2
d:boqueron,Boquerón,sale,2026-08-10,1
d:boqueron,Boquerón,sale,2026-08-17,1
d:boqueron,Boquerón,sale,2026-08-24,1
d:boqueron,Boquerón,sale,2026-08-31,2
d:boqueron,Boquerón,sale,2026-09-07,1
d:boqueron,Boquerón,sale,2026-09-14,2
d:boqueron,Boquerón,rent,2025-09-01,2
d:boqueron,Boquerón,rent,2025-09-08,1
d:boqueron,Boquerón,rent,2025-09-22,1
d:boqueron,Boquerón,rent,2025-10-06,2
d:boqueron,Boquerón,rent,2025-10-27,2
d:boqueron,Boquerón,rent,2025-11-10,1
d:boqueron,Boquerón,rent,2025-12-01,1
d:boqueron,Boquerón,rent,2025-12-08,2
d:boqueron,Boquerón,rent,2025-12-15,1
d:boqueron,Boquerón,rent,2025-12-22,2
d:boqueron,Boquerón,rent,2026-01-12,1
d:boqueron,Boquerón,rent,2026-01-19,2
d:boqueron,Boquerón,rent,2026-01-26,2
d:boqueron,Boquerón,rent,2026-02-02,3
d:boqueron,Boquerón,rent,2026-02-09,2
d:boqueron,Boquerón,rent,2026-02-16,3
d:boqueron,Boquerón,rent,2026-02-23,1
d:boqueron,Boquerón,rent,2026-03-02,1
d:boqueron,Boquerón,rent,2026-03-09,2
d:boqueron,Boquerón,rent,2026-03-16,1
d:boqueron,Boquerón,rent,2026-03-23,2
d:boqueron,Boquerón,rent,2026-04-06,1
d:boqueron,Boquerón,rent,2026-04-20,1
d:boqueron,Boquerón,rent,2026-04-27,2
d:boqueron,Boquerón,rent,2026-05-11,1
d:boqueron,Boquerón,rent,2026-05-18,1
d:boqueron,Boquerón,rent,2026-05-25,3
d:boqueron,Boquerón,rent,2026-06-01,1
d:boqueron,Boquerón,rent,2026-06-22,1
d:boqueron,Boquerón,rent,2026-06-29,1
d:boqueron,Boquerón,rent,2026-07-06,1
d:boqueron,Boquerón,rent,2026-07-13,2
d:boqueron,Boquerón,rent,2026-07-20,1
d:boqueron,Boquerón,rent,2026-07-27,2
d:boqueron,Boquerón,rent,2026-08-03,2
d:boqueron,Boquerón,rent,2026-08-10,2
d:boqueron,Boquerón,rent,2026-08-17,3
d:boqueron,Boquerón,rent,2026-08-31,3
d:boqueron,Boquerón,rent,2026-09-07,1
d:boqueron,Boquerón,rent,2026-09-14,1
d:paraguari,Paraguarí,sale,2025-12-22,2
d:paraguari,Paraguarí,sale,2026-01-12,2
d:paraguari,Paraguarí,sale,2026-04-20,1
d:paraguari,Paraguarí,sale,2026-06-01,1
d:paraguari,Paraguarí,sale,2026-07-06,1
d:paraguari,Paraguarí,sale,2026-08-31,1
d:paraguari,Paraguarí,sale,2026-09-07,1
d:paraguari,Paraguarí,rent,2026-07-27,1
d:caaguazu,Caaguazú,sale,2025-09-22,1
d:caaguazu,Caaguazú,sale,2025-12-22,1
d:caaguazu,Caaguazú,sale,2026-03-09,1
d:caaguazu,Caaguazú,sale,2026-07-27,1
d:caaguazu,Caaguazú,sale,2026-08-03,1
d:san-pedro,San Pedro,sale,2025-09-22,1
d:san-pedro,San Pedro,sale,2025-12-15,1
d:misiones,Misiones,sale,2025-09-29,1
d:misiones,Misiones,sale,2025-11-10,1
d:misiones,Misiones,sale,2026-08-03,1
d:misiones,Misiones,rent,2025-09-15,1
d:misiones,Misiones,rent,2025-09-29,2
d:misiones,Misiones,rent,2025-10-27,1
d:guaira,Guairá,sale,2025-12-01,1
d:guaira,Guairá,sale,2026-03-09,1
d:guaira,Guairá,sale,2026-05-25,1
d:guaira,Guairá,rent,2026-01-26,1
d:guaira,Guairá,rent,2026-06-29,1
d:caazapa,Caazapá,sale,2025-09-29,1
d:caazapa,Caazapá,sale,2025-12-29,1
d:caazapa,Caazapá,sale,2026-02-16,1
d:caazapa,Caazapá,sale,2026-03-30,1
d:caazapa,Caazapá,sale,2026-08-03,1
d:caazapa,Caazapá,sale,2026-08-17,1
d:caazapa,Caazapá,rent,2025-10-06,1
d:caazapa,Caazapá,rent,2025-11-17,1
d:caazapa,Caazapá,rent,2026-02-09,1
d:concepcion,Concepción,sale,2025-09-29,1
d:concepcion,Concepción,sale,2026-07-13,1
d:concepcion,Concepción,rent,2026-06-29,3
d:alto-paraguay,Alto Paraguay,sale,2025-11-17,1
d:alto-paraguay,Alto Paraguay,sale,2025-12-01,1
d:amambay,Amambay,sale,2026-09-07,1
