market_id,market,operation,property_kind,quarter_start,closes,median_spread_pct,at_ask_share_pct,below_ask_median_pct,closes_below_ask
py,Paraguay,sale,casa,2025-07-01,32,-1.5,37.5,,19
py,Paraguay,sale,casa,2025-10-01,95,-4,36.8,-7.9,58
py,Paraguay,sale,casa,2026-01-01,72,-2.3,40.3,-7,42
py,Paraguay,sale,casa,2026-04-01,81,-3.7,35.8,-6.3,49
py,Paraguay,sale,casa,2026-07-01,63,-4.4,31.7,-7.7,41
py,Paraguay,sale,departamento,2025-07-01,5,,,,3
py,Paraguay,sale,departamento,2025-10-01,18,,,,9
py,Paraguay,sale,departamento,2026-01-01,14,,,,8
py,Paraguay,sale,departamento,2026-04-01,28,,,,10
py,Paraguay,sale,departamento,2026-07-01,25,,,,11
py,Paraguay,sale,duplex,2025-07-01,5,,,,4
py,Paraguay,sale,duplex,2025-10-01,15,,,,13
py,Paraguay,sale,duplex,2026-01-01,12,,,,9
py,Paraguay,sale,duplex,2026-04-01,18,,,,9
py,Paraguay,sale,duplex,2026-07-01,15,,,,7
py,Paraguay,sale,terreno,2025-07-01,56,-6.6,32.1,-9.6,36
py,Paraguay,sale,terreno,2025-10-01,139,-3,39.6,-9.4,80
py,Paraguay,sale,terreno,2026-01-01,137,-3.4,42.3,-7.4,78
py,Paraguay,sale,terreno,2026-04-01,111,-4,38.7,-7.4,68
py,Paraguay,sale,terreno,2026-07-01,118,-3.3,39.8,-8.3,71
py,Paraguay,sale,all,2025-07-01,104,-5.1,32.7,-9.1,67
py,Paraguay,sale,all,2025-10-01,287,-3.1,37.3,-8.1,172
py,Paraguay,sale,all,2026-01-01,249,-2.9,40.2,-7.3,145
py,Paraguay,sale,all,2026-04-01,252,-3,39.3,-7,145
py,Paraguay,sale,all,2026-07-01,231,-3,39.4,-7.3,136
py,Paraguay,rent,casa,2025-07-01,46,0,69.6,,11
py,Paraguay,rent,casa,2025-10-01,97,0,79.4,,16
py,Paraguay,rent,casa,2026-01-01,115,0,79.1,,23
py,Paraguay,rent,casa,2026-04-01,114,0,79.8,,21
py,Paraguay,rent,casa,2026-07-01,106,0,75.5,,23
py,Paraguay,rent,departamento,2025-07-01,63,0,82.5,,10
py,Paraguay,rent,departamento,2025-10-01,132,0,77.3,,24
py,Paraguay,rent,departamento,2026-01-01,159,0,76.7,-7.7,33
py,Paraguay,rent,departamento,2026-04-01,144,0,79.2,,27
py,Paraguay,rent,departamento,2026-07-01,127,0,77.2,,26
py,Paraguay,rent,all,2025-07-01,189,0,67.2,-10.1,52
py,Paraguay,rent,all,2025-10-01,395,0,73.7,-9.3,92
py,Paraguay,rent,all,2026-01-01,434,0,74.7,-9.1,102
py,Paraguay,rent,all,2026-04-01,409,0,77.3,-8,86
py,Paraguay,rent,all,2026-07-01,362,0,76.8,-9.1,76
d:asuncion,Asunción,sale,casa,2025-07-01,7,,,,5
d:asuncion,Asunción,sale,casa,2025-10-01,10,,,,8
d:asuncion,Asunción,sale,casa,2026-01-01,21,,,,14
d:asuncion,Asunción,sale,casa,2026-04-01,18,,,,12
d:asuncion,Asunción,sale,casa,2026-07-01,8,,,,7
d:asuncion,Asunción,sale,departamento,2025-07-01,4,,,,2
d:asuncion,Asunción,sale,departamento,2025-10-01,8,,,,4
d:asuncion,Asunción,sale,departamento,2026-01-01,11,,,,7
d:asuncion,Asunción,sale,departamento,2026-04-01,12,,,,5
d:asuncion,Asunción,sale,departamento,2026-07-01,19,,,,8
d:asuncion,Asunción,sale,duplex,2025-07-01,1,,,,1
d:asuncion,Asunción,sale,duplex,2026-07-01,1,,,,1
d:asuncion,Asunción,sale,terreno,2025-07-01,2,,,,2
d:asuncion,Asunción,sale,terreno,2025-10-01,15,,,,9
d:asuncion,Asunción,sale,terreno,2026-01-01,9,,,,7
d:asuncion,Asunción,sale,terreno,2026-04-01,7,,,,5
d:asuncion,Asunción,sale,terreno,2026-07-01,5,,,,3
d:asuncion,Asunción,sale,all,2025-07-01,15,,,,10
d:asuncion,Asunción,sale,all,2025-10-01,37,-4.8,35.1,,23
d:asuncion,Asunción,sale,all,2026-01-01,43,-5.4,30.2,,28
d:asuncion,Asunción,sale,all,2026-04-01,38,-3.4,36.8,,23
d:asuncion,Asunción,sale,all,2026-07-01,34,-2.6,35.3,,20
d:asuncion,Asunción,rent,casa,2025-07-01,11,,,,1
d:asuncion,Asunción,rent,casa,2025-10-01,19,,,,6
d:asuncion,Asunción,rent,casa,2026-01-01,14,,,,5
d:asuncion,Asunción,rent,casa,2026-04-01,19,,,,6
d:asuncion,Asunción,rent,casa,2026-07-01,27,,,,7
d:asuncion,Asunción,rent,departamento,2025-07-01,30,0,83.3,,5
d:asuncion,Asunción,rent,departamento,2025-10-01,65,0,81.5,,10
d:asuncion,Asunción,rent,departamento,2026-01-01,80,0,71.3,,22
d:asuncion,Asunción,rent,departamento,2026-04-01,56,0,75,,13
d:asuncion,Asunción,rent,departamento,2026-07-01,56,0,69.6,,16
d:asuncion,Asunción,rent,all,2025-07-01,66,0,72.7,,13
d:asuncion,Asunción,rent,all,2025-10-01,135,0,71.9,-7.9,33
d:asuncion,Asunción,rent,all,2026-01-01,137,0,64.2,-8.1,46
d:asuncion,Asunción,rent,all,2026-04-01,112,0,69.6,-8,32
d:asuncion,Asunción,rent,all,2026-07-01,115,0,68.7,-8.1,34
d:central,Central,sale,casa,2025-07-01,20,,,,10
d:central,Central,sale,casa,2025-10-01,63,-3.8,34.9,-7.9,39
d:central,Central,sale,casa,2026-01-01,34,-2.1,44.1,,19
d:central,Central,sale,casa,2026-04-01,42,-3.5,35.7,,25
d:central,Central,sale,casa,2026-07-01,34,-5.3,23.5,,26
d:central,Central,sale,duplex,2025-07-01,4,,,,3
d:central,Central,sale,duplex,2025-10-01,15,,,,13
d:central,Central,sale,duplex,2026-01-01,10,,,,7
d:central,Central,sale,duplex,2026-04-01,16,,,,8
d:central,Central,sale,duplex,2026-07-01,12,,,,6
d:central,Central,sale,terreno,2025-07-01,30,-8.5,16.7,,24
d:central,Central,sale,terreno,2025-10-01,75,-3.1,40,-11.1,43
d:central,Central,sale,terreno,2026-01-01,77,-3.6,37.7,-7.9,48
d:central,Central,sale,terreno,2026-04-01,67,-4.5,37.3,-7.2,42
d:central,Central,sale,terreno,2026-07-01,56,-4.5,33.9,-9.1,37
d:central,Central,sale,all,2025-07-01,57,-6.3,26.3,-9.1,40
d:central,Central,sale,all,2025-10-01,165,-2.9,34.5,-8,103
d:central,Central,sale,all,2026-01-01,129,-3.1,39.5,-7,78
d:central,Central,sale,all,2026-04-01,145,-2.8,38.6,-6.7,83
d:central,Central,sale,all,2026-07-01,113,-4.3,34.5,-7.8,74
d:central,Central,sale,departamento,2025-10-01,6,,,,4
d:central,Central,sale,departamento,2026-01-01,3,,,,1
d:central,Central,sale,departamento,2026-04-01,14,,,,5
d:central,Central,sale,departamento,2026-07-01,5,,,,2
d:central,Central,rent,casa,2025-07-01,20,,,,8
d:central,Central,rent,casa,2025-10-01,43,0,79.1,,8
d:central,Central,rent,casa,2026-01-01,57,0,82.5,,9
d:central,Central,rent,casa,2026-04-01,57,0,80.7,,11
d:central,Central,rent,casa,2026-07-01,40,0,77.5,,8
d:central,Central,rent,departamento,2025-07-01,28,,,,5
d:central,Central,rent,departamento,2025-10-01,46,0,63,,13
d:central,Central,rent,departamento,2026-01-01,50,0,74,,10
d:central,Central,rent,departamento,2026-04-01,55,0,76.4,,11
d:central,Central,rent,departamento,2026-07-01,48,0,75,,10
d:central,Central,rent,all,2025-07-01,85,0,56.5,-10.7,32
d:central,Central,rent,all,2025-10-01,158,0,63.3,-10,52
d:central,Central,rent,all,2026-01-01,183,0,75.4,-9.1,41
d:central,Central,rent,all,2026-04-01,189,0,75.7,-7.6,42
d:central,Central,rent,all,2026-07-01,143,0,77.6,,28
c:central:luque,Luque,sale,casa,2025-07-01,5,,,,2
c:central:luque,Luque,sale,casa,2025-10-01,17,,,,7
c:central:luque,Luque,sale,casa,2026-01-01,5,,,,2
c:central:luque,Luque,sale,casa,2026-04-01,7,,,,4
c:central:luque,Luque,sale,casa,2026-07-01,2,,,,1
c:central:luque,Luque,sale,duplex,2025-07-01,1,,,,1
c:central:luque,Luque,sale,duplex,2025-10-01,5,,,,4
c:central:luque,Luque,sale,duplex,2026-01-01,4,,,,3
c:central:luque,Luque,sale,duplex,2026-04-01,5,,,,2
c:central:luque,Luque,sale,duplex,2026-07-01,6,,,,5
c:central:luque,Luque,sale,terreno,2025-07-01,7,,,,3
c:central:luque,Luque,sale,terreno,2025-10-01,18,,,,10
c:central:luque,Luque,sale,terreno,2026-01-01,15,,,,10
c:central:luque,Luque,sale,terreno,2026-04-01,21,,,,13
c:central:luque,Luque,sale,terreno,2026-07-01,8,,,,6
c:central:luque,Luque,sale,all,2025-07-01,13,,,,6
c:central:luque,Luque,sale,all,2025-10-01,43,-0.8,39.5,,23
c:central:luque,Luque,sale,all,2026-01-01,25,,,,15
c:central:luque,Luque,sale,all,2026-04-01,41,-2.9,39,,22
c:central:luque,Luque,sale,all,2026-07-01,18,,,,13
c:central:luque,Luque,sale,departamento,2025-10-01,3,,,,2
c:central:luque,Luque,sale,departamento,2026-01-01,1,,,,0
c:central:luque,Luque,sale,departamento,2026-04-01,5,,,,3
c:central:luque,Luque,sale,departamento,2026-07-01,1,,,,0
c:central:luque,Luque,rent,casa,2025-07-01,3,,,,1
c:central:luque,Luque,rent,casa,2025-10-01,9,,,,3
c:central:luque,Luque,rent,casa,2026-01-01,12,,,,2
c:central:luque,Luque,rent,casa,2026-04-01,11,,,,3
c:central:luque,Luque,rent,casa,2026-07-01,10,,,,2
c:central:luque,Luque,rent,departamento,2025-07-01,13,,,,2
c:central:luque,Luque,rent,departamento,2025-10-01,10,,,,2
c:central:luque,Luque,rent,departamento,2026-01-01,11,,,,1
c:central:luque,Luque,rent,departamento,2026-04-01,17,,,,4
c:central:luque,Luque,rent,departamento,2026-07-01,16,,,,3
c:central:luque,Luque,rent,all,2025-07-01,23,,,,7
c:central:luque,Luque,rent,all,2025-10-01,33,0,60.6,,10
c:central:luque,Luque,rent,all,2026-01-01,35,0,77.1,,8
c:central:luque,Luque,rent,all,2026-04-01,44,0,77.3,,10
c:central:luque,Luque,rent,all,2026-07-01,32,0,71.9,,7
c:central:san-lorenzo,San Lorenzo,sale,casa,2025-07-01,2,,,,1
c:central:san-lorenzo,San Lorenzo,sale,casa,2025-10-01,4,,,,3
c:central:san-lorenzo,San Lorenzo,sale,casa,2026-01-01,6,,,,4
c:central:san-lorenzo,San Lorenzo,sale,casa,2026-04-01,8,,,,7
c:central:san-lorenzo,San Lorenzo,sale,casa,2026-07-01,9,,,,7
c:central:san-lorenzo,San Lorenzo,sale,terreno,2025-07-01,1,,,,1
c:central:san-lorenzo,San Lorenzo,sale,terreno,2025-10-01,6,,,,3
c:central:san-lorenzo,San Lorenzo,sale,terreno,2026-01-01,16,,,,8
c:central:san-lorenzo,San Lorenzo,sale,terreno,2026-04-01,6,,,,4
c:central:san-lorenzo,San Lorenzo,sale,terreno,2026-07-01,9,,,,4
c:central:san-lorenzo,San Lorenzo,sale,all,2025-07-01,4,,,,3
c:central:san-lorenzo,San Lorenzo,sale,all,2025-10-01,15,,,,11
c:central:san-lorenzo,San Lorenzo,sale,all,2026-01-01,27,,,,15
c:central:san-lorenzo,San Lorenzo,sale,all,2026-04-01,18,,,,12
c:central:san-lorenzo,San Lorenzo,sale,all,2026-07-01,20,,,,11
c:central:san-lorenzo,San Lorenzo,sale,departamento,2025-10-01,2,,,,2
c:central:san-lorenzo,San Lorenzo,sale,departamento,2026-04-01,2,,,,1
c:central:san-lorenzo,San Lorenzo,sale,duplex,2026-01-01,3,,,,2
c:central:san-lorenzo,San Lorenzo,sale,duplex,2026-04-01,2,,,,0
c:central:san-lorenzo,San Lorenzo,sale,duplex,2026-07-01,1,,,,0
c:central:san-lorenzo,San Lorenzo,rent,casa,2025-07-01,6,,,,1
c:central:san-lorenzo,San Lorenzo,rent,casa,2025-10-01,6,,,,1
c:central:san-lorenzo,San Lorenzo,rent,casa,2026-01-01,9,,,,3
c:central:san-lorenzo,San Lorenzo,rent,casa,2026-04-01,3,,,,0
c:central:san-lorenzo,San Lorenzo,rent,casa,2026-07-01,3,,,,0
c:central:san-lorenzo,San Lorenzo,rent,departamento,2025-07-01,3,,,,1
c:central:san-lorenzo,San Lorenzo,rent,departamento,2025-10-01,6,,,,3
c:central:san-lorenzo,San Lorenzo,rent,departamento,2026-01-01,9,,,,3
c:central:san-lorenzo,San Lorenzo,rent,departamento,2026-04-01,11,,,,3
c:central:san-lorenzo,San Lorenzo,rent,departamento,2026-07-01,9,,,,1
c:central:san-lorenzo,San Lorenzo,rent,all,2025-07-01,12,,,,2
c:central:san-lorenzo,San Lorenzo,rent,all,2025-10-01,29,,,,13
c:central:san-lorenzo,San Lorenzo,rent,all,2026-01-01,31,0,67.7,,10
c:central:san-lorenzo,San Lorenzo,rent,all,2026-04-01,32,0,62.5,,10
c:central:san-lorenzo,San Lorenzo,rent,all,2026-07-01,22,,,,5
c:central:lambare,Lambaré,sale,casa,2025-07-01,3,,,,3
c:central:lambare,Lambaré,sale,casa,2025-10-01,13,,,,10
c:central:lambare,Lambaré,sale,casa,2026-01-01,5,,,,3
c:central:lambare,Lambaré,sale,casa,2026-04-01,7,,,,4
c:central:lambare,Lambaré,sale,casa,2026-07-01,6,,,,5
c:central:lambare,Lambaré,sale,terreno,2025-07-01,4,,,,3
c:central:lambare,Lambaré,sale,terreno,2025-10-01,7,,,,5
c:central:lambare,Lambaré,sale,terreno,2026-01-01,2,,,,2
c:central:lambare,Lambaré,sale,terreno,2026-04-01,6,,,,3
c:central:lambare,Lambaré,sale,terreno,2026-07-01,7,,,,7
c:central:lambare,Lambaré,sale,all,2025-07-01,8,,,,7
c:central:lambare,Lambaré,sale,all,2025-10-01,24,,,,19
c:central:lambare,Lambaré,sale,all,2026-01-01,9,,,,6
c:central:lambare,Lambaré,sale,all,2026-04-01,18,,,,10
c:central:lambare,Lambaré,sale,all,2026-07-01,16,,,,14
c:central:lambare,Lambaré,sale,duplex,2025-10-01,4,,,,4
c:central:lambare,Lambaré,sale,duplex,2026-01-01,1,,,,1
c:central:lambare,Lambaré,sale,duplex,2026-04-01,4,,,,3
c:central:lambare,Lambaré,sale,duplex,2026-07-01,1,,,,1
c:central:lambare,Lambaré,sale,departamento,2026-01-01,1,,,,0
c:central:lambare,Lambaré,sale,departamento,2026-04-01,1,,,,0
c:central:lambare,Lambaré,rent,casa,2025-07-01,3,,,,1
c:central:lambare,Lambaré,rent,casa,2025-10-01,10,,,,3
c:central:lambare,Lambaré,rent,casa,2026-01-01,9,,,,2
c:central:lambare,Lambaré,rent,casa,2026-04-01,13,,,,3
c:central:lambare,Lambaré,rent,casa,2026-07-01,5,,,,0
c:central:lambare,Lambaré,rent,departamento,2025-07-01,3,,,,0
c:central:lambare,Lambaré,rent,departamento,2025-10-01,4,,,,0
c:central:lambare,Lambaré,rent,departamento,2026-01-01,6,,,,2
c:central:lambare,Lambaré,rent,departamento,2026-04-01,3,,,,0
c:central:lambare,Lambaré,rent,departamento,2026-07-01,3,,,,2
c:central:lambare,Lambaré,rent,all,2025-07-01,13,,,,4
c:central:lambare,Lambaré,rent,all,2025-10-01,22,,,,7
c:central:lambare,Lambaré,rent,all,2026-01-01,27,,,,4
c:central:lambare,Lambaré,rent,all,2026-04-01,28,,,,7
c:central:lambare,Lambaré,rent,all,2026-07-01,22,,,,2
c:central:capiata,Capiatá,sale,casa,2025-07-01,3,,,,1
c:central:capiata,Capiatá,sale,casa,2025-10-01,7,,,,4
c:central:capiata,Capiatá,sale,casa,2026-04-01,8,,,,5
c:central:capiata,Capiatá,sale,casa,2026-07-01,3,,,,3
c:central:capiata,Capiatá,sale,terreno,2025-07-01,2,,,,2
c:central:capiata,Capiatá,sale,terreno,2025-10-01,6,,,,4
c:central:capiata,Capiatá,sale,terreno,2026-01-01,6,,,,3
c:central:capiata,Capiatá,sale,terreno,2026-04-01,7,,,,5
c:central:capiata,Capiatá,sale,terreno,2026-07-01,2,,,,2
c:central:capiata,Capiatá,sale,all,2025-07-01,5,,,,3
c:central:capiata,Capiatá,sale,all,2025-10-01,13,,,,8
c:central:capiata,Capiatá,sale,all,2026-01-01,6,,,,3
c:central:capiata,Capiatá,sale,all,2026-04-01,15,,,,10
c:central:capiata,Capiatá,sale,all,2026-07-01,7,,,,5
c:central:capiata,Capiatá,sale,duplex,2026-07-01,2,,,,0
c:central:capiata,Capiatá,rent,casa,2025-07-01,2,,,,2
c:central:capiata,Capiatá,rent,casa,2025-10-01,2,,,,0
c:central:capiata,Capiatá,rent,casa,2026-01-01,4,,,,0
c:central:capiata,Capiatá,rent,casa,2026-04-01,3,,,,0
c:central:capiata,Capiatá,rent,casa,2026-07-01,4,,,,1
c:central:capiata,Capiatá,rent,all,2025-07-01,2,,,,2
c:central:capiata,Capiatá,rent,all,2025-10-01,6,,,,3
c:central:capiata,Capiatá,rent,all,2026-01-01,9,,,,1
c:central:capiata,Capiatá,rent,all,2026-04-01,5,,,,2
c:central:capiata,Capiatá,rent,all,2026-07-01,6,,,,3
c:central:capiata,Capiatá,rent,departamento,2025-10-01,1,,,,1
c:central:capiata,Capiatá,rent,departamento,2026-01-01,2,,,,0
c:central:capiata,Capiatá,rent,departamento,2026-07-01,1,,,,1
c:central:nemby,Ñemby,sale,terreno,2025-07-01,4,,,,3
c:central:nemby,Ñemby,sale,terreno,2025-10-01,5,,,,3
c:central:nemby,Ñemby,sale,terreno,2026-01-01,11,,,,6
c:central:nemby,Ñemby,sale,terreno,2026-04-01,5,,,,3
c:central:nemby,Ñemby,sale,terreno,2026-07-01,8,,,,6
c:central:nemby,Ñemby,sale,all,2025-07-01,4,,,,3
c:central:nemby,Ñemby,sale,all,2025-10-01,8,,,,6
c:central:nemby,Ñemby,sale,all,2026-01-01,14,,,,7
c:central:nemby,Ñemby,sale,all,2026-04-01,8,,,,4
c:central:nemby,Ñemby,sale,all,2026-07-01,11,,,,7
c:central:nemby,Ñemby,sale,casa,2025-10-01,3,,,,3
c:central:nemby,Ñemby,sale,casa,2026-01-01,3,,,,1
c:central:nemby,Ñemby,sale,casa,2026-04-01,2,,,,0
c:central:nemby,Ñemby,sale,casa,2026-07-01,2,,,,1
c:central:nemby,Ñemby,sale,duplex,2026-04-01,1,,,,1
c:central:nemby,Ñemby,sale,duplex,2026-07-01,1,,,,0
c:central:nemby,Ñemby,rent,departamento,2025-07-01,1,,,,1
c:central:nemby,Ñemby,rent,departamento,2026-01-01,3,,,,0
c:central:nemby,Ñemby,rent,departamento,2026-04-01,3,,,,1
c:central:nemby,Ñemby,rent,departamento,2026-07-01,2,,,,0
c:central:nemby,Ñemby,rent,all,2025-07-01,6,,,,4
c:central:nemby,Ñemby,rent,all,2025-10-01,6,,,,1
c:central:nemby,Ñemby,rent,all,2026-01-01,13,,,,3
c:central:nemby,Ñemby,rent,all,2026-04-01,8,,,,2
c:central:nemby,Ñemby,rent,all,2026-07-01,7,,,,0
c:central:nemby,Ñemby,rent,casa,2025-10-01,2,,,,0
c:central:nemby,Ñemby,rent,casa,2026-01-01,4,,,,1
c:central:nemby,Ñemby,rent,casa,2026-04-01,4,,,,0
c:central:nemby,Ñemby,rent,casa,2026-07-01,4,,,,0
c:central:fernando-de-la-mora,Fernando de la Mora,sale,casa,2025-07-01,1,,,,0
c:central:fernando-de-la-mora,Fernando de la Mora,sale,casa,2025-10-01,1,,,,1
c:central:fernando-de-la-mora,Fernando de la Mora,sale,casa,2026-01-01,1,,,,1
c:central:fernando-de-la-mora,Fernando de la Mora,sale,casa,2026-04-01,1,,,,0
c:central:fernando-de-la-mora,Fernando de la Mora,sale,casa,2026-07-01,2,,,,2
c:central:fernando-de-la-mora,Fernando de la Mora,sale,terreno,2025-07-01,6,,,,6
c:central:fernando-de-la-mora,Fernando de la Mora,sale,terreno,2025-10-01,8,,,,7
c:central:fernando-de-la-mora,Fernando de la Mora,sale,terreno,2026-01-01,7,,,,6
c:central:fernando-de-la-mora,Fernando de la Mora,sale,terreno,2026-04-01,1,,,,1
c:central:fernando-de-la-mora,Fernando de la Mora,sale,terreno,2026-07-01,3,,,,1
c:central:fernando-de-la-mora,Fernando de la Mora,sale,all,2025-07-01,7,,,,6
c:central:fernando-de-la-mora,Fernando de la Mora,sale,all,2025-10-01,14,,,,12
c:central:fernando-de-la-mora,Fernando de la Mora,sale,all,2026-01-01,10,,,,9
c:central:fernando-de-la-mora,Fernando de la Mora,sale,all,2026-04-01,10,,,,4
c:central:fernando-de-la-mora,Fernando de la Mora,sale,all,2026-07-01,10,,,,5
c:central:fernando-de-la-mora,Fernando de la Mora,sale,departamento,2025-10-01,1,,,,0
c:central:fernando-de-la-mora,Fernando de la Mora,sale,departamento,2026-01-01,1,,,,1
c:central:fernando-de-la-mora,Fernando de la Mora,sale,departamento,2026-04-01,6,,,,1
c:central:fernando-de-la-mora,Fernando de la Mora,sale,departamento,2026-07-01,4,,,,2
c:central:fernando-de-la-mora,Fernando de la Mora,sale,duplex,2025-10-01,3,,,,3
c:central:fernando-de-la-mora,Fernando de la Mora,sale,duplex,2026-04-01,2,,,,2
c:central:fernando-de-la-mora,Fernando de la Mora,sale,duplex,2026-07-01,1,,,,0
c:central:fernando-de-la-mora,Fernando de la Mora,rent,casa,2025-07-01,2,,,,1
c:central:fernando-de-la-mora,Fernando de la Mora,rent,casa,2025-10-01,4,,,,0
c:central:fernando-de-la-mora,Fernando de la Mora,rent,casa,2026-01-01,7,,,,1
c:central:fernando-de-la-mora,Fernando de la Mora,rent,casa,2026-04-01,3,,,,1
c:central:fernando-de-la-mora,Fernando de la Mora,rent,casa,2026-07-01,3,,,,1
c:central:fernando-de-la-mora,Fernando de la Mora,rent,departamento,2025-07-01,3,,,,1
c:central:fernando-de-la-mora,Fernando de la Mora,rent,departamento,2025-10-01,18,,,,5
c:central:fernando-de-la-mora,Fernando de la Mora,rent,departamento,2026-01-01,13,,,,2
c:central:fernando-de-la-mora,Fernando de la Mora,rent,departamento,2026-04-01,11,,,,0
c:central:fernando-de-la-mora,Fernando de la Mora,rent,departamento,2026-07-01,8,,,,1
c:central:fernando-de-la-mora,Fernando de la Mora,rent,all,2025-07-01,13,,,,8
c:central:fernando-de-la-mora,Fernando de la Mora,rent,all,2025-10-01,33,0,63.6,,10
c:central:fernando-de-la-mora,Fernando de la Mora,rent,all,2026-01-01,37,0,70.3,,9
c:central:fernando-de-la-mora,Fernando de la Mora,rent,all,2026-04-01,27,,,,1
c:central:fernando-de-la-mora,Fernando de la Mora,rent,all,2026-07-01,22,,,,3
c:central:itaugua,Itauguá,sale,all,2025-07-01,1,,,,1
c:central:itaugua,Itauguá,sale,all,2025-10-01,5,,,,3
c:central:itaugua,Itauguá,sale,all,2026-01-01,2,,,,2
c:central:itaugua,Itauguá,sale,all,2026-04-01,2,,,,1
c:central:itaugua,Itauguá,sale,all,2026-07-01,1,,,,1
c:central:itaugua,Itauguá,sale,casa,2025-10-01,2,,,,1
c:central:itaugua,Itauguá,sale,terreno,2025-10-01,3,,,,2
c:central:itaugua,Itauguá,sale,terreno,2026-01-01,2,,,,2
c:central:itaugua,Itauguá,sale,terreno,2026-07-01,1,,,,1
c:central:itaugua,Itauguá,sale,duplex,2026-04-01,1,,,,0
c:central:itaugua,Itauguá,rent,casa,2025-10-01,2,,,,0
c:central:itaugua,Itauguá,rent,casa,2026-04-01,2,,,,0
c:central:itaugua,Itauguá,rent,casa,2026-07-01,1,,,,0
c:central:itaugua,Itauguá,rent,all,2025-10-01,6,,,,2
c:central:itaugua,Itauguá,rent,all,2026-01-01,2,,,,2
c:central:itaugua,Itauguá,rent,all,2026-04-01,6,,,,0
c:central:itaugua,Itauguá,rent,all,2026-07-01,2,,,,0
c:central:villa-elisa,Villa Elisa,sale,casa,2025-07-01,2,,,,1
c:central:villa-elisa,Villa Elisa,sale,casa,2025-10-01,7,,,,5
c:central:villa-elisa,Villa Elisa,sale,casa,2026-01-01,3,,,,2
c:central:villa-elisa,Villa Elisa,sale,casa,2026-04-01,3,,,,1
c:central:villa-elisa,Villa Elisa,sale,casa,2026-07-01,1,,,,0
c:central:villa-elisa,Villa Elisa,sale,duplex,2025-07-01,2,,,,1
c:central:villa-elisa,Villa Elisa,sale,duplex,2025-10-01,1,,,,1
c:central:villa-elisa,Villa Elisa,sale,duplex,2026-01-01,2,,,,1
c:central:villa-elisa,Villa Elisa,sale,duplex,2026-04-01,1,,,,0
c:central:villa-elisa,Villa Elisa,sale,terreno,2025-07-01,1,,,,1
c:central:villa-elisa,Villa Elisa,sale,terreno,2025-10-01,2,,,,1
c:central:villa-elisa,Villa Elisa,sale,terreno,2026-01-01,10,,,,5
c:central:villa-elisa,Villa Elisa,sale,terreno,2026-04-01,8,,,,6
c:central:villa-elisa,Villa Elisa,sale,terreno,2026-07-01,3,,,,0
c:central:villa-elisa,Villa Elisa,sale,all,2025-07-01,5,,,,3
c:central:villa-elisa,Villa Elisa,sale,all,2025-10-01,12,,,,7
c:central:villa-elisa,Villa Elisa,sale,all,2026-01-01,15,,,,8
c:central:villa-elisa,Villa Elisa,sale,all,2026-04-01,13,,,,8
c:central:villa-elisa,Villa Elisa,sale,all,2026-07-01,5,,,,0
c:central:villa-elisa,Villa Elisa,rent,departamento,2025-07-01,3,,,,0
c:central:villa-elisa,Villa Elisa,rent,departamento,2025-10-01,2,,,,1
c:central:villa-elisa,Villa Elisa,rent,departamento,2026-01-01,3,,,,0
c:central:villa-elisa,Villa Elisa,rent,departamento,2026-04-01,1,,,,0
c:central:villa-elisa,Villa Elisa,rent,departamento,2026-07-01,1,,,,0
c:central:villa-elisa,Villa Elisa,rent,all,2025-07-01,5,,,,1
c:central:villa-elisa,Villa Elisa,rent,all,2025-10-01,9,,,,2
c:central:villa-elisa,Villa Elisa,rent,all,2026-01-01,14,,,,2
c:central:villa-elisa,Villa Elisa,rent,all,2026-04-01,11,,,,2
c:central:villa-elisa,Villa Elisa,rent,all,2026-07-01,9,,,,1
c:central:villa-elisa,Villa Elisa,rent,casa,2025-10-01,4,,,,0
c:central:villa-elisa,Villa Elisa,rent,casa,2026-01-01,5,,,,0
c:central:villa-elisa,Villa Elisa,rent,casa,2026-04-01,3,,,,0
c:central:villa-elisa,Villa Elisa,rent,casa,2026-07-01,2,,,,1
c:central:mariano-roque-alonso,Mariano Roque Alonso,sale,casa,2025-07-01,1,,,,0
c:central:mariano-roque-alonso,Mariano Roque Alonso,sale,casa,2025-10-01,2,,,,1
c:central:mariano-roque-alonso,Mariano Roque Alonso,sale,casa,2026-01-01,5,,,,4
c:central:mariano-roque-alonso,Mariano Roque Alonso,sale,casa,2026-04-01,1,,,,1
c:central:mariano-roque-alonso,Mariano Roque Alonso,sale,casa,2026-07-01,3,,,,2
c:central:mariano-roque-alonso,Mariano Roque Alonso,sale,duplex,2025-07-01,1,,,,1
c:central:mariano-roque-alonso,Mariano Roque Alonso,sale,duplex,2025-10-01,1,,,,0
c:central:mariano-roque-alonso,Mariano Roque Alonso,sale,terreno,2025-07-01,2,,,,2
c:central:mariano-roque-alonso,Mariano Roque Alonso,sale,terreno,2025-10-01,2,,,,0
c:central:mariano-roque-alonso,Mariano Roque Alonso,sale,terreno,2026-01-01,1,,,,1
c:central:mariano-roque-alonso,Mariano Roque Alonso,sale,terreno,2026-04-01,4,,,,3
c:central:mariano-roque-alonso,Mariano Roque Alonso,sale,terreno,2026-07-01,4,,,,3
c:central:mariano-roque-alonso,Mariano Roque Alonso,sale,all,2025-07-01,4,,,,3
c:central:mariano-roque-alonso,Mariano Roque Alonso,sale,all,2025-10-01,5,,,,1
c:central:mariano-roque-alonso,Mariano Roque Alonso,sale,all,2026-01-01,6,,,,5
c:central:mariano-roque-alonso,Mariano Roque Alonso,sale,all,2026-04-01,6,,,,5
c:central:mariano-roque-alonso,Mariano Roque Alonso,sale,all,2026-07-01,7,,,,5
c:central:mariano-roque-alonso,Mariano Roque Alonso,rent,casa,2025-07-01,3,,,,2
c:central:mariano-roque-alonso,Mariano Roque Alonso,rent,casa,2025-10-01,2,,,,1
c:central:mariano-roque-alonso,Mariano Roque Alonso,rent,casa,2026-01-01,5,,,,0
c:central:mariano-roque-alonso,Mariano Roque Alonso,rent,casa,2026-04-01,7,,,,2
c:central:mariano-roque-alonso,Mariano Roque Alonso,rent,casa,2026-07-01,3,,,,1
c:central:mariano-roque-alonso,Mariano Roque Alonso,rent,departamento,2025-07-01,2,,,,0
c:central:mariano-roque-alonso,Mariano Roque Alonso,rent,departamento,2025-10-01,4,,,,1
c:central:mariano-roque-alonso,Mariano Roque Alonso,rent,departamento,2026-01-01,3,,,,2
c:central:mariano-roque-alonso,Mariano Roque Alonso,rent,departamento,2026-04-01,7,,,,3
c:central:mariano-roque-alonso,Mariano Roque Alonso,rent,departamento,2026-07-01,7,,,,2
c:central:mariano-roque-alonso,Mariano Roque Alonso,rent,all,2025-07-01,8,,,,3
c:central:mariano-roque-alonso,Mariano Roque Alonso,rent,all,2025-10-01,6,,,,2
c:central:mariano-roque-alonso,Mariano Roque Alonso,rent,all,2026-01-01,11,,,,2
c:central:mariano-roque-alonso,Mariano Roque Alonso,rent,all,2026-04-01,16,,,,6
c:central:mariano-roque-alonso,Mariano Roque Alonso,rent,all,2026-07-01,12,,,,4
c:central:limpio,Limpio,sale,casa,2025-07-01,1,,,,1
c:central:limpio,Limpio,sale,casa,2025-10-01,4,,,,2
c:central:limpio,Limpio,sale,casa,2026-01-01,2,,,,1
c:central:limpio,Limpio,sale,casa,2026-04-01,1,,,,1
c:central:limpio,Limpio,sale,casa,2026-07-01,4,,,,3
c:central:limpio,Limpio,sale,terreno,2025-07-01,2,,,,2
c:central:limpio,Limpio,sale,terreno,2025-10-01,6,,,,2
c:central:limpio,Limpio,sale,terreno,2026-01-01,2,,,,1
c:central:limpio,Limpio,sale,terreno,2026-04-01,2,,,,1
c:central:limpio,Limpio,sale,terreno,2026-07-01,4,,,,3
c:central:limpio,Limpio,sale,all,2025-07-01,3,,,,3
c:central:limpio,Limpio,sale,all,2025-10-01,10,,,,4
c:central:limpio,Limpio,sale,all,2026-01-01,4,,,,2
c:central:limpio,Limpio,sale,all,2026-04-01,3,,,,2
c:central:limpio,Limpio,sale,all,2026-07-01,9,,,,7
c:central:limpio,Limpio,rent,casa,2025-10-01,1,,,,0
c:central:limpio,Limpio,rent,casa,2026-01-01,1,,,,0
c:central:limpio,Limpio,rent,casa,2026-04-01,5,,,,2
c:central:limpio,Limpio,rent,casa,2026-07-01,2,,,,0
c:central:limpio,Limpio,rent,departamento,2025-10-01,1,,,,0
c:central:limpio,Limpio,rent,departamento,2026-04-01,1,,,,0
c:central:limpio,Limpio,rent,departamento,2026-07-01,1,,,,0
c:central:limpio,Limpio,rent,all,2025-10-01,3,,,,1
c:central:limpio,Limpio,rent,all,2026-01-01,2,,,,0
c:central:limpio,Limpio,rent,all,2026-04-01,6,,,,2
c:central:limpio,Limpio,rent,all,2026-07-01,4,,,,1
c:central:aregua,Areguá,sale,casa,2025-07-01,1,,,,1
c:central:aregua,Areguá,sale,casa,2025-10-01,1,,,,1
c:central:aregua,Areguá,sale,casa,2026-01-01,3,,,,0
c:central:aregua,Areguá,sale,casa,2026-04-01,1,,,,0
c:central:aregua,Areguá,sale,all,2025-07-01,1,,,,1
c:central:aregua,Areguá,sale,all,2025-10-01,1,,,,1
c:central:aregua,Areguá,sale,all,2026-01-01,4,,,,1
c:central:aregua,Areguá,sale,all,2026-04-01,4,,,,1
c:central:aregua,Areguá,sale,all,2026-07-01,1,,,,0
c:central:aregua,Areguá,sale,terreno,2026-04-01,3,,,,1
c:central:aregua,Areguá,sale,terreno,2026-07-01,1,,,,0
c:central:aregua,Areguá,rent,casa,2025-10-01,1,,,,0
c:central:aregua,Areguá,rent,casa,2026-01-01,1,,,,0
c:central:aregua,Areguá,rent,casa,2026-04-01,2,,,,0
c:central:aregua,Areguá,rent,casa,2026-07-01,2,,,,2
c:central:aregua,Areguá,rent,all,2025-10-01,1,,,,0
c:central:aregua,Areguá,rent,all,2026-01-01,1,,,,0
c:central:aregua,Areguá,rent,all,2026-04-01,2,,,,0
c:central:aregua,Areguá,rent,all,2026-07-01,2,,,,2
c:central:ypane,Ypané,sale,terreno,2025-07-01,1,,,,1
c:central:ypane,Ypané,sale,terreno,2025-10-01,2,,,,0
c:central:ypane,Ypané,sale,terreno,2026-01-01,1,,,,0
c:central:ypane,Ypané,sale,terreno,2026-04-01,2,,,,0
c:central:ypane,Ypané,sale,terreno,2026-07-01,2,,,,2
c:central:ypane,Ypané,sale,all,2025-07-01,1,,,,1
c:central:ypane,Ypané,sale,all,2025-10-01,2,,,,0
c:central:ypane,Ypané,sale,all,2026-01-01,1,,,,0
c:central:ypane,Ypané,sale,all,2026-04-01,3,,,,0
c:central:ypane,Ypané,sale,all,2026-07-01,2,,,,2
c:central:ypane,Ypané,sale,casa,2026-04-01,1,,,,0
c:central:ypane,Ypané,rent,all,2025-07-01,1,,,,0
c:central:ypane,Ypané,rent,all,2025-10-01,1,,,,0
c:central:ypacarai,Ypacaraí,sale,terreno,2025-10-01,5,,,,3
c:central:ypacarai,Ypacaraí,sale,terreno,2026-01-01,2,,,,2
c:central:ypacarai,Ypacaraí,sale,terreno,2026-07-01,1,,,,0
c:central:ypacarai,Ypacaraí,sale,all,2025-10-01,5,,,,3
c:central:ypacarai,Ypacaraí,sale,all,2026-01-01,3,,,,3
c:central:ypacarai,Ypacaraí,sale,all,2026-07-01,1,,,,0
c:central:ypacarai,Ypacaraí,sale,casa,2026-01-01,1,,,,1
c:central:ypacarai,Ypacaraí,rent,all,2026-01-01,1,,,,0
c:central:ypacarai,Ypacaraí,rent,all,2026-04-01,1,,,,0
c:central:san-antonio,San Antonio,sale,casa,2025-10-01,1,,,,1
c:central:san-antonio,San Antonio,sale,casa,2026-07-01,1,,,,1
c:central:san-antonio,San Antonio,sale,duplex,2025-10-01,1,,,,1
c:central:san-antonio,San Antonio,sale,terreno,2025-10-01,3,,,,1
c:central:san-antonio,San Antonio,sale,terreno,2026-01-01,1,,,,1
c:central:san-antonio,San Antonio,sale,terreno,2026-04-01,2,,,,2
c:central:san-antonio,San Antonio,sale,terreno,2026-07-01,1,,,,1
c:central:san-antonio,San Antonio,sale,all,2025-10-01,5,,,,3
c:central:san-antonio,San Antonio,sale,all,2026-01-01,1,,,,1
c:central:san-antonio,San Antonio,sale,all,2026-04-01,2,,,,2
c:central:san-antonio,San Antonio,sale,all,2026-07-01,2,,,,2
c:central:san-antonio,San Antonio,rent,all,2025-10-01,2,,,,1
c:central:san-antonio,San Antonio,rent,all,2026-04-01,2,,,,0
c:central:san-antonio,San Antonio,rent,casa,2026-04-01,1,,,,0
c:central:villeta,Villeta,rent,all,2025-07-01,1,,,,1
c:central:villeta,Villeta,rent,all,2025-10-01,1,,,,0
c:central:villeta,Villeta,rent,all,2026-07-01,2,,,,0
c:central:villeta,Villeta,rent,casa,2026-07-01,1,,,,0
c:central:ita,Itá,sale,terreno,2025-10-01,1,,,,1
c:central:ita,Itá,sale,terreno,2026-07-01,1,,,,1
c:central:ita,Itá,sale,all,2025-10-01,1,,,,1
c:central:ita,Itá,sale,all,2026-04-01,1,,,,1
c:central:ita,Itá,sale,all,2026-07-01,1,,,,1
c:central:ita,Itá,sale,casa,2026-04-01,1,,,,1
c:central:ita,Itá,rent,departamento,2026-04-01,1,,,,0
c:central:ita,Itá,rent,all,2026-04-01,1,,,,0
c:central:ita,Itá,rent,all,2026-07-01,1,,,,0
c:central:julian-augusto-saldivar,Julián Augusto Saldívar,sale,casa,2025-07-01,1,,,,0
c:central:julian-augusto-saldivar,Julián Augusto Saldívar,sale,casa,2026-07-01,1,,,,1
c:central:julian-augusto-saldivar,Julián Augusto Saldívar,sale,all,2025-07-01,1,,,,0
c:central:julian-augusto-saldivar,Julián Augusto Saldívar,sale,all,2025-10-01,1,,,,1
c:central:julian-augusto-saldivar,Julián Augusto Saldívar,sale,all,2026-01-01,1,,,,1
c:central:julian-augusto-saldivar,Julián Augusto Saldívar,sale,all,2026-07-01,1,,,,1
c:central:julian-augusto-saldivar,Julián Augusto Saldívar,sale,terreno,2025-10-01,1,,,,1
c:central:julian-augusto-saldivar,Julián Augusto Saldívar,sale,terreno,2026-01-01,1,,,,1
c:central:nueva-italia,Nueva Italia,sale,all,2026-01-01,1,,,,0
d:itapua,Itapúa,sale,terreno,2025-07-01,2,,,,0
d:itapua,Itapúa,sale,terreno,2025-10-01,9,,,,4
d:itapua,Itapúa,sale,terreno,2026-01-01,14,,,,3
d:itapua,Itapúa,sale,terreno,2026-04-01,5,,,,1
d:itapua,Itapúa,sale,terreno,2026-07-01,10,,,,1
d:itapua,Itapúa,sale,all,2025-07-01,3,,,,1
d:itapua,Itapúa,sale,all,2025-10-01,15,,,,7
d:itapua,Itapúa,sale,all,2026-01-01,19,,,,6
d:itapua,Itapúa,sale,all,2026-04-01,10,,,,2
d:itapua,Itapúa,sale,all,2026-07-01,22,,,,5
d:itapua,Itapúa,sale,casa,2025-10-01,4,,,,3
d:itapua,Itapúa,sale,casa,2026-01-01,3,,,,1
d:itapua,Itapúa,sale,casa,2026-04-01,2,,,,0
d:itapua,Itapúa,sale,casa,2026-07-01,8,,,,2
d:itapua,Itapúa,sale,departamento,2025-10-01,2,,,,0
d:itapua,Itapúa,sale,departamento,2026-04-01,1,,,,0
d:itapua,Itapúa,sale,departamento,2026-07-01,1,,,,1
d:itapua,Itapúa,sale,duplex,2026-01-01,2,,,,2
d:itapua,Itapúa,sale,duplex,2026-04-01,2,,,,1
d:itapua,Itapúa,sale,duplex,2026-07-01,2,,,,0
d:itapua,Itapúa,rent,casa,2025-07-01,7,,,,1
d:itapua,Itapúa,rent,casa,2025-10-01,9,,,,0
d:itapua,Itapúa,rent,casa,2026-01-01,11,,,,1
d:itapua,Itapúa,rent,casa,2026-04-01,9,,,,1
d:itapua,Itapúa,rent,casa,2026-07-01,7,,,,1
d:itapua,Itapúa,rent,departamento,2025-07-01,4,,,,0
d:itapua,Itapúa,rent,departamento,2025-10-01,20,,,,1
d:itapua,Itapúa,rent,departamento,2026-01-01,20,,,,0
d:itapua,Itapúa,rent,departamento,2026-04-01,26,,,,2
d:itapua,Itapúa,rent,departamento,2026-07-01,20,,,,0
d:itapua,Itapúa,rent,all,2025-07-01,16,,,,1
d:itapua,Itapúa,rent,all,2025-10-01,45,0,95.6,,2
d:itapua,Itapúa,rent,all,2026-01-01,42,0,97.6,,1
d:itapua,Itapúa,rent,all,2026-04-01,52,0,88.5,,6
d:itapua,Itapúa,rent,all,2026-07-01,44,0,90.9,,4
c:itapua:encarnacion,Encarnación,sale,terreno,2025-07-01,2,,,,0
c:itapua:encarnacion,Encarnación,sale,terreno,2025-10-01,7,,,,3
c:itapua:encarnacion,Encarnación,sale,terreno,2026-01-01,8,,,,2
c:itapua:encarnacion,Encarnación,sale,terreno,2026-04-01,2,,,,1
c:itapua:encarnacion,Encarnación,sale,terreno,2026-07-01,3,,,,0
c:itapua:encarnacion,Encarnación,sale,all,2025-07-01,3,,,,1
c:itapua:encarnacion,Encarnación,sale,all,2025-10-01,11,,,,4
c:itapua:encarnacion,Encarnación,sale,all,2026-01-01,13,,,,5
c:itapua:encarnacion,Encarnación,sale,all,2026-04-01,5,,,,2
c:itapua:encarnacion,Encarnación,sale,all,2026-07-01,5,,,,1
c:itapua:encarnacion,Encarnación,sale,casa,2025-10-01,2,,,,1
c:itapua:encarnacion,Encarnación,sale,casa,2026-01-01,3,,,,1
c:itapua:encarnacion,Encarnación,sale,casa,2026-04-01,1,,,,0
c:itapua:encarnacion,Encarnación,sale,departamento,2025-10-01,2,,,,0
c:itapua:encarnacion,Encarnación,sale,departamento,2026-04-01,1,,,,0
c:itapua:encarnacion,Encarnación,sale,departamento,2026-07-01,1,,,,1
c:itapua:encarnacion,Encarnación,sale,duplex,2026-01-01,2,,,,2
c:itapua:encarnacion,Encarnación,sale,duplex,2026-04-01,1,,,,1
c:itapua:encarnacion,Encarnación,sale,duplex,2026-07-01,1,,,,0
c:itapua:encarnacion,Encarnación,rent,casa,2025-07-01,4,,,,1
c:itapua:encarnacion,Encarnación,rent,casa,2025-10-01,7,,,,0
c:itapua:encarnacion,Encarnación,rent,casa,2026-01-01,11,,,,1
c:itapua:encarnacion,Encarnación,rent,casa,2026-04-01,5,,,,0
c:itapua:encarnacion,Encarnación,rent,casa,2026-07-01,3,,,,0
c:itapua:encarnacion,Encarnación,rent,departamento,2025-07-01,3,,,,0
c:itapua:encarnacion,Encarnación,rent,departamento,2025-10-01,18,,,,1
c:itapua:encarnacion,Encarnación,rent,departamento,2026-01-01,17,,,,0
c:itapua:encarnacion,Encarnación,rent,departamento,2026-04-01,24,,,,2
c:itapua:encarnacion,Encarnación,rent,departamento,2026-07-01,17,,,,0
c:itapua:encarnacion,Encarnación,rent,all,2025-07-01,10,,,,1
c:itapua:encarnacion,Encarnación,rent,all,2025-10-01,37,0,94.6,,2
c:itapua:encarnacion,Encarnación,rent,all,2026-01-01,36,0,97.2,,1
c:itapua:encarnacion,Encarnación,rent,all,2026-04-01,39,0,89.7,,4
c:itapua:encarnacion,Encarnación,rent,all,2026-07-01,33,0,93.9,,2
c:itapua:cambyreta,Cambyretá,sale,casa,2025-10-01,1,,,,1
c:itapua:cambyreta,Cambyretá,sale,casa,2026-07-01,7,,,,2
c:itapua:cambyreta,Cambyretá,sale,terreno,2025-10-01,1,,,,1
c:itapua:cambyreta,Cambyretá,sale,terreno,2026-01-01,5,,,,1
c:itapua:cambyreta,Cambyretá,sale,terreno,2026-04-01,1,,,,0
c:itapua:cambyreta,Cambyretá,sale,terreno,2026-07-01,5,,,,1
c:itapua:cambyreta,Cambyretá,sale,all,2025-10-01,2,,,,2
c:itapua:cambyreta,Cambyretá,sale,all,2026-01-01,5,,,,1
c:itapua:cambyreta,Cambyretá,sale,all,2026-04-01,2,,,,0
c:itapua:cambyreta,Cambyretá,sale,all,2026-07-01,13,,,,3
c:itapua:cambyreta,Cambyretá,sale,duplex,2026-04-01,1,,,,0
c:itapua:cambyreta,Cambyretá,sale,duplex,2026-07-01,1,,,,0
c:itapua:cambyreta,Cambyretá,rent,casa,2025-07-01,3,,,,0
c:itapua:cambyreta,Cambyretá,rent,casa,2026-04-01,1,,,,1
c:itapua:cambyreta,Cambyretá,rent,casa,2026-07-01,4,,,,1
c:itapua:cambyreta,Cambyretá,rent,departamento,2025-07-01,1,,,,0
c:itapua:cambyreta,Cambyretá,rent,departamento,2025-10-01,2,,,,0
c:itapua:cambyreta,Cambyretá,rent,departamento,2026-01-01,3,,,,0
c:itapua:cambyreta,Cambyretá,rent,departamento,2026-04-01,2,,,,0
c:itapua:cambyreta,Cambyretá,rent,departamento,2026-07-01,3,,,,0
c:itapua:cambyreta,Cambyretá,rent,all,2025-07-01,6,,,,0
c:itapua:cambyreta,Cambyretá,rent,all,2025-10-01,5,,,,0
c:itapua:cambyreta,Cambyretá,rent,all,2026-01-01,6,,,,0
c:itapua:cambyreta,Cambyretá,rent,all,2026-04-01,8,,,,2
c:itapua:cambyreta,Cambyretá,rent,all,2026-07-01,11,,,,2
c:itapua:san-juan-del-parana,San Juan del Paraná,sale,terreno,2025-10-01,1,,,,0
c:itapua:san-juan-del-parana,San Juan del Paraná,sale,terreno,2026-01-01,1,,,,0
c:itapua:san-juan-del-parana,San Juan del Paraná,sale,terreno,2026-04-01,1,,,,0
c:itapua:san-juan-del-parana,San Juan del Paraná,sale,all,2025-10-01,1,,,,0
c:itapua:san-juan-del-parana,San Juan del Paraná,sale,all,2026-01-01,1,,,,0
c:itapua:san-juan-del-parana,San Juan del Paraná,sale,all,2026-04-01,1,,,,0
c:itapua:san-juan-del-parana,San Juan del Paraná,sale,all,2026-07-01,1,,,,1
c:itapua:san-juan-del-parana,San Juan del Paraná,rent,casa,2025-10-01,2,,,,0
c:itapua:san-juan-del-parana,San Juan del Paraná,rent,casa,2026-04-01,2,,,,0
c:itapua:san-juan-del-parana,San Juan del Paraná,rent,all,2025-10-01,3,,,,0
c:itapua:san-juan-del-parana,San Juan del Paraná,rent,all,2026-04-01,2,,,,0
c:itapua:capitan-miranda,Capitán Miranda,sale,casa,2025-10-01,1,,,,1
c:itapua:capitan-miranda,Capitán Miranda,sale,casa,2026-04-01,1,,,,0
c:itapua:capitan-miranda,Capitán Miranda,sale,all,2025-10-01,1,,,,1
c:itapua:capitan-miranda,Capitán Miranda,sale,all,2026-04-01,1,,,,0
c:itapua:capitan-miranda,Capitán Miranda,sale,all,2026-07-01,1,,,,0
c:itapua:capitan-miranda,Capitán Miranda,sale,terreno,2026-07-01,1,,,,0
c:itapua:capitan-miranda,Capitán Miranda,rent,all,2026-04-01,2,,,,0
d:cordillera,Cordillera,sale,casa,2025-07-01,2,,,,2
d:cordillera,Cordillera,sale,casa,2025-10-01,5,,,,3
d:cordillera,Cordillera,sale,casa,2026-01-01,4,,,,2
d:cordillera,Cordillera,sale,casa,2026-04-01,3,,,,1
d:cordillera,Cordillera,sale,casa,2026-07-01,7,,,,2
d:cordillera,Cordillera,sale,terreno,2025-07-01,3,,,,2
d:cordillera,Cordillera,sale,terreno,2025-10-01,7,,,,3
d:cordillera,Cordillera,sale,terreno,2026-01-01,11,,,,7
d:cordillera,Cordillera,sale,terreno,2026-04-01,13,,,,11
d:cordillera,Cordillera,sale,terreno,2026-07-01,7,,,,7
d:cordillera,Cordillera,sale,all,2025-07-01,5,,,,4
d:cordillera,Cordillera,sale,all,2025-10-01,12,,,,6
d:cordillera,Cordillera,sale,all,2026-01-01,16,,,,10
d:cordillera,Cordillera,sale,all,2026-04-01,21,,,,16
d:cordillera,Cordillera,sale,all,2026-07-01,14,,,,9
d:cordillera,Cordillera,rent,casa,2025-07-01,1,,,,0
d:cordillera,Cordillera,rent,casa,2025-10-01,4,,,,0
d:cordillera,Cordillera,rent,casa,2026-01-01,1,,,,0
d:cordillera,Cordillera,rent,casa,2026-04-01,4,,,,0
d:cordillera,Cordillera,rent,casa,2026-07-01,2,,,,0
d:cordillera,Cordillera,rent,all,2025-07-01,2,,,,0
d:cordillera,Cordillera,rent,all,2025-10-01,4,,,,0
d:cordillera,Cordillera,rent,all,2026-01-01,4,,,,1
d:cordillera,Cordillera,rent,all,2026-04-01,4,,,,0
d:cordillera,Cordillera,rent,all,2026-07-01,4,,,,1
c:cordillera:san-bernardino,San Bernardino,sale,casa,2025-07-01,2,,,,2
c:cordillera:san-bernardino,San Bernardino,sale,casa,2025-10-01,4,,,,2
c:cordillera:san-bernardino,San Bernardino,sale,casa,2026-01-01,3,,,,1
c:cordillera:san-bernardino,San Bernardino,sale,casa,2026-04-01,1,,,,1
c:cordillera:san-bernardino,San Bernardino,sale,casa,2026-07-01,4,,,,2
c:cordillera:san-bernardino,San Bernardino,sale,all,2025-07-01,2,,,,2
c:cordillera:san-bernardino,San Bernardino,sale,all,2025-10-01,9,,,,4
c:cordillera:san-bernardino,San Bernardino,sale,all,2026-01-01,9,,,,4
c:cordillera:san-bernardino,San Bernardino,sale,all,2026-04-01,6,,,,5
c:cordillera:san-bernardino,San Bernardino,sale,all,2026-07-01,9,,,,7
c:cordillera:san-bernardino,San Bernardino,sale,terreno,2025-10-01,5,,,,2
c:cordillera:san-bernardino,San Bernardino,sale,terreno,2026-01-01,6,,,,3
c:cordillera:san-bernardino,San Bernardino,sale,terreno,2026-04-01,5,,,,4
c:cordillera:san-bernardino,San Bernardino,sale,terreno,2026-07-01,5,,,,5
c:cordillera:san-bernardino,San Bernardino,rent,casa,2025-10-01,4,,,,0
c:cordillera:san-bernardino,San Bernardino,rent,casa,2026-01-01,1,,,,0
c:cordillera:san-bernardino,San Bernardino,rent,casa,2026-04-01,4,,,,0
c:cordillera:san-bernardino,San Bernardino,rent,all,2025-10-01,4,,,,0
c:cordillera:san-bernardino,San Bernardino,rent,all,2026-01-01,2,,,,0
c:cordillera:san-bernardino,San Bernardino,rent,all,2026-04-01,4,,,,0
c:cordillera:altos,Altos,sale,terreno,2026-01-01,1,,,,1
c:cordillera:altos,Altos,sale,terreno,2026-04-01,2,,,,2
c:cordillera:altos,Altos,sale,all,2026-01-01,1,,,,1
c:cordillera:altos,Altos,sale,all,2026-04-01,2,,,,2
c:cordillera:altos,Altos,sale,all,2026-07-01,1,,,,0
c:cordillera:altos,Altos,sale,casa,2026-07-01,1,,,,0
c:cordillera:altos,Altos,rent,casa,2026-07-01,2,,,,0
c:cordillera:altos,Altos,rent,all,2026-07-01,2,,,,0
c:cordillera:caacupe,Caacupé,sale,casa,2025-10-01,1,,,,1
c:cordillera:caacupe,Caacupé,sale,casa,2026-01-01,1,,,,1
c:cordillera:caacupe,Caacupé,sale,casa,2026-04-01,2,,,,0
c:cordillera:caacupe,Caacupé,sale,casa,2026-07-01,1,,,,0
c:cordillera:caacupe,Caacupé,sale,all,2025-10-01,1,,,,1
c:cordillera:caacupe,Caacupé,sale,all,2026-01-01,3,,,,3
c:cordillera:caacupe,Caacupé,sale,all,2026-04-01,7,,,,5
c:cordillera:caacupe,Caacupé,sale,all,2026-07-01,2,,,,1
c:cordillera:caacupe,Caacupé,sale,terreno,2026-01-01,1,,,,1
c:cordillera:caacupe,Caacupé,sale,terreno,2026-04-01,4,,,,4
c:cordillera:caacupe,Caacupé,sale,terreno,2026-07-01,1,,,,1
c:cordillera:caacupe,Caacupé,rent,all,2025-07-01,1,,,,0
c:cordillera:caacupe,Caacupé,rent,all,2026-01-01,2,,,,1
c:cordillera:caacupe,Caacupé,rent,all,2026-07-01,1,,,,0
d:alto-parana,Alto Paraná,sale,casa,2025-07-01,2,,,,1
d:alto-parana,Alto Paraná,sale,casa,2025-10-01,9,,,,4
d:alto-parana,Alto Paraná,sale,casa,2026-01-01,7,,,,4
d:alto-parana,Alto Paraná,sale,casa,2026-04-01,11,,,,6
d:alto-parana,Alto Paraná,sale,casa,2026-07-01,2,,,,2
d:alto-parana,Alto Paraná,sale,departamento,2025-07-01,1,,,,1
d:alto-parana,Alto Paraná,sale,departamento,2026-04-01,1,,,,0
d:alto-parana,Alto Paraná,sale,terreno,2025-07-01,11,,,,7
d:alto-parana,Alto Paraná,sale,terreno,2025-10-01,19,,,,14
d:alto-parana,Alto Paraná,sale,terreno,2026-01-01,12,,,,8
d:alto-parana,Alto Paraná,sale,terreno,2026-04-01,14,,,,8
d:alto-parana,Alto Paraná,sale,terreno,2026-07-01,22,,,,12
d:alto-parana,Alto Paraná,sale,all,2025-07-01,14,,,,9
d:alto-parana,Alto Paraná,sale,all,2025-10-01,31,-6,35.5,,19
d:alto-parana,Alto Paraná,sale,all,2026-01-01,20,,,,12
d:alto-parana,Alto Paraná,sale,all,2026-04-01,26,,,,14
d:alto-parana,Alto Paraná,sale,all,2026-07-01,24,,,,14
d:alto-parana,Alto Paraná,rent,casa,2025-07-01,5,,,,1
d:alto-parana,Alto Paraná,rent,casa,2025-10-01,17,,,,1
d:alto-parana,Alto Paraná,rent,casa,2026-01-01,18,,,,6
d:alto-parana,Alto Paraná,rent,casa,2026-04-01,15,,,,2
d:alto-parana,Alto Paraná,rent,casa,2026-07-01,20,,,,5
d:alto-parana,Alto Paraná,rent,all,2025-07-01,15,,,,4
d:alto-parana,Alto Paraná,rent,all,2025-10-01,37,0,91.9,,3
d:alto-parana,Alto Paraná,rent,all,2026-01-01,45,0,80,,8
d:alto-parana,Alto Paraná,rent,all,2026-04-01,38,0,89.5,,4
d:alto-parana,Alto Paraná,rent,all,2026-07-01,38,0,78.9,,6
d:alto-parana,Alto Paraná,rent,departamento,2025-10-01,1,,,,0
d:alto-parana,Alto Paraná,rent,departamento,2026-01-01,9,,,,1
d:alto-parana,Alto Paraná,rent,departamento,2026-04-01,7,,,,1
d:alto-parana,Alto Paraná,rent,departamento,2026-07-01,3,,,,0
c:alto-parana:ciudad-del-este,Ciudad del Este,sale,departamento,2025-07-01,1,,,,1
c:alto-parana:ciudad-del-este,Ciudad del Este,sale,departamento,2026-04-01,1,,,,0
c:alto-parana:ciudad-del-este,Ciudad del Este,sale,terreno,2025-07-01,6,,,,3
c:alto-parana:ciudad-del-este,Ciudad del Este,sale,terreno,2025-10-01,8,,,,6
c:alto-parana:ciudad-del-este,Ciudad del Este,sale,terreno,2026-01-01,8,,,,5
c:alto-parana:ciudad-del-este,Ciudad del Este,sale,terreno,2026-04-01,9,,,,6
c:alto-parana:ciudad-del-este,Ciudad del Este,sale,terreno,2026-07-01,15,,,,8
c:alto-parana:ciudad-del-este,Ciudad del Este,sale,all,2025-07-01,7,,,,4
c:alto-parana:ciudad-del-este,Ciudad del Este,sale,all,2025-10-01,12,,,,8
c:alto-parana:ciudad-del-este,Ciudad del Este,sale,all,2026-01-01,13,,,,6
c:alto-parana:ciudad-del-este,Ciudad del Este,sale,all,2026-04-01,20,,,,12
c:alto-parana:ciudad-del-este,Ciudad del Este,sale,all,2026-07-01,16,,,,9
c:alto-parana:ciudad-del-este,Ciudad del Este,sale,casa,2025-10-01,3,,,,2
c:alto-parana:ciudad-del-este,Ciudad del Este,sale,casa,2026-01-01,4,,,,1
c:alto-parana:ciudad-del-este,Ciudad del Este,sale,casa,2026-04-01,10,,,,6
c:alto-parana:ciudad-del-este,Ciudad del Este,sale,casa,2026-07-01,1,,,,1
c:alto-parana:ciudad-del-este,Ciudad del Este,rent,all,2025-07-01,5,,,,2
c:alto-parana:ciudad-del-este,Ciudad del Este,rent,all,2025-10-01,13,,,,2
c:alto-parana:ciudad-del-este,Ciudad del Este,rent,all,2026-01-01,20,,,,7
c:alto-parana:ciudad-del-este,Ciudad del Este,rent,all,2026-04-01,16,,,,1
c:alto-parana:ciudad-del-este,Ciudad del Este,rent,all,2026-07-01,19,,,,4
c:alto-parana:ciudad-del-este,Ciudad del Este,rent,casa,2025-10-01,2,,,,0
c:alto-parana:ciudad-del-este,Ciudad del Este,rent,casa,2026-01-01,9,,,,5
c:alto-parana:ciudad-del-este,Ciudad del Este,rent,casa,2026-04-01,4,,,,0
c:alto-parana:ciudad-del-este,Ciudad del Este,rent,casa,2026-07-01,8,,,,4
c:alto-parana:ciudad-del-este,Ciudad del Este,rent,departamento,2025-10-01,1,,,,0
c:alto-parana:ciudad-del-este,Ciudad del Este,rent,departamento,2026-01-01,6,,,,1
c:alto-parana:ciudad-del-este,Ciudad del Este,rent,departamento,2026-04-01,6,,,,1
c:alto-parana:ciudad-del-este,Ciudad del Este,rent,departamento,2026-07-01,3,,,,0
c:alto-parana:hernandarias,Hernandarias,sale,terreno,2025-07-01,4,,,,3
c:alto-parana:hernandarias,Hernandarias,sale,terreno,2025-10-01,9,,,,6
c:alto-parana:hernandarias,Hernandarias,sale,terreno,2026-01-01,3,,,,2
c:alto-parana:hernandarias,Hernandarias,sale,terreno,2026-04-01,4,,,,2
c:alto-parana:hernandarias,Hernandarias,sale,terreno,2026-07-01,4,,,,3
c:alto-parana:hernandarias,Hernandarias,sale,all,2025-07-01,4,,,,3
c:alto-parana:hernandarias,Hernandarias,sale,all,2025-10-01,12,,,,8
c:alto-parana:hernandarias,Hernandarias,sale,all,2026-01-01,5,,,,4
c:alto-parana:hernandarias,Hernandarias,sale,all,2026-04-01,4,,,,2
c:alto-parana:hernandarias,Hernandarias,sale,all,2026-07-01,5,,,,4
c:alto-parana:hernandarias,Hernandarias,sale,casa,2025-10-01,3,,,,2
c:alto-parana:hernandarias,Hernandarias,sale,casa,2026-01-01,2,,,,2
c:alto-parana:hernandarias,Hernandarias,sale,casa,2026-07-01,1,,,,1
c:alto-parana:hernandarias,Hernandarias,rent,casa,2025-07-01,1,,,,1
c:alto-parana:hernandarias,Hernandarias,rent,casa,2025-10-01,1,,,,1
c:alto-parana:hernandarias,Hernandarias,rent,casa,2026-01-01,1,,,,0
c:alto-parana:hernandarias,Hernandarias,rent,casa,2026-04-01,1,,,,0
c:alto-parana:hernandarias,Hernandarias,rent,casa,2026-07-01,2,,,,0
c:alto-parana:hernandarias,Hernandarias,rent,all,2025-07-01,1,,,,1
c:alto-parana:hernandarias,Hernandarias,rent,all,2025-10-01,1,,,,1
c:alto-parana:hernandarias,Hernandarias,rent,all,2026-01-01,1,,,,0
c:alto-parana:hernandarias,Hernandarias,rent,all,2026-04-01,1,,,,0
c:alto-parana:hernandarias,Hernandarias,rent,all,2026-07-01,2,,,,0
c:alto-parana:minga-guazu,Minga Guazú,sale,terreno,2025-10-01,1,,,,1
c:alto-parana:minga-guazu,Minga Guazú,sale,terreno,2026-04-01,1,,,,0
c:alto-parana:minga-guazu,Minga Guazú,sale,terreno,2026-07-01,1,,,,0
c:alto-parana:minga-guazu,Minga Guazú,sale,all,2025-10-01,1,,,,1
c:alto-parana:minga-guazu,Minga Guazú,sale,all,2026-01-01,1,,,,1
c:alto-parana:minga-guazu,Minga Guazú,sale,all,2026-04-01,1,,,,0
c:alto-parana:minga-guazu,Minga Guazú,sale,all,2026-07-01,1,,,,0
c:alto-parana:minga-guazu,Minga Guazú,sale,casa,2026-01-01,1,,,,1
c:alto-parana:minga-guazu,Minga Guazú,rent,casa,2025-10-01,3,,,,0
c:alto-parana:minga-guazu,Minga Guazú,rent,casa,2026-07-01,1,,,,0
c:alto-parana:minga-guazu,Minga Guazú,rent,all,2025-10-01,3,,,,0
c:alto-parana:minga-guazu,Minga Guazú,rent,all,2026-04-01,1,,,,0
c:alto-parana:minga-guazu,Minga Guazú,rent,all,2026-07-01,1,,,,0
d:presidente-hayes,Presidente Hayes,sale,terreno,2025-07-01,1,,,,0
d:presidente-hayes,Presidente Hayes,sale,terreno,2025-10-01,1,,,,0
d:presidente-hayes,Presidente Hayes,sale,terreno,2026-01-01,1,,,,0
d:presidente-hayes,Presidente Hayes,sale,terreno,2026-07-01,1,,,,1
d:presidente-hayes,Presidente Hayes,sale,all,2025-07-01,1,,,,0
d:presidente-hayes,Presidente Hayes,sale,all,2025-10-01,1,,,,0
d:presidente-hayes,Presidente Hayes,sale,all,2026-01-01,1,,,,0
d:presidente-hayes,Presidente Hayes,sale,all,2026-07-01,1,,,,1
d:presidente-hayes,Presidente Hayes,rent,casa,2026-01-01,1,,,,0
d:presidente-hayes,Presidente Hayes,rent,all,2026-01-01,1,,,,0
c:presidente-hayes:villa-hayes,Villa Hayes,sale,terreno,2025-07-01,1,,,,0
c:presidente-hayes:villa-hayes,Villa Hayes,sale,terreno,2025-10-01,1,,,,0
c:presidente-hayes:villa-hayes,Villa Hayes,sale,terreno,2026-01-01,1,,,,0
c:presidente-hayes:villa-hayes,Villa Hayes,sale,all,2025-07-01,1,,,,0
c:presidente-hayes:villa-hayes,Villa Hayes,sale,all,2025-10-01,1,,,,0
c:presidente-hayes:villa-hayes,Villa Hayes,sale,all,2026-01-01,1,,,,0
c:presidente-hayes:villa-hayes,Villa Hayes,rent,casa,2026-01-01,1,,,,0
c:presidente-hayes:villa-hayes,Villa Hayes,rent,all,2026-01-01,1,,,,0
d:boqueron,Boquerón,sale,casa,2025-07-01,1,,,,1
d:boqueron,Boquerón,sale,casa,2025-10-01,2,,,,1
d:boqueron,Boquerón,sale,casa,2026-01-01,3,,,,2
d:boqueron,Boquerón,sale,casa,2026-04-01,5,,,,5
d:boqueron,Boquerón,sale,casa,2026-07-01,2,,,,1
d:boqueron,Boquerón,sale,terreno,2025-07-01,7,,,,1
d:boqueron,Boquerón,sale,terreno,2025-10-01,10,,,,6
d:boqueron,Boquerón,sale,terreno,2026-01-01,11,,,,5
d:boqueron,Boquerón,sale,terreno,2026-04-01,5,,,,1
d:boqueron,Boquerón,sale,terreno,2026-07-01,13,,,,7
d:boqueron,Boquerón,sale,all,2025-07-01,8,,,,2
d:boqueron,Boquerón,sale,all,2025-10-01,16,,,,10
d:boqueron,Boquerón,sale,all,2026-01-01,15,,,,8
d:boqueron,Boquerón,sale,all,2026-04-01,10,,,,6
d:boqueron,Boquerón,sale,all,2026-07-01,15,,,,8
d:boqueron,Boquerón,sale,departamento,2025-10-01,2,,,,1
d:boqueron,Boquerón,rent,casa,2025-07-01,2,,,,0
d:boqueron,Boquerón,rent,casa,2025-10-01,4,,,,1
d:boqueron,Boquerón,rent,casa,2026-01-01,12,,,,2
d:boqueron,Boquerón,rent,casa,2026-04-01,8,,,,1
d:boqueron,Boquerón,rent,casa,2026-07-01,9,,,,2
d:boqueron,Boquerón,rent,departamento,2025-07-01,1,,,,0
d:boqueron,Boquerón,rent,all,2025-07-01,4,,,,1
d:boqueron,Boquerón,rent,all,2025-10-01,11,,,,2
d:boqueron,Boquerón,rent,all,2026-01-01,20,,,,4
d:boqueron,Boquerón,rent,all,2026-04-01,10,,,,2
d:boqueron,Boquerón,rent,all,2026-07-01,17,,,,3
d:paraguari,Paraguarí,sale,all,2026-01-01,2,,,,1
d:paraguari,Paraguarí,sale,all,2026-04-01,2,,,,1
d:paraguari,Paraguarí,sale,all,2026-07-01,3,,,,2
d:paraguari,Paraguarí,sale,casa,2026-07-01,1,,,,0
d:paraguari,Paraguarí,sale,terreno,2026-07-01,1,,,,1
d:paraguari,Paraguarí,rent,casa,2026-07-01,1,,,,0
d:paraguari,Paraguarí,rent,all,2026-07-01,1,,,,0
d:caaguazu,Caaguazú,sale,casa,2025-10-01,1,,,,0
d:caaguazu,Caaguazú,sale,all,2025-10-01,1,,,,0
d:caaguazu,Caaguazú,sale,all,2026-01-01,1,,,,0
d:caaguazu,Caaguazú,sale,all,2026-07-01,1,,,,1
d:caaguazu,Caaguazú,sale,terreno,2026-01-01,1,,,,0
d:caaguazu,Caaguazú,sale,terreno,2026-07-01,1,,,,1
d:san-pedro,San Pedro,sale,all,2025-07-01,1,,,,1
d:san-pedro,San Pedro,sale,all,2025-10-01,1,,,,1
d:misiones,Misiones,sale,terreno,2025-10-01,1,,,,0
d:misiones,Misiones,sale,all,2025-10-01,2,,,,1
d:misiones,Misiones,sale,all,2026-07-01,1,,,,0
d:misiones,Misiones,rent,all,2025-07-01,1,,,,1
d:misiones,Misiones,rent,all,2025-10-01,3,,,,0
d:guaira,Guairá,sale,terreno,2025-10-01,1,,,,0
d:guaira,Guairá,sale,all,2025-10-01,1,,,,0
d:guaira,Guairá,sale,all,2026-01-01,1,,,,1
d:guaira,Guairá,rent,casa,2026-01-01,1,,,,0
d:guaira,Guairá,rent,casa,2026-04-01,1,,,,0
d:guaira,Guairá,rent,all,2026-01-01,1,,,,0
d:guaira,Guairá,rent,all,2026-04-01,1,,,,0
d:caazapa,Caazapá,sale,terreno,2025-10-01,1,,,,1
d:caazapa,Caazapá,sale,terreno,2026-01-01,1,,,,0
d:caazapa,Caazapá,sale,terreno,2026-07-01,1,,,,1
d:caazapa,Caazapá,sale,all,2025-10-01,2,,,,1
d:caazapa,Caazapá,sale,all,2026-01-01,2,,,,1
d:caazapa,Caazapá,sale,all,2026-07-01,2,,,,2
d:caazapa,Caazapá,sale,casa,2026-07-01,1,,,,1
d:caazapa,Caazapá,rent,casa,2025-10-01,1,,,,0
d:caazapa,Caazapá,rent,all,2025-10-01,2,,,,0
d:caazapa,Caazapá,rent,all,2026-01-01,1,,,,1
d:concepcion,Concepción,sale,casa,2025-10-01,1,,,,0
d:concepcion,Concepción,sale,all,2025-10-01,1,,,,0
d:concepcion,Concepción,sale,all,2026-07-01,1,,,,0
d:concepcion,Concepción,sale,terreno,2026-07-01,1,,,,0
d:concepcion,Concepción,rent,casa,2026-04-01,1,,,,0
d:concepcion,Concepción,rent,all,2026-04-01,3,,,,0
d:alto-paraguay,Alto Paraguay,sale,all,2025-10-01,2,,,,1
