market_id,market,property_kind,month,rent_closes,median_rent_usd
py,Paraguay,casa,2024-02-01,1,
py,Paraguay,casa,2024-03-01,1,
py,Paraguay,casa,2024-04-01,1,
py,Paraguay,casa,2024-05-01,1,
py,Paraguay,casa,2024-07-01,2,
py,Paraguay,casa,2024-08-01,1,
py,Paraguay,casa,2024-09-01,1,
py,Paraguay,casa,2024-10-01,2,
py,Paraguay,casa,2024-11-01,2,
py,Paraguay,casa,2024-12-01,3,
py,Paraguay,casa,2025-02-01,1,
py,Paraguay,casa,2025-03-01,1,
py,Paraguay,casa,2025-05-01,2,
py,Paraguay,casa,2025-06-01,4,
py,Paraguay,casa,2025-07-01,7,
py,Paraguay,casa,2025-08-01,9,
py,Paraguay,casa,2025-09-01,42,418
py,Paraguay,casa,2025-10-01,30,494
py,Paraguay,casa,2025-11-01,43,429
py,Paraguay,casa,2025-12-01,30,394
py,Paraguay,casa,2026-01-01,45,537
py,Paraguay,casa,2026-02-01,37,543
py,Paraguay,casa,2026-03-01,52,472
py,Paraguay,casa,2026-04-01,36,600
py,Paraguay,casa,2026-05-01,44,569
py,Paraguay,casa,2026-06-01,43,492
py,Paraguay,casa,2026-07-01,42,616
py,Paraguay,casa,2026-08-01,39,566
py,Paraguay,casa,2026-09-01,36,675
py,Paraguay,departamento,2024-02-01,2,
py,Paraguay,departamento,2024-03-01,5,
py,Paraguay,departamento,2024-04-01,6,
py,Paraguay,departamento,2024-05-01,1,
py,Paraguay,departamento,2024-06-01,3,
py,Paraguay,departamento,2024-07-01,3,
py,Paraguay,departamento,2024-08-01,4,
py,Paraguay,departamento,2024-09-01,3,
py,Paraguay,departamento,2024-10-01,6,
py,Paraguay,departamento,2024-11-01,5,
py,Paraguay,departamento,2024-12-01,4,
py,Paraguay,departamento,2025-01-01,2,
py,Paraguay,departamento,2025-02-01,2,
py,Paraguay,departamento,2025-03-01,2,
py,Paraguay,departamento,2025-04-01,3,
py,Paraguay,departamento,2025-05-01,4,
py,Paraguay,departamento,2025-06-01,6,
py,Paraguay,departamento,2025-07-01,5,
py,Paraguay,departamento,2025-08-01,16,
py,Paraguay,departamento,2025-09-01,64,484
py,Paraguay,departamento,2025-10-01,51,469
py,Paraguay,departamento,2025-11-01,53,594
py,Paraguay,departamento,2025-12-01,60,514
py,Paraguay,departamento,2026-01-01,78,587
py,Paraguay,departamento,2026-02-01,53,496
py,Paraguay,departamento,2026-03-01,70,547
py,Paraguay,departamento,2026-04-01,48,540
py,Paraguay,departamento,2026-05-01,56,472
py,Paraguay,departamento,2026-06-01,67,520
py,Paraguay,departamento,2026-07-01,68,628
py,Paraguay,departamento,2026-08-01,46,645
py,Paraguay,departamento,2026-09-01,36,571
py,Paraguay,duplex,2024-02-01,3,
py,Paraguay,duplex,2024-03-01,2,
py,Paraguay,duplex,2024-04-01,1,
py,Paraguay,duplex,2024-05-01,2,
py,Paraguay,duplex,2024-07-01,1,
py,Paraguay,duplex,2024-08-01,1,
py,Paraguay,duplex,2024-10-01,1,
py,Paraguay,duplex,2024-11-01,1,
py,Paraguay,duplex,2025-01-01,1,
py,Paraguay,duplex,2025-02-01,1,
py,Paraguay,duplex,2025-04-01,1,
py,Paraguay,duplex,2025-06-01,3,
py,Paraguay,duplex,2025-07-01,2,
py,Paraguay,duplex,2025-08-01,8,
py,Paraguay,duplex,2025-09-01,18,
py,Paraguay,duplex,2025-10-01,4,
py,Paraguay,duplex,2025-11-01,17,
py,Paraguay,duplex,2025-12-01,18,
py,Paraguay,duplex,2026-01-01,17,
py,Paraguay,duplex,2026-02-01,9,
py,Paraguay,duplex,2026-03-01,21,538
py,Paraguay,duplex,2026-04-01,21,701
py,Paraguay,duplex,2026-05-01,19,
py,Paraguay,duplex,2026-06-01,18,
py,Paraguay,duplex,2026-07-01,18,
py,Paraguay,duplex,2026-08-01,13,
py,Paraguay,duplex,2026-09-01,10,
py,Paraguay,edificio,2024-03-01,1,
py,Paraguay,edificio,2025-10-01,1,
py,Paraguay,edificio,2025-11-01,1,
py,Paraguay,edificio,2026-02-01,1,
py,Paraguay,edificio,2026-03-01,2,
py,Paraguay,edificio,2026-04-01,2,
py,Paraguay,edificio,2026-05-01,1,
py,Paraguay,edificio,2026-06-01,1,
py,Paraguay,edificio,2026-08-01,1,
py,Paraguay,local,2024-04-01,1,
py,Paraguay,local,2024-07-01,4,
py,Paraguay,local,2024-08-01,2,
py,Paraguay,local,2024-09-01,4,
py,Paraguay,local,2024-11-01,1,
py,Paraguay,local,2025-02-01,1,
py,Paraguay,local,2025-04-01,1,
py,Paraguay,local,2025-05-01,1,
py,Paraguay,local,2025-06-01,2,
py,Paraguay,local,2025-07-01,4,
py,Paraguay,local,2025-08-01,11,
py,Paraguay,local,2025-09-01,22,561
py,Paraguay,local,2025-10-01,25,500
py,Paraguay,local,2025-11-01,22,779
py,Paraguay,local,2025-12-01,16,
py,Paraguay,local,2026-01-01,16,
py,Paraguay,local,2026-02-01,21,452
py,Paraguay,local,2026-03-01,15,
py,Paraguay,local,2026-04-01,17,
py,Paraguay,local,2026-05-01,19,
py,Paraguay,local,2026-06-01,12,
py,Paraguay,local,2026-07-01,19,
py,Paraguay,local,2026-08-01,18,
py,Paraguay,local,2026-09-01,7,
py,Paraguay,deposito,2024-05-01,1,
py,Paraguay,deposito,2024-10-01,2,
py,Paraguay,deposito,2024-11-01,1,
py,Paraguay,deposito,2025-07-01,3,
py,Paraguay,deposito,2025-08-01,5,
py,Paraguay,deposito,2025-09-01,5,
py,Paraguay,deposito,2025-10-01,7,
py,Paraguay,deposito,2025-11-01,9,
py,Paraguay,deposito,2025-12-01,6,
py,Paraguay,deposito,2026-01-01,9,
py,Paraguay,deposito,2026-02-01,8,
py,Paraguay,deposito,2026-03-01,9,
py,Paraguay,deposito,2026-04-01,3,
py,Paraguay,deposito,2026-05-01,4,
py,Paraguay,deposito,2026-06-01,10,
py,Paraguay,deposito,2026-07-01,3,
py,Paraguay,deposito,2026-08-01,3,
py,Paraguay,deposito,2026-09-01,5,
py,Paraguay,otro,2024-08-01,1,
py,Paraguay,otro,2025-08-01,1,
py,Paraguay,otro,2025-09-01,7,
py,Paraguay,otro,2025-10-01,13,
py,Paraguay,otro,2025-11-01,9,
py,Paraguay,otro,2025-12-01,8,
py,Paraguay,otro,2026-01-01,3,
py,Paraguay,otro,2026-02-01,13,
py,Paraguay,otro,2026-03-01,8,
py,Paraguay,otro,2026-04-01,3,
py,Paraguay,otro,2026-05-01,6,
py,Paraguay,otro,2026-06-01,6,
py,Paraguay,otro,2026-07-01,7,
py,Paraguay,otro,2026-08-01,9,
py,Paraguay,otro,2026-09-01,7,
py,Paraguay,oficina,2025-05-01,1,
py,Paraguay,oficina,2025-06-01,1,
py,Paraguay,oficina,2025-08-01,2,
py,Paraguay,oficina,2025-09-01,8,
py,Paraguay,oficina,2025-10-01,10,
py,Paraguay,oficina,2025-11-01,9,
py,Paraguay,oficina,2025-12-01,10,
py,Paraguay,oficina,2026-01-01,5,
py,Paraguay,oficina,2026-02-01,11,
py,Paraguay,oficina,2026-03-01,9,
py,Paraguay,oficina,2026-04-01,9,
py,Paraguay,oficina,2026-05-01,3,
py,Paraguay,oficina,2026-06-01,6,
py,Paraguay,oficina,2026-07-01,7,
py,Paraguay,oficina,2026-08-01,5,
py,Paraguay,oficina,2026-09-01,5,
py,Paraguay,terreno,2025-08-01,2,
py,Paraguay,terreno,2025-09-01,3,
py,Paraguay,terreno,2025-10-01,3,
py,Paraguay,terreno,2025-11-01,1,
py,Paraguay,terreno,2025-12-01,1,
py,Paraguay,terreno,2026-02-01,1,
py,Paraguay,terreno,2026-03-01,1,
py,Paraguay,terreno,2026-04-01,1,
py,Paraguay,terreno,2026-05-01,2,
py,Paraguay,terreno,2026-07-01,1,
py,Paraguay,terreno,2026-08-01,1,
py,Paraguay,terreno,2026-09-01,1,
py,Paraguay,quinta,2025-09-01,1,
py,Paraguay,quinta,2026-07-01,1,
d:asuncion,Asunción,departamento,2024-02-01,1,
d:asuncion,Asunción,departamento,2024-03-01,4,
d:asuncion,Asunción,departamento,2024-04-01,4,
d:asuncion,Asunción,departamento,2024-05-01,1,
d:asuncion,Asunción,departamento,2024-06-01,2,
d:asuncion,Asunción,departamento,2024-07-01,2,
d:asuncion,Asunción,departamento,2024-08-01,3,
d:asuncion,Asunción,departamento,2024-09-01,1,
d:asuncion,Asunción,departamento,2024-10-01,4,
d:asuncion,Asunción,departamento,2024-11-01,3,
d:asuncion,Asunción,departamento,2024-12-01,4,
d:asuncion,Asunción,departamento,2025-01-01,2,
d:asuncion,Asunción,departamento,2025-02-01,1,
d:asuncion,Asunción,departamento,2025-03-01,1,
d:asuncion,Asunción,departamento,2025-05-01,2,
d:asuncion,Asunción,departamento,2025-06-01,1,
d:asuncion,Asunción,departamento,2025-07-01,4,
d:asuncion,Asunción,departamento,2025-08-01,9,
d:asuncion,Asunción,departamento,2025-09-01,30,539
d:asuncion,Asunción,departamento,2025-10-01,27,568
d:asuncion,Asunción,departamento,2025-11-01,35,643
d:asuncion,Asunción,departamento,2025-12-01,32,567
d:asuncion,Asunción,departamento,2026-01-01,52,707
d:asuncion,Asunción,departamento,2026-02-01,27,619
d:asuncion,Asunción,departamento,2026-03-01,38,702
d:asuncion,Asunción,departamento,2026-04-01,24,692
d:asuncion,Asunción,departamento,2026-05-01,22,694
d:asuncion,Asunción,departamento,2026-06-01,29,700
d:asuncion,Asunción,departamento,2026-07-01,35,740
d:asuncion,Asunción,departamento,2026-08-01,22,882
d:asuncion,Asunción,departamento,2026-09-01,17,
d:asuncion,Asunción,duplex,2024-02-01,3,
d:asuncion,Asunción,duplex,2024-05-01,2,
d:asuncion,Asunción,duplex,2024-10-01,1,
d:asuncion,Asunción,duplex,2025-06-01,1,
d:asuncion,Asunción,duplex,2025-08-01,2,
d:asuncion,Asunción,duplex,2025-09-01,4,
d:asuncion,Asunción,duplex,2025-10-01,2,
d:asuncion,Asunción,duplex,2025-11-01,4,
d:asuncion,Asunción,duplex,2025-12-01,2,
d:asuncion,Asunción,duplex,2026-01-01,3,
d:asuncion,Asunción,duplex,2026-02-01,3,
d:asuncion,Asunción,duplex,2026-03-01,2,
d:asuncion,Asunción,duplex,2026-04-01,3,
d:asuncion,Asunción,duplex,2026-05-01,2,
d:asuncion,Asunción,duplex,2026-06-01,1,
d:asuncion,Asunción,duplex,2026-07-01,4,
d:asuncion,Asunción,duplex,2026-08-01,2,
d:asuncion,Asunción,duplex,2026-09-01,1,
d:asuncion,Asunción,casa,2024-04-01,1,
d:asuncion,Asunción,casa,2024-05-01,1,
d:asuncion,Asunción,casa,2024-08-01,1,
d:asuncion,Asunción,casa,2024-09-01,1,
d:asuncion,Asunción,casa,2024-10-01,1,
d:asuncion,Asunción,casa,2024-11-01,1,
d:asuncion,Asunción,casa,2024-12-01,1,
d:asuncion,Asunción,casa,2025-02-01,1,
d:asuncion,Asunción,casa,2025-05-01,1,
d:asuncion,Asunción,casa,2025-06-01,1,
d:asuncion,Asunción,casa,2025-07-01,2,
d:asuncion,Asunción,casa,2025-08-01,2,
d:asuncion,Asunción,casa,2025-09-01,11,
d:asuncion,Asunción,casa,2025-10-01,7,
d:asuncion,Asunción,casa,2025-11-01,10,
d:asuncion,Asunción,casa,2025-12-01,3,
d:asuncion,Asunción,casa,2026-01-01,5,
d:asuncion,Asunción,casa,2026-02-01,3,
d:asuncion,Asunción,casa,2026-03-01,9,
d:asuncion,Asunción,casa,2026-04-01,2,
d:asuncion,Asunción,casa,2026-05-01,13,
d:asuncion,Asunción,casa,2026-06-01,7,
d:asuncion,Asunción,casa,2026-07-01,9,
d:asuncion,Asunción,casa,2026-08-01,7,
d:asuncion,Asunción,casa,2026-09-01,13,
d:asuncion,Asunción,local,2024-04-01,1,
d:asuncion,Asunción,local,2024-08-01,1,
d:asuncion,Asunción,local,2024-09-01,2,
d:asuncion,Asunción,local,2024-11-01,1,
d:asuncion,Asunción,local,2025-06-01,1,
d:asuncion,Asunción,local,2025-07-01,1,
d:asuncion,Asunción,local,2025-08-01,2,
d:asuncion,Asunción,local,2025-09-01,7,
d:asuncion,Asunción,local,2025-10-01,10,
d:asuncion,Asunción,local,2025-11-01,10,
d:asuncion,Asunción,local,2025-12-01,6,
d:asuncion,Asunción,local,2026-01-01,4,
d:asuncion,Asunción,local,2026-02-01,4,
d:asuncion,Asunción,local,2026-03-01,7,
d:asuncion,Asunción,local,2026-04-01,2,
d:asuncion,Asunción,local,2026-05-01,5,
d:asuncion,Asunción,local,2026-06-01,6,
d:asuncion,Asunción,local,2026-07-01,4,
d:asuncion,Asunción,local,2026-08-01,3,
d:asuncion,Asunción,local,2026-09-01,2,
d:asuncion,Asunción,oficina,2025-05-01,1,
d:asuncion,Asunción,oficina,2025-08-01,1,
d:asuncion,Asunción,oficina,2025-09-01,7,
d:asuncion,Asunción,oficina,2025-10-01,8,
d:asuncion,Asunción,oficina,2025-11-01,2,
d:asuncion,Asunción,oficina,2025-12-01,6,
d:asuncion,Asunción,oficina,2026-01-01,3,
d:asuncion,Asunción,oficina,2026-02-01,9,
d:asuncion,Asunción,oficina,2026-03-01,7,
d:asuncion,Asunción,oficina,2026-04-01,7,
d:asuncion,Asunción,oficina,2026-05-01,1,
d:asuncion,Asunción,oficina,2026-06-01,5,
d:asuncion,Asunción,oficina,2026-07-01,4,
d:asuncion,Asunción,oficina,2026-08-01,4,
d:asuncion,Asunción,oficina,2026-09-01,4,
d:asuncion,Asunción,deposito,2025-07-01,1,
d:asuncion,Asunción,deposito,2025-09-01,1,
d:asuncion,Asunción,deposito,2025-10-01,3,
d:asuncion,Asunción,deposito,2025-11-01,2,
d:asuncion,Asunción,deposito,2025-12-01,1,
d:asuncion,Asunción,deposito,2026-01-01,1,
d:asuncion,Asunción,deposito,2026-03-01,1,
d:asuncion,Asunción,deposito,2026-04-01,1,
d:asuncion,Asunción,deposito,2026-05-01,1,
d:asuncion,Asunción,deposito,2026-06-01,1,
d:asuncion,Asunción,deposito,2026-07-01,1,
d:asuncion,Asunción,deposito,2026-08-01,1,
d:asuncion,Asunción,deposito,2026-09-01,1,
d:asuncion,Asunción,otro,2025-08-01,1,
d:asuncion,Asunción,otro,2025-09-01,2,
d:asuncion,Asunción,otro,2025-10-01,4,
d:asuncion,Asunción,otro,2025-11-01,2,
d:asuncion,Asunción,otro,2026-02-01,2,
d:asuncion,Asunción,otro,2026-03-01,2,
d:asuncion,Asunción,otro,2026-04-01,1,
d:asuncion,Asunción,otro,2026-05-01,2,
d:asuncion,Asunción,otro,2026-08-01,2,
d:asuncion,Asunción,otro,2026-09-01,2,
d:asuncion,Asunción,terreno,2025-08-01,1,
d:asuncion,Asunción,terreno,2025-09-01,1,
d:asuncion,Asunción,edificio,2025-10-01,1,
d:asuncion,Asunción,edificio,2026-03-01,1,
d:asuncion,Asunción,edificio,2026-04-01,1,
d:central,Central,casa,2024-03-01,1,
d:central,Central,casa,2024-07-01,2,
d:central,Central,casa,2024-10-01,1,
d:central,Central,casa,2024-11-01,1,
d:central,Central,casa,2024-12-01,1,
d:central,Central,casa,2025-03-01,1,
d:central,Central,casa,2025-06-01,2,
d:central,Central,casa,2025-07-01,5,
d:central,Central,casa,2025-08-01,5,
d:central,Central,casa,2025-09-01,15,
d:central,Central,casa,2025-10-01,13,
d:central,Central,casa,2025-11-01,18,
d:central,Central,casa,2025-12-01,15,
d:central,Central,casa,2026-01-01,21,525
d:central,Central,casa,2026-02-01,15,
d:central,Central,casa,2026-03-01,26,437
d:central,Central,casa,2026-04-01,19,
d:central,Central,casa,2026-05-01,16,
d:central,Central,casa,2026-06-01,22,483
d:central,Central,casa,2026-07-01,12,
d:central,Central,casa,2026-08-01,20,532
d:central,Central,casa,2026-09-01,9,
d:central,Central,duplex,2024-03-01,2,
d:central,Central,duplex,2024-04-01,1,
d:central,Central,duplex,2024-07-01,1,
d:central,Central,duplex,2024-08-01,1,
d:central,Central,duplex,2024-11-01,1,
d:central,Central,duplex,2025-01-01,1,
d:central,Central,duplex,2025-02-01,1,
d:central,Central,duplex,2025-04-01,1,
d:central,Central,duplex,2025-06-01,2,
d:central,Central,duplex,2025-07-01,2,
d:central,Central,duplex,2025-08-01,5,
d:central,Central,duplex,2025-09-01,11,
d:central,Central,duplex,2025-10-01,2,
d:central,Central,duplex,2025-11-01,10,
d:central,Central,duplex,2025-12-01,12,
d:central,Central,duplex,2026-01-01,11,
d:central,Central,duplex,2026-02-01,5,
d:central,Central,duplex,2026-03-01,13,
d:central,Central,duplex,2026-04-01,9,
d:central,Central,duplex,2026-05-01,14,
d:central,Central,duplex,2026-06-01,16,
d:central,Central,duplex,2026-07-01,11,
d:central,Central,duplex,2026-08-01,7,
d:central,Central,duplex,2026-09-01,7,
d:central,Central,departamento,2024-04-01,1,
d:central,Central,departamento,2024-06-01,1,
d:central,Central,departamento,2024-07-01,1,
d:central,Central,departamento,2024-08-01,1,
d:central,Central,departamento,2024-09-01,2,
d:central,Central,departamento,2024-10-01,2,
d:central,Central,departamento,2024-11-01,2,
d:central,Central,departamento,2025-02-01,1,
d:central,Central,departamento,2025-03-01,1,
d:central,Central,departamento,2025-04-01,3,
d:central,Central,departamento,2025-05-01,1,
d:central,Central,departamento,2025-06-01,3,
d:central,Central,departamento,2025-07-01,1,
d:central,Central,departamento,2025-08-01,7,
d:central,Central,departamento,2025-09-01,24,393
d:central,Central,departamento,2025-10-01,15,
d:central,Central,departamento,2025-11-01,14,
d:central,Central,departamento,2025-12-01,18,
d:central,Central,departamento,2026-01-01,17,
d:central,Central,departamento,2026-02-01,17,
d:central,Central,departamento,2026-03-01,17,
d:central,Central,departamento,2026-04-01,12,
d:central,Central,departamento,2026-05-01,20,396
d:central,Central,departamento,2026-06-01,24,475
d:central,Central,departamento,2026-07-01,21,526
d:central,Central,departamento,2026-08-01,16,
d:central,Central,departamento,2026-09-01,13,
d:central,Central,deposito,2024-05-01,1,
d:central,Central,deposito,2024-10-01,2,
d:central,Central,deposito,2024-11-01,1,
d:central,Central,deposito,2025-07-01,1,
d:central,Central,deposito,2025-08-01,3,
d:central,Central,deposito,2025-09-01,3,
d:central,Central,deposito,2025-10-01,2,
d:central,Central,deposito,2025-11-01,5,
d:central,Central,deposito,2025-12-01,3,
d:central,Central,deposito,2026-01-01,5,
d:central,Central,deposito,2026-02-01,6,
d:central,Central,deposito,2026-03-01,7,
d:central,Central,deposito,2026-04-01,2,
d:central,Central,deposito,2026-05-01,3,
d:central,Central,deposito,2026-06-01,5,
d:central,Central,deposito,2026-07-01,1,
d:central,Central,deposito,2026-08-01,1,
d:central,Central,deposito,2026-09-01,2,
d:central,Central,local,2024-07-01,4,
d:central,Central,local,2024-08-01,1,
d:central,Central,local,2024-09-01,1,
d:central,Central,local,2025-02-01,1,
d:central,Central,local,2025-05-01,1,
d:central,Central,local,2025-06-01,1,
d:central,Central,local,2025-07-01,2,
d:central,Central,local,2025-08-01,5,
d:central,Central,local,2025-09-01,12,
d:central,Central,local,2025-10-01,12,
d:central,Central,local,2025-11-01,8,
d:central,Central,local,2025-12-01,4,
d:central,Central,local,2026-01-01,9,
d:central,Central,local,2026-02-01,9,
d:central,Central,local,2026-03-01,7,
d:central,Central,local,2026-04-01,9,
d:central,Central,local,2026-05-01,13,
d:central,Central,local,2026-06-01,4,
d:central,Central,local,2026-07-01,8,
d:central,Central,local,2026-08-01,8,
d:central,Central,local,2026-09-01,3,
d:central,Central,oficina,2025-06-01,1,
d:central,Central,oficina,2025-08-01,1,
d:central,Central,oficina,2025-10-01,1,
d:central,Central,oficina,2025-11-01,3,
d:central,Central,oficina,2025-12-01,1,
d:central,Central,oficina,2026-06-01,1,
d:central,Central,otro,2025-09-01,1,
d:central,Central,otro,2025-10-01,3,
d:central,Central,otro,2025-11-01,4,
d:central,Central,otro,2025-12-01,2,
d:central,Central,otro,2026-01-01,2,
d:central,Central,otro,2026-02-01,2,
d:central,Central,otro,2026-03-01,3,
d:central,Central,otro,2026-04-01,1,
d:central,Central,otro,2026-05-01,2,
d:central,Central,otro,2026-06-01,1,
d:central,Central,otro,2026-08-01,1,
d:central,Central,otro,2026-09-01,3,
d:central,Central,quinta,2025-09-01,1,
d:central,Central,terreno,2025-10-01,2,
d:central,Central,terreno,2026-03-01,1,
d:central,Central,terreno,2026-05-01,1,
d:central,Central,terreno,2026-07-01,1,
d:central,Central,terreno,2026-08-01,1,
d:central,Central,terreno,2026-09-01,1,
c:central:luque,Luque,duplex,2024-03-01,2,
c:central:luque,Luque,duplex,2024-04-01,1,
c:central:luque,Luque,duplex,2024-08-01,1,
c:central:luque,Luque,duplex,2025-01-01,1,
c:central:luque,Luque,duplex,2025-02-01,1,
c:central:luque,Luque,duplex,2025-04-01,1,
c:central:luque,Luque,duplex,2025-07-01,1,
c:central:luque,Luque,duplex,2025-08-01,2,
c:central:luque,Luque,duplex,2025-09-01,3,
c:central:luque,Luque,duplex,2025-11-01,3,
c:central:luque,Luque,duplex,2025-12-01,4,
c:central:luque,Luque,duplex,2026-02-01,2,
c:central:luque,Luque,duplex,2026-03-01,4,
c:central:luque,Luque,duplex,2026-04-01,3,
c:central:luque,Luque,duplex,2026-05-01,2,
c:central:luque,Luque,duplex,2026-06-01,3,
c:central:luque,Luque,duplex,2026-09-01,2,
c:central:luque,Luque,departamento,2024-07-01,1,
c:central:luque,Luque,departamento,2024-08-01,1,
c:central:luque,Luque,departamento,2024-10-01,1,
c:central:luque,Luque,departamento,2025-04-01,3,
c:central:luque,Luque,departamento,2025-05-01,1,
c:central:luque,Luque,departamento,2025-06-01,2,
c:central:luque,Luque,departamento,2025-08-01,2,
c:central:luque,Luque,departamento,2025-09-01,13,
c:central:luque,Luque,departamento,2025-10-01,5,
c:central:luque,Luque,departamento,2025-11-01,1,
c:central:luque,Luque,departamento,2025-12-01,4,
c:central:luque,Luque,departamento,2026-01-01,4,
c:central:luque,Luque,departamento,2026-02-01,4,
c:central:luque,Luque,departamento,2026-03-01,3,
c:central:luque,Luque,departamento,2026-04-01,3,
c:central:luque,Luque,departamento,2026-05-01,5,
c:central:luque,Luque,departamento,2026-06-01,9,
c:central:luque,Luque,departamento,2026-07-01,9,
c:central:luque,Luque,departamento,2026-08-01,5,
c:central:luque,Luque,departamento,2026-09-01,2,
c:central:luque,Luque,local,2024-07-01,1,
c:central:luque,Luque,local,2025-08-01,1,
c:central:luque,Luque,local,2025-09-01,1,
c:central:luque,Luque,local,2025-10-01,2,
c:central:luque,Luque,local,2025-11-01,1,
c:central:luque,Luque,local,2025-12-01,1,
c:central:luque,Luque,local,2026-01-01,1,
c:central:luque,Luque,local,2026-02-01,4,
c:central:luque,Luque,local,2026-04-01,3,
c:central:luque,Luque,local,2026-05-01,4,
c:central:luque,Luque,local,2026-06-01,1,
c:central:luque,Luque,local,2026-07-01,2,
c:central:luque,Luque,local,2026-08-01,1,
c:central:luque,Luque,local,2026-09-01,1,
c:central:luque,Luque,casa,2024-11-01,1,
c:central:luque,Luque,casa,2025-03-01,1,
c:central:luque,Luque,casa,2025-07-01,1,
c:central:luque,Luque,casa,2025-08-01,1,
c:central:luque,Luque,casa,2025-09-01,2,
c:central:luque,Luque,casa,2025-10-01,4,
c:central:luque,Luque,casa,2025-11-01,4,
c:central:luque,Luque,casa,2025-12-01,2,
c:central:luque,Luque,casa,2026-01-01,6,
c:central:luque,Luque,casa,2026-02-01,6,
c:central:luque,Luque,casa,2026-03-01,4,
c:central:luque,Luque,casa,2026-04-01,2,
c:central:luque,Luque,casa,2026-05-01,5,
c:central:luque,Luque,casa,2026-06-01,4,
c:central:luque,Luque,casa,2026-07-01,4,
c:central:luque,Luque,casa,2026-08-01,4,
c:central:luque,Luque,casa,2026-09-01,2,
c:central:luque,Luque,oficina,2025-08-01,1,
c:central:luque,Luque,oficina,2025-12-01,1,
c:central:luque,Luque,terreno,2025-10-01,1,
c:central:luque,Luque,otro,2025-11-01,2,
c:central:luque,Luque,otro,2026-04-01,1,
c:central:luque,Luque,deposito,2026-03-01,2,
c:central:luque,Luque,deposito,2026-05-01,1,
c:central:san-lorenzo,San Lorenzo,casa,2024-03-01,1,
c:central:san-lorenzo,San Lorenzo,casa,2025-06-01,1,
c:central:san-lorenzo,San Lorenzo,casa,2025-08-01,3,
c:central:san-lorenzo,San Lorenzo,casa,2025-09-01,3,
c:central:san-lorenzo,San Lorenzo,casa,2025-10-01,2,
c:central:san-lorenzo,San Lorenzo,casa,2025-11-01,1,
c:central:san-lorenzo,San Lorenzo,casa,2025-12-01,5,
c:central:san-lorenzo,San Lorenzo,casa,2026-01-01,2,
c:central:san-lorenzo,San Lorenzo,casa,2026-02-01,4,
c:central:san-lorenzo,San Lorenzo,casa,2026-03-01,3,
c:central:san-lorenzo,San Lorenzo,casa,2026-04-01,2,
c:central:san-lorenzo,San Lorenzo,casa,2026-06-01,1,
c:central:san-lorenzo,San Lorenzo,casa,2026-07-01,2,
c:central:san-lorenzo,San Lorenzo,casa,2026-08-01,1,
c:central:san-lorenzo,San Lorenzo,departamento,2024-06-01,1,
c:central:san-lorenzo,San Lorenzo,departamento,2024-10-01,1,
c:central:san-lorenzo,San Lorenzo,departamento,2024-11-01,1,
c:central:san-lorenzo,San Lorenzo,departamento,2025-03-01,1,
c:central:san-lorenzo,San Lorenzo,departamento,2025-07-01,1,
c:central:san-lorenzo,San Lorenzo,departamento,2025-08-01,1,
c:central:san-lorenzo,San Lorenzo,departamento,2025-09-01,2,
c:central:san-lorenzo,San Lorenzo,departamento,2025-11-01,2,
c:central:san-lorenzo,San Lorenzo,departamento,2025-12-01,4,
c:central:san-lorenzo,San Lorenzo,departamento,2026-01-01,4,
c:central:san-lorenzo,San Lorenzo,departamento,2026-02-01,4,
c:central:san-lorenzo,San Lorenzo,departamento,2026-03-01,1,
c:central:san-lorenzo,San Lorenzo,departamento,2026-04-01,4,
c:central:san-lorenzo,San Lorenzo,departamento,2026-05-01,3,
c:central:san-lorenzo,San Lorenzo,departamento,2026-06-01,4,
c:central:san-lorenzo,San Lorenzo,departamento,2026-07-01,4,
c:central:san-lorenzo,San Lorenzo,departamento,2026-08-01,4,
c:central:san-lorenzo,San Lorenzo,departamento,2026-09-01,1,
c:central:san-lorenzo,San Lorenzo,deposito,2024-11-01,1,
c:central:san-lorenzo,San Lorenzo,deposito,2025-11-01,2,
c:central:san-lorenzo,San Lorenzo,deposito,2026-02-01,1,
c:central:san-lorenzo,San Lorenzo,deposito,2026-06-01,2,
c:central:san-lorenzo,San Lorenzo,deposito,2026-07-01,1,
c:central:san-lorenzo,San Lorenzo,duplex,2025-06-01,1,
c:central:san-lorenzo,San Lorenzo,duplex,2025-07-01,1,
c:central:san-lorenzo,San Lorenzo,duplex,2025-09-01,1,
c:central:san-lorenzo,San Lorenzo,duplex,2025-11-01,2,
c:central:san-lorenzo,San Lorenzo,duplex,2025-12-01,1,
c:central:san-lorenzo,San Lorenzo,duplex,2026-01-01,2,
c:central:san-lorenzo,San Lorenzo,duplex,2026-03-01,2,
c:central:san-lorenzo,San Lorenzo,duplex,2026-04-01,2,
c:central:san-lorenzo,San Lorenzo,duplex,2026-05-01,5,
c:central:san-lorenzo,San Lorenzo,duplex,2026-06-01,2,
c:central:san-lorenzo,San Lorenzo,duplex,2026-07-01,1,
c:central:san-lorenzo,San Lorenzo,duplex,2026-08-01,4,
c:central:san-lorenzo,San Lorenzo,duplex,2026-09-01,2,
c:central:san-lorenzo,San Lorenzo,local,2025-08-01,1,
c:central:san-lorenzo,San Lorenzo,local,2025-09-01,2,
c:central:san-lorenzo,San Lorenzo,local,2025-10-01,5,
c:central:san-lorenzo,San Lorenzo,local,2025-11-01,3,
c:central:san-lorenzo,San Lorenzo,local,2025-12-01,1,
c:central:san-lorenzo,San Lorenzo,local,2026-01-01,4,
c:central:san-lorenzo,San Lorenzo,local,2026-02-01,1,
c:central:san-lorenzo,San Lorenzo,local,2026-03-01,2,
c:central:san-lorenzo,San Lorenzo,local,2026-04-01,1,
c:central:san-lorenzo,San Lorenzo,local,2026-05-01,5,
c:central:san-lorenzo,San Lorenzo,local,2026-06-01,1,
c:central:san-lorenzo,San Lorenzo,local,2026-08-01,1,
c:central:san-lorenzo,San Lorenzo,local,2026-09-01,1,
c:central:san-lorenzo,San Lorenzo,oficina,2025-10-01,1,
c:central:san-lorenzo,San Lorenzo,oficina,2025-11-01,2,
c:central:san-lorenzo,San Lorenzo,otro,2025-10-01,2,
c:central:san-lorenzo,San Lorenzo,otro,2025-12-01,1,
c:central:san-lorenzo,San Lorenzo,otro,2026-01-01,1,
c:central:san-lorenzo,San Lorenzo,otro,2026-03-01,1,
c:central:san-lorenzo,San Lorenzo,otro,2026-05-01,1,
c:central:san-lorenzo,San Lorenzo,terreno,2025-10-01,1,
c:central:lambare,Lambaré,deposito,2024-05-01,1,
c:central:lambare,Lambaré,deposito,2025-08-01,2,
c:central:lambare,Lambaré,deposito,2025-09-01,1,
c:central:lambare,Lambaré,deposito,2026-01-01,1,
c:central:lambare,Lambaré,deposito,2026-02-01,1,
c:central:lambare,Lambaré,deposito,2026-06-01,2,
c:central:lambare,Lambaré,deposito,2026-09-01,1,
c:central:lambare,Lambaré,casa,2024-07-01,1,
c:central:lambare,Lambaré,casa,2024-10-01,1,
c:central:lambare,Lambaré,casa,2024-12-01,1,
c:central:lambare,Lambaré,casa,2025-09-01,3,
c:central:lambare,Lambaré,casa,2025-10-01,4,
c:central:lambare,Lambaré,casa,2025-11-01,4,
c:central:lambare,Lambaré,casa,2025-12-01,2,
c:central:lambare,Lambaré,casa,2026-01-01,5,
c:central:lambare,Lambaré,casa,2026-03-01,4,
c:central:lambare,Lambaré,casa,2026-04-01,5,
c:central:lambare,Lambaré,casa,2026-05-01,1,
c:central:lambare,Lambaré,casa,2026-06-01,7,
c:central:lambare,Lambaré,casa,2026-07-01,3,
c:central:lambare,Lambaré,casa,2026-08-01,2,
c:central:lambare,Lambaré,duplex,2024-07-01,1,
c:central:lambare,Lambaré,duplex,2024-11-01,1,
c:central:lambare,Lambaré,duplex,2025-06-01,1,
c:central:lambare,Lambaré,duplex,2025-09-01,1,
c:central:lambare,Lambaré,duplex,2025-10-01,2,
c:central:lambare,Lambaré,duplex,2025-11-01,1,
c:central:lambare,Lambaré,duplex,2025-12-01,2,
c:central:lambare,Lambaré,duplex,2026-01-01,6,
c:central:lambare,Lambaré,duplex,2026-02-01,1,
c:central:lambare,Lambaré,duplex,2026-03-01,1,
c:central:lambare,Lambaré,duplex,2026-04-01,2,
c:central:lambare,Lambaré,duplex,2026-05-01,3,
c:central:lambare,Lambaré,duplex,2026-06-01,2,
c:central:lambare,Lambaré,duplex,2026-07-01,6,
c:central:lambare,Lambaré,duplex,2026-08-01,2,
c:central:lambare,Lambaré,duplex,2026-09-01,2,
c:central:lambare,Lambaré,departamento,2024-09-01,1,
c:central:lambare,Lambaré,departamento,2025-08-01,1,
c:central:lambare,Lambaré,departamento,2025-09-01,2,
c:central:lambare,Lambaré,departamento,2025-11-01,1,
c:central:lambare,Lambaré,departamento,2025-12-01,3,
c:central:lambare,Lambaré,departamento,2026-01-01,2,
c:central:lambare,Lambaré,departamento,2026-02-01,1,
c:central:lambare,Lambaré,departamento,2026-03-01,3,
c:central:lambare,Lambaré,departamento,2026-04-01,1,
c:central:lambare,Lambaré,departamento,2026-06-01,2,
c:central:lambare,Lambaré,departamento,2026-07-01,1,
c:central:lambare,Lambaré,departamento,2026-08-01,1,
c:central:lambare,Lambaré,departamento,2026-09-01,1,
c:central:lambare,Lambaré,local,2025-09-01,2,
c:central:lambare,Lambaré,local,2025-10-01,2,
c:central:lambare,Lambaré,local,2025-11-01,1,
c:central:lambare,Lambaré,local,2026-05-01,2,
c:central:lambare,Lambaré,local,2026-06-01,1,
c:central:lambare,Lambaré,local,2026-07-01,2,
c:central:lambare,Lambaré,otro,2025-09-01,1,
c:central:lambare,Lambaré,otro,2026-02-01,1,
c:central:lambare,Lambaré,terreno,2026-03-01,1,
c:central:lambare,Lambaré,terreno,2026-08-01,1,
c:central:fernando-de-la-mora,Fernando de la Mora,departamento,2024-04-01,1,
c:central:fernando-de-la-mora,Fernando de la Mora,departamento,2024-11-01,1,
c:central:fernando-de-la-mora,Fernando de la Mora,departamento,2025-06-01,1,
c:central:fernando-de-la-mora,Fernando de la Mora,departamento,2025-08-01,1,
c:central:fernando-de-la-mora,Fernando de la Mora,departamento,2025-09-01,2,
c:central:fernando-de-la-mora,Fernando de la Mora,departamento,2025-10-01,7,
c:central:fernando-de-la-mora,Fernando de la Mora,departamento,2025-11-01,8,
c:central:fernando-de-la-mora,Fernando de la Mora,departamento,2025-12-01,4,
c:central:fernando-de-la-mora,Fernando de la Mora,departamento,2026-01-01,3,
c:central:fernando-de-la-mora,Fernando de la Mora,departamento,2026-02-01,5,
c:central:fernando-de-la-mora,Fernando de la Mora,departamento,2026-03-01,5,
c:central:fernando-de-la-mora,Fernando de la Mora,departamento,2026-04-01,2,
c:central:fernando-de-la-mora,Fernando de la Mora,departamento,2026-05-01,6,
c:central:fernando-de-la-mora,Fernando de la Mora,departamento,2026-06-01,3,
c:central:fernando-de-la-mora,Fernando de la Mora,departamento,2026-07-01,2,
c:central:fernando-de-la-mora,Fernando de la Mora,departamento,2026-08-01,4,
c:central:fernando-de-la-mora,Fernando de la Mora,departamento,2026-09-01,3,
c:central:fernando-de-la-mora,Fernando de la Mora,casa,2024-07-01,1,
c:central:fernando-de-la-mora,Fernando de la Mora,casa,2025-07-01,2,
c:central:fernando-de-la-mora,Fernando de la Mora,casa,2025-09-01,2,
c:central:fernando-de-la-mora,Fernando de la Mora,casa,2025-10-01,1,
c:central:fernando-de-la-mora,Fernando de la Mora,casa,2025-11-01,3,
c:central:fernando-de-la-mora,Fernando de la Mora,casa,2026-01-01,2,
c:central:fernando-de-la-mora,Fernando de la Mora,casa,2026-02-01,1,
c:central:fernando-de-la-mora,Fernando de la Mora,casa,2026-03-01,5,
c:central:fernando-de-la-mora,Fernando de la Mora,casa,2026-04-01,2,
c:central:fernando-de-la-mora,Fernando de la Mora,casa,2026-05-01,1,
c:central:fernando-de-la-mora,Fernando de la Mora,casa,2026-07-01,1,
c:central:fernando-de-la-mora,Fernando de la Mora,casa,2026-08-01,1,
c:central:fernando-de-la-mora,Fernando de la Mora,casa,2026-09-01,1,
c:central:fernando-de-la-mora,Fernando de la Mora,local,2024-07-01,2,
c:central:fernando-de-la-mora,Fernando de la Mora,local,2024-09-01,1,
c:central:fernando-de-la-mora,Fernando de la Mora,local,2025-05-01,1,
c:central:fernando-de-la-mora,Fernando de la Mora,local,2025-06-01,1,
c:central:fernando-de-la-mora,Fernando de la Mora,local,2025-08-01,1,
c:central:fernando-de-la-mora,Fernando de la Mora,local,2025-09-01,1,
c:central:fernando-de-la-mora,Fernando de la Mora,local,2025-11-01,2,
c:central:fernando-de-la-mora,Fernando de la Mora,local,2025-12-01,1,
c:central:fernando-de-la-mora,Fernando de la Mora,local,2026-01-01,1,
c:central:fernando-de-la-mora,Fernando de la Mora,local,2026-02-01,1,
c:central:fernando-de-la-mora,Fernando de la Mora,local,2026-03-01,2,
c:central:fernando-de-la-mora,Fernando de la Mora,local,2026-04-01,2,
c:central:fernando-de-la-mora,Fernando de la Mora,local,2026-05-01,1,
c:central:fernando-de-la-mora,Fernando de la Mora,local,2026-07-01,4,
c:central:fernando-de-la-mora,Fernando de la Mora,local,2026-08-01,2,
c:central:fernando-de-la-mora,Fernando de la Mora,local,2026-09-01,1,
c:central:fernando-de-la-mora,Fernando de la Mora,deposito,2024-10-01,2,
c:central:fernando-de-la-mora,Fernando de la Mora,deposito,2025-09-01,1,
c:central:fernando-de-la-mora,Fernando de la Mora,deposito,2026-01-01,2,
c:central:fernando-de-la-mora,Fernando de la Mora,deposito,2026-02-01,4,
c:central:fernando-de-la-mora,Fernando de la Mora,deposito,2026-03-01,1,
c:central:fernando-de-la-mora,Fernando de la Mora,oficina,2025-06-01,1,
c:central:fernando-de-la-mora,Fernando de la Mora,duplex,2025-08-01,2,
c:central:fernando-de-la-mora,Fernando de la Mora,duplex,2025-09-01,4,
c:central:fernando-de-la-mora,Fernando de la Mora,duplex,2025-11-01,3,
c:central:fernando-de-la-mora,Fernando de la Mora,duplex,2025-12-01,3,
c:central:fernando-de-la-mora,Fernando de la Mora,duplex,2026-01-01,2,
c:central:fernando-de-la-mora,Fernando de la Mora,duplex,2026-02-01,2,
c:central:fernando-de-la-mora,Fernando de la Mora,duplex,2026-03-01,2,
c:central:fernando-de-la-mora,Fernando de la Mora,duplex,2026-05-01,3,
c:central:fernando-de-la-mora,Fernando de la Mora,duplex,2026-06-01,6,
c:central:fernando-de-la-mora,Fernando de la Mora,duplex,2026-07-01,1,
c:central:fernando-de-la-mora,Fernando de la Mora,duplex,2026-09-01,1,
c:central:fernando-de-la-mora,Fernando de la Mora,otro,2025-11-01,1,
c:central:fernando-de-la-mora,Fernando de la Mora,otro,2025-12-01,1,
c:central:fernando-de-la-mora,Fernando de la Mora,otro,2026-01-01,1,
c:central:fernando-de-la-mora,Fernando de la Mora,otro,2026-03-01,1,
c:central:fernando-de-la-mora,Fernando de la Mora,otro,2026-08-01,1,
c:central:fernando-de-la-mora,Fernando de la Mora,terreno,2026-05-01,1,
c:central:fernando-de-la-mora,Fernando de la Mora,terreno,2026-09-01,1,
c:central:capiata,Capiatá,local,2024-07-01,1,
c:central:capiata,Capiatá,local,2026-03-01,1,
c:central:capiata,Capiatá,casa,2025-07-01,1,
c:central:capiata,Capiatá,casa,2025-08-01,1,
c:central:capiata,Capiatá,casa,2025-09-01,1,
c:central:capiata,Capiatá,casa,2025-10-01,1,
c:central:capiata,Capiatá,casa,2025-12-01,1,
c:central:capiata,Capiatá,casa,2026-01-01,1,
c:central:capiata,Capiatá,casa,2026-02-01,1,
c:central:capiata,Capiatá,casa,2026-03-01,2,
c:central:capiata,Capiatá,casa,2026-05-01,1,
c:central:capiata,Capiatá,casa,2026-06-01,2,
c:central:capiata,Capiatá,casa,2026-07-01,1,
c:central:capiata,Capiatá,casa,2026-08-01,2,
c:central:capiata,Capiatá,casa,2026-09-01,1,
c:central:capiata,Capiatá,quinta,2025-09-01,1,
c:central:capiata,Capiatá,deposito,2025-11-01,2,
c:central:capiata,Capiatá,deposito,2025-12-01,1,
c:central:capiata,Capiatá,deposito,2026-01-01,1,
c:central:capiata,Capiatá,deposito,2026-03-01,1,
c:central:capiata,Capiatá,deposito,2026-04-01,2,
c:central:capiata,Capiatá,departamento,2025-12-01,1,
c:central:capiata,Capiatá,departamento,2026-01-01,1,
c:central:capiata,Capiatá,departamento,2026-03-01,1,
c:central:capiata,Capiatá,departamento,2026-08-01,1,
c:central:capiata,Capiatá,otro,2026-09-01,1,
c:central:mariano-roque-alonso,Mariano Roque Alonso,deposito,2025-08-01,1,
c:central:mariano-roque-alonso,Mariano Roque Alonso,deposito,2026-01-01,1,
c:central:mariano-roque-alonso,Mariano Roque Alonso,deposito,2026-03-01,2,
c:central:mariano-roque-alonso,Mariano Roque Alonso,casa,2025-09-01,3,
c:central:mariano-roque-alonso,Mariano Roque Alonso,casa,2025-10-01,1,
c:central:mariano-roque-alonso,Mariano Roque Alonso,casa,2025-11-01,1,
c:central:mariano-roque-alonso,Mariano Roque Alonso,casa,2026-01-01,2,
c:central:mariano-roque-alonso,Mariano Roque Alonso,casa,2026-02-01,1,
c:central:mariano-roque-alonso,Mariano Roque Alonso,casa,2026-03-01,2,
c:central:mariano-roque-alonso,Mariano Roque Alonso,casa,2026-04-01,5,
c:central:mariano-roque-alonso,Mariano Roque Alonso,casa,2026-05-01,1,
c:central:mariano-roque-alonso,Mariano Roque Alonso,casa,2026-06-01,1,
c:central:mariano-roque-alonso,Mariano Roque Alonso,casa,2026-08-01,2,
c:central:mariano-roque-alonso,Mariano Roque Alonso,casa,2026-09-01,2,
c:central:mariano-roque-alonso,Mariano Roque Alonso,departamento,2025-09-01,2,
c:central:mariano-roque-alonso,Mariano Roque Alonso,departamento,2025-10-01,2,
c:central:mariano-roque-alonso,Mariano Roque Alonso,departamento,2025-11-01,1,
c:central:mariano-roque-alonso,Mariano Roque Alonso,departamento,2025-12-01,1,
c:central:mariano-roque-alonso,Mariano Roque Alonso,departamento,2026-01-01,1,
c:central:mariano-roque-alonso,Mariano Roque Alonso,departamento,2026-02-01,2,
c:central:mariano-roque-alonso,Mariano Roque Alonso,departamento,2026-03-01,1,
c:central:mariano-roque-alonso,Mariano Roque Alonso,departamento,2026-04-01,1,
c:central:mariano-roque-alonso,Mariano Roque Alonso,departamento,2026-05-01,2,
c:central:mariano-roque-alonso,Mariano Roque Alonso,departamento,2026-06-01,4,
c:central:mariano-roque-alonso,Mariano Roque Alonso,departamento,2026-07-01,3,
c:central:mariano-roque-alonso,Mariano Roque Alonso,departamento,2026-08-01,1,
c:central:mariano-roque-alonso,Mariano Roque Alonso,departamento,2026-09-01,4,
c:central:mariano-roque-alonso,Mariano Roque Alonso,duplex,2025-09-01,2,
c:central:mariano-roque-alonso,Mariano Roque Alonso,duplex,2026-06-01,1,
c:central:mariano-roque-alonso,Mariano Roque Alonso,local,2025-09-01,1,
c:central:mariano-roque-alonso,Mariano Roque Alonso,local,2026-04-01,2,
c:central:mariano-roque-alonso,Mariano Roque Alonso,local,2026-08-01,2,
c:central:nemby,Ñemby,casa,2025-06-01,1,
c:central:nemby,Ñemby,casa,2025-11-01,2,
c:central:nemby,Ñemby,casa,2026-01-01,1,
c:central:nemby,Ñemby,casa,2026-02-01,1,
c:central:nemby,Ñemby,casa,2026-03-01,2,
c:central:nemby,Ñemby,casa,2026-04-01,1,
c:central:nemby,Ñemby,casa,2026-05-01,2,
c:central:nemby,Ñemby,casa,2026-06-01,1,
c:central:nemby,Ñemby,casa,2026-08-01,4,
c:central:nemby,Ñemby,local,2025-07-01,2,
c:central:nemby,Ñemby,local,2025-08-01,2,
c:central:nemby,Ñemby,local,2025-09-01,2,
c:central:nemby,Ñemby,local,2025-10-01,1,
c:central:nemby,Ñemby,local,2026-01-01,2,
c:central:nemby,Ñemby,departamento,2025-09-01,1,
c:central:nemby,Ñemby,departamento,2026-01-01,1,
c:central:nemby,Ñemby,departamento,2026-02-01,1,
c:central:nemby,Ñemby,departamento,2026-03-01,1,
c:central:nemby,Ñemby,departamento,2026-04-01,1,
c:central:nemby,Ñemby,departamento,2026-05-01,2,
c:central:nemby,Ñemby,departamento,2026-06-01,1,
c:central:nemby,Ñemby,departamento,2026-07-01,2,
c:central:nemby,Ñemby,deposito,2025-09-01,1,
c:central:nemby,Ñemby,deposito,2025-10-01,1,
c:central:nemby,Ñemby,deposito,2025-12-01,1,
c:central:nemby,Ñemby,deposito,2026-03-01,1,
c:central:nemby,Ñemby,duplex,2025-11-01,1,
c:central:nemby,Ñemby,duplex,2026-03-01,1,
c:central:nemby,Ñemby,otro,2026-02-01,1,
c:central:nemby,Ñemby,otro,2026-03-01,1,
c:central:nemby,Ñemby,otro,2026-05-01,1,
c:central:nemby,Ñemby,terreno,2026-07-01,1,
c:central:villa-elisa,Villa Elisa,local,2024-08-01,1,
c:central:villa-elisa,Villa Elisa,local,2025-02-01,1,
c:central:villa-elisa,Villa Elisa,local,2025-09-01,1,
c:central:villa-elisa,Villa Elisa,local,2026-03-01,2,
c:central:villa-elisa,Villa Elisa,local,2026-05-01,1,
c:central:villa-elisa,Villa Elisa,local,2026-08-01,1,
c:central:villa-elisa,Villa Elisa,departamento,2024-09-01,1,
c:central:villa-elisa,Villa Elisa,departamento,2025-02-01,1,
c:central:villa-elisa,Villa Elisa,departamento,2025-08-01,2,
c:central:villa-elisa,Villa Elisa,departamento,2025-09-01,2,
c:central:villa-elisa,Villa Elisa,departamento,2025-10-01,1,
c:central:villa-elisa,Villa Elisa,departamento,2025-11-01,1,
c:central:villa-elisa,Villa Elisa,departamento,2026-01-01,1,
c:central:villa-elisa,Villa Elisa,departamento,2026-03-01,2,
c:central:villa-elisa,Villa Elisa,departamento,2026-06-01,1,
c:central:villa-elisa,Villa Elisa,departamento,2026-09-01,1,
c:central:villa-elisa,Villa Elisa,deposito,2025-07-01,1,
c:central:villa-elisa,Villa Elisa,deposito,2025-12-01,1,
c:central:villa-elisa,Villa Elisa,deposito,2026-05-01,1,
c:central:villa-elisa,Villa Elisa,duplex,2025-08-01,1,
c:central:villa-elisa,Villa Elisa,duplex,2025-12-01,2,
c:central:villa-elisa,Villa Elisa,duplex,2026-01-01,1,
c:central:villa-elisa,Villa Elisa,duplex,2026-03-01,3,
c:central:villa-elisa,Villa Elisa,duplex,2026-04-01,1,
c:central:villa-elisa,Villa Elisa,duplex,2026-05-01,1,
c:central:villa-elisa,Villa Elisa,duplex,2026-06-01,2,
c:central:villa-elisa,Villa Elisa,duplex,2026-07-01,3,
c:central:villa-elisa,Villa Elisa,duplex,2026-08-01,1,
c:central:villa-elisa,Villa Elisa,casa,2025-11-01,1,
c:central:villa-elisa,Villa Elisa,casa,2025-12-01,3,
c:central:villa-elisa,Villa Elisa,casa,2026-01-01,2,
c:central:villa-elisa,Villa Elisa,casa,2026-03-01,3,
c:central:villa-elisa,Villa Elisa,casa,2026-04-01,1,
c:central:villa-elisa,Villa Elisa,casa,2026-05-01,1,
c:central:villa-elisa,Villa Elisa,casa,2026-06-01,1,
c:central:villa-elisa,Villa Elisa,casa,2026-08-01,2,
c:central:villa-elisa,Villa Elisa,oficina,2026-06-01,1,
c:central:villa-elisa,Villa Elisa,otro,2026-09-01,1,
c:central:limpio,Limpio,local,2025-10-01,1,
c:central:limpio,Limpio,local,2026-01-01,1,
c:central:limpio,Limpio,casa,2025-11-01,1,
c:central:limpio,Limpio,casa,2026-02-01,1,
c:central:limpio,Limpio,casa,2026-05-01,2,
c:central:limpio,Limpio,casa,2026-06-01,3,
c:central:limpio,Limpio,casa,2026-09-01,2,
c:central:limpio,Limpio,departamento,2025-12-01,1,
c:central:limpio,Limpio,departamento,2026-05-01,1,
c:central:limpio,Limpio,departamento,2026-09-01,1,
c:central:limpio,Limpio,deposito,2026-09-01,1,
c:central:itaugua,Itauguá,deposito,2025-11-01,1,
c:central:itaugua,Itauguá,deposito,2026-05-01,1,
c:central:itaugua,Itauguá,local,2025-11-01,1,
c:central:itaugua,Itauguá,local,2025-12-01,1,
c:central:itaugua,Itauguá,local,2026-02-01,2,
c:central:itaugua,Itauguá,local,2026-06-01,1,
c:central:itaugua,Itauguá,local,2026-08-01,1,
c:central:itaugua,Itauguá,oficina,2025-11-01,1,
c:central:itaugua,Itauguá,casa,2025-12-01,2,
c:central:itaugua,Itauguá,casa,2026-05-01,1,
c:central:itaugua,Itauguá,casa,2026-06-01,1,
c:central:itaugua,Itauguá,casa,2026-09-01,1,
c:central:itaugua,Itauguá,duplex,2026-04-01,1,
c:central:itaugua,Itauguá,otro,2026-06-01,1,
c:central:aregua,Areguá,casa,2025-07-01,1,
c:central:aregua,Areguá,casa,2025-11-01,1,
c:central:aregua,Areguá,casa,2026-03-01,1,
c:central:aregua,Areguá,casa,2026-04-01,1,
c:central:aregua,Areguá,casa,2026-05-01,1,
c:central:aregua,Areguá,casa,2026-07-01,1,
c:central:aregua,Areguá,casa,2026-08-01,1,
c:central:ypane,Ypané,local,2025-09-01,1,
c:central:ypane,Ypané,local,2025-10-01,1,
c:central:ypacarai,Ypacaraí,local,2026-02-01,1,
c:central:ypacarai,Ypacaraí,local,2026-04-01,1,
c:central:san-antonio,San Antonio,deposito,2025-10-01,1,
c:central:san-antonio,San Antonio,deposito,2026-06-01,1,
c:central:san-antonio,San Antonio,otro,2025-11-01,1,
c:central:san-antonio,San Antonio,casa,2026-06-01,1,
c:central:villeta,Villeta,local,2025-09-01,1,
c:central:villeta,Villeta,otro,2025-10-01,1,
c:central:villeta,Villeta,casa,2026-08-01,1,
c:central:villeta,Villeta,deposito,2026-08-01,1,
c:central:ita,Itá,departamento,2026-05-01,1,
c:central:ita,Itá,otro,2026-09-01,1,
d:itapua,Itapúa,casa,2025-08-01,1,
d:itapua,Itapúa,casa,2025-09-01,8,
d:itapua,Itapúa,casa,2025-10-01,3,
d:itapua,Itapúa,casa,2025-11-01,4,
d:itapua,Itapúa,casa,2025-12-01,4,
d:itapua,Itapúa,casa,2026-01-01,5,
d:itapua,Itapúa,casa,2026-02-01,6,
d:itapua,Itapúa,casa,2026-03-01,4,
d:itapua,Itapúa,casa,2026-04-01,3,
d:itapua,Itapúa,casa,2026-05-01,5,
d:itapua,Itapúa,casa,2026-06-01,4,
d:itapua,Itapúa,casa,2026-07-01,3,
d:itapua,Itapúa,casa,2026-08-01,4,
d:itapua,Itapúa,casa,2026-09-01,4,
d:itapua,Itapúa,duplex,2025-08-01,1,
d:itapua,Itapúa,duplex,2025-09-01,1,
d:itapua,Itapúa,duplex,2025-11-01,3,
d:itapua,Itapúa,duplex,2025-12-01,2,
d:itapua,Itapúa,duplex,2026-01-01,2,
d:itapua,Itapúa,duplex,2026-03-01,4,
d:itapua,Itapúa,duplex,2026-04-01,7,
d:itapua,Itapúa,duplex,2026-05-01,2,
d:itapua,Itapúa,duplex,2026-07-01,3,
d:itapua,Itapúa,duplex,2026-08-01,4,
d:itapua,Itapúa,duplex,2026-09-01,2,
d:itapua,Itapúa,local,2025-08-01,1,
d:itapua,Itapúa,local,2025-09-01,1,
d:itapua,Itapúa,local,2025-11-01,2,
d:itapua,Itapúa,local,2025-12-01,5,
d:itapua,Itapúa,local,2026-02-01,3,
d:itapua,Itapúa,local,2026-03-01,1,
d:itapua,Itapúa,local,2026-04-01,3,
d:itapua,Itapúa,local,2026-06-01,2,
d:itapua,Itapúa,local,2026-07-01,3,
d:itapua,Itapúa,local,2026-08-01,2,
d:itapua,Itapúa,departamento,2025-09-01,7,
d:itapua,Itapúa,departamento,2025-10-01,8,
d:itapua,Itapúa,departamento,2025-11-01,4,
d:itapua,Itapúa,departamento,2025-12-01,9,
d:itapua,Itapúa,departamento,2026-01-01,6,
d:itapua,Itapúa,departamento,2026-02-01,5,
d:itapua,Itapúa,departamento,2026-03-01,12,
d:itapua,Itapúa,departamento,2026-04-01,7,
d:itapua,Itapúa,departamento,2026-05-01,10,
d:itapua,Itapúa,departamento,2026-06-01,12,
d:itapua,Itapúa,departamento,2026-07-01,10,
d:itapua,Itapúa,departamento,2026-08-01,8,
d:itapua,Itapúa,departamento,2026-09-01,4,
d:itapua,Itapúa,terreno,2025-09-01,1,
d:itapua,Itapúa,terreno,2025-10-01,1,
d:itapua,Itapúa,terreno,2026-04-01,1,
d:itapua,Itapúa,terreno,2026-05-01,1,
d:itapua,Itapúa,deposito,2025-11-01,1,
d:itapua,Itapúa,deposito,2025-12-01,1,
d:itapua,Itapúa,deposito,2026-02-01,1,
d:itapua,Itapúa,deposito,2026-03-01,1,
d:itapua,Itapúa,deposito,2026-06-01,2,
d:itapua,Itapúa,deposito,2026-08-01,1,
d:itapua,Itapúa,otro,2025-11-01,1,
d:itapua,Itapúa,otro,2025-12-01,1,
d:itapua,Itapúa,otro,2026-02-01,2,
d:itapua,Itapúa,otro,2026-05-01,1,
d:itapua,Itapúa,otro,2026-06-01,1,
d:itapua,Itapúa,otro,2026-08-01,2,
d:itapua,Itapúa,oficina,2025-12-01,1,
d:itapua,Itapúa,oficina,2026-02-01,1,
d:itapua,Itapúa,quinta,2026-07-01,1,
d:itapua,Itapúa,edificio,2026-08-01,1,
c:itapua:encarnacion,Encarnación,local,2025-08-01,1,
c:itapua:encarnacion,Encarnación,local,2025-09-01,1,
c:itapua:encarnacion,Encarnación,local,2025-11-01,2,
c:itapua:encarnacion,Encarnación,local,2025-12-01,5,
c:itapua:encarnacion,Encarnación,local,2026-02-01,3,
c:itapua:encarnacion,Encarnación,local,2026-03-01,1,
c:itapua:encarnacion,Encarnación,local,2026-04-01,1,
c:itapua:encarnacion,Encarnación,local,2026-06-01,2,
c:itapua:encarnacion,Encarnación,local,2026-07-01,3,
c:itapua:encarnacion,Encarnación,local,2026-08-01,2,
c:itapua:encarnacion,Encarnación,casa,2025-09-01,4,
c:itapua:encarnacion,Encarnación,casa,2025-10-01,2,
c:itapua:encarnacion,Encarnación,casa,2025-11-01,3,
c:itapua:encarnacion,Encarnación,casa,2025-12-01,3,
c:itapua:encarnacion,Encarnación,casa,2026-01-01,4,
c:itapua:encarnacion,Encarnación,casa,2026-02-01,6,
c:itapua:encarnacion,Encarnación,casa,2026-03-01,3,
c:itapua:encarnacion,Encarnación,casa,2026-04-01,1,
c:itapua:encarnacion,Encarnación,casa,2026-05-01,2,
c:itapua:encarnacion,Encarnación,casa,2026-06-01,3,
c:itapua:encarnacion,Encarnación,casa,2026-07-01,2,
c:itapua:encarnacion,Encarnación,casa,2026-08-01,2,
c:itapua:encarnacion,Encarnación,casa,2026-09-01,1,
c:itapua:encarnacion,Encarnación,departamento,2025-09-01,6,
c:itapua:encarnacion,Encarnación,departamento,2025-10-01,8,
c:itapua:encarnacion,Encarnación,departamento,2025-11-01,4,
c:itapua:encarnacion,Encarnación,departamento,2025-12-01,7,
c:itapua:encarnacion,Encarnación,departamento,2026-01-01,5,
c:itapua:encarnacion,Encarnación,departamento,2026-02-01,4,
c:itapua:encarnacion,Encarnación,departamento,2026-03-01,11,
c:itapua:encarnacion,Encarnación,departamento,2026-04-01,5,
c:itapua:encarnacion,Encarnación,departamento,2026-05-01,10,
c:itapua:encarnacion,Encarnación,departamento,2026-06-01,12,
c:itapua:encarnacion,Encarnación,departamento,2026-07-01,10,
c:itapua:encarnacion,Encarnación,departamento,2026-08-01,6,
c:itapua:encarnacion,Encarnación,departamento,2026-09-01,3,
c:itapua:encarnacion,Encarnación,terreno,2025-09-01,1,
c:itapua:encarnacion,Encarnación,terreno,2025-10-01,1,
c:itapua:encarnacion,Encarnación,terreno,2026-04-01,1,
c:itapua:encarnacion,Encarnación,terreno,2026-05-01,1,
c:itapua:encarnacion,Encarnación,deposito,2025-11-01,1,
c:itapua:encarnacion,Encarnación,deposito,2025-12-01,1,
c:itapua:encarnacion,Encarnación,deposito,2026-02-01,1,
c:itapua:encarnacion,Encarnación,deposito,2026-06-01,1,
c:itapua:encarnacion,Encarnación,deposito,2026-08-01,1,
c:itapua:encarnacion,Encarnación,oficina,2025-12-01,1,
c:itapua:encarnacion,Encarnación,oficina,2026-02-01,1,
c:itapua:encarnacion,Encarnación,otro,2025-12-01,1,
c:itapua:encarnacion,Encarnación,otro,2026-02-01,1,
c:itapua:encarnacion,Encarnación,otro,2026-06-01,1,
c:itapua:encarnacion,Encarnación,otro,2026-08-01,1,
c:itapua:encarnacion,Encarnación,duplex,2026-03-01,1,
c:itapua:encarnacion,Encarnación,duplex,2026-04-01,3,
c:itapua:encarnacion,Encarnación,duplex,2026-05-01,1,
c:itapua:encarnacion,Encarnación,duplex,2026-07-01,2,
c:itapua:encarnacion,Encarnación,duplex,2026-08-01,3,
c:itapua:encarnacion,Encarnación,duplex,2026-09-01,1,
c:itapua:encarnacion,Encarnación,edificio,2026-08-01,1,
c:itapua:cambyreta,Cambyretá,duplex,2025-08-01,1,
c:itapua:cambyreta,Cambyretá,duplex,2025-09-01,1,
c:itapua:cambyreta,Cambyretá,duplex,2025-11-01,3,
c:itapua:cambyreta,Cambyretá,duplex,2025-12-01,2,
c:itapua:cambyreta,Cambyretá,duplex,2026-01-01,2,
c:itapua:cambyreta,Cambyretá,duplex,2026-03-01,3,
c:itapua:cambyreta,Cambyretá,duplex,2026-04-01,4,
c:itapua:cambyreta,Cambyretá,duplex,2026-05-01,1,
c:itapua:cambyreta,Cambyretá,duplex,2026-07-01,1,
c:itapua:cambyreta,Cambyretá,duplex,2026-08-01,1,
c:itapua:cambyreta,Cambyretá,duplex,2026-09-01,1,
c:itapua:cambyreta,Cambyretá,casa,2025-09-01,3,
c:itapua:cambyreta,Cambyretá,casa,2026-04-01,1,
c:itapua:cambyreta,Cambyretá,casa,2026-05-01,1,
c:itapua:cambyreta,Cambyretá,casa,2026-06-01,1,
c:itapua:cambyreta,Cambyretá,casa,2026-07-01,1,
c:itapua:cambyreta,Cambyretá,casa,2026-08-01,2,
c:itapua:cambyreta,Cambyretá,casa,2026-09-01,2,
c:itapua:cambyreta,Cambyretá,departamento,2025-09-01,1,
c:itapua:cambyreta,Cambyretá,departamento,2025-12-01,2,
c:itapua:cambyreta,Cambyretá,departamento,2026-01-01,1,
c:itapua:cambyreta,Cambyretá,departamento,2026-02-01,1,
c:itapua:cambyreta,Cambyretá,departamento,2026-03-01,1,
c:itapua:cambyreta,Cambyretá,departamento,2026-04-01,2,
c:itapua:cambyreta,Cambyretá,departamento,2026-08-01,2,
c:itapua:cambyreta,Cambyretá,departamento,2026-09-01,1,
c:itapua:cambyreta,Cambyretá,otro,2026-02-01,1,
c:itapua:cambyreta,Cambyretá,otro,2026-08-01,1,
c:itapua:cambyreta,Cambyretá,deposito,2026-03-01,1,
c:itapua:cambyreta,Cambyretá,deposito,2026-06-01,1,
c:itapua:cambyreta,Cambyretá,local,2026-04-01,1,
c:itapua:cambyreta,Cambyretá,quinta,2026-07-01,1,
c:itapua:san-juan-del-parana,San Juan del Paraná,casa,2025-08-01,1,
c:itapua:san-juan-del-parana,San Juan del Paraná,casa,2025-09-01,1,
c:itapua:san-juan-del-parana,San Juan del Paraná,casa,2025-10-01,1,
c:itapua:san-juan-del-parana,San Juan del Paraná,casa,2025-11-01,1,
c:itapua:san-juan-del-parana,San Juan del Paraná,casa,2025-12-01,1,
c:itapua:san-juan-del-parana,San Juan del Paraná,casa,2026-01-01,1,
c:itapua:san-juan-del-parana,San Juan del Paraná,casa,2026-03-01,1,
c:itapua:san-juan-del-parana,San Juan del Paraná,casa,2026-05-01,2,
c:itapua:san-juan-del-parana,San Juan del Paraná,casa,2026-09-01,1,
c:itapua:san-juan-del-parana,San Juan del Paraná,otro,2025-11-01,1,
c:itapua:capitan-miranda,Capitán Miranda,local,2026-04-01,1,
c:itapua:capitan-miranda,Capitán Miranda,otro,2026-05-01,1,
d:cordillera,Cordillera,casa,2025-08-01,1,
d:cordillera,Cordillera,casa,2025-09-01,1,
d:cordillera,Cordillera,casa,2025-11-01,2,
d:cordillera,Cordillera,casa,2025-12-01,2,
d:cordillera,Cordillera,casa,2026-01-01,3,
d:cordillera,Cordillera,casa,2026-02-01,1,
d:cordillera,Cordillera,casa,2026-04-01,2,
d:cordillera,Cordillera,casa,2026-06-01,2,
d:cordillera,Cordillera,casa,2026-08-01,1,
d:cordillera,Cordillera,casa,2026-09-01,1,
d:cordillera,Cordillera,local,2025-08-01,1,
d:cordillera,Cordillera,local,2026-01-01,1,
d:cordillera,Cordillera,local,2026-02-01,1,
d:cordillera,Cordillera,local,2026-08-01,1,
d:cordillera,Cordillera,otro,2026-01-01,1,
d:cordillera,Cordillera,otro,2026-08-01,1,
c:cordillera:san-bernardino,San Bernardino,casa,2025-08-01,1,
c:cordillera:san-bernardino,San Bernardino,casa,2025-11-01,2,
c:cordillera:san-bernardino,San Bernardino,casa,2025-12-01,2,
c:cordillera:san-bernardino,San Bernardino,casa,2026-01-01,3,
c:cordillera:san-bernardino,San Bernardino,casa,2026-02-01,1,
c:cordillera:san-bernardino,San Bernardino,casa,2026-04-01,2,
c:cordillera:san-bernardino,San Bernardino,casa,2026-06-01,2,
c:cordillera:san-bernardino,San Bernardino,otro,2026-01-01,1,
c:cordillera:altos,Altos,casa,2026-08-01,1,
c:cordillera:altos,Altos,casa,2026-09-01,1,
c:cordillera:caacupe,Caacupé,local,2025-08-01,1,
c:cordillera:caacupe,Caacupé,local,2026-01-01,1,
c:cordillera:caacupe,Caacupé,local,2026-02-01,1,
c:cordillera:caacupe,Caacupé,local,2026-08-01,1,
d:alto-parana,Alto Paraná,casa,2024-02-01,1,
d:alto-parana,Alto Paraná,casa,2024-12-01,1,
d:alto-parana,Alto Paraná,casa,2025-05-01,1,
d:alto-parana,Alto Paraná,casa,2025-06-01,1,
d:alto-parana,Alto Paraná,casa,2025-09-01,5,
d:alto-parana,Alto Paraná,casa,2025-10-01,5,
d:alto-parana,Alto Paraná,casa,2025-11-01,8,
d:alto-parana,Alto Paraná,casa,2025-12-01,4,
d:alto-parana,Alto Paraná,casa,2026-01-01,6,
d:alto-parana,Alto Paraná,casa,2026-02-01,8,
d:alto-parana,Alto Paraná,casa,2026-03-01,8,
d:alto-parana,Alto Paraná,casa,2026-04-01,8,
d:alto-parana,Alto Paraná,casa,2026-05-01,5,
d:alto-parana,Alto Paraná,casa,2026-06-01,4,
d:alto-parana,Alto Paraná,casa,2026-07-01,13,
d:alto-parana,Alto Paraná,casa,2026-08-01,2,
d:alto-parana,Alto Paraná,casa,2026-09-01,7,
d:alto-parana,Alto Paraná,departamento,2024-02-01,1,
d:alto-parana,Alto Paraná,departamento,2024-03-01,1,
d:alto-parana,Alto Paraná,departamento,2024-04-01,1,
d:alto-parana,Alto Paraná,departamento,2025-05-01,1,
d:alto-parana,Alto Paraná,departamento,2025-06-01,2,
d:alto-parana,Alto Paraná,departamento,2025-09-01,2,
d:alto-parana,Alto Paraná,departamento,2025-10-01,1,
d:alto-parana,Alto Paraná,departamento,2025-12-01,1,
d:alto-parana,Alto Paraná,departamento,2026-01-01,3,
d:alto-parana,Alto Paraná,departamento,2026-02-01,4,
d:alto-parana,Alto Paraná,departamento,2026-03-01,3,
d:alto-parana,Alto Paraná,departamento,2026-04-01,5,
d:alto-parana,Alto Paraná,departamento,2026-05-01,4,
d:alto-parana,Alto Paraná,departamento,2026-06-01,2,
d:alto-parana,Alto Paraná,departamento,2026-07-01,2,
d:alto-parana,Alto Paraná,departamento,2026-09-01,2,
d:alto-parana,Alto Paraná,edificio,2024-03-01,1,
d:alto-parana,Alto Paraná,edificio,2025-11-01,1,
d:alto-parana,Alto Paraná,edificio,2026-02-01,1,
d:alto-parana,Alto Paraná,edificio,2026-03-01,1,
d:alto-parana,Alto Paraná,edificio,2026-04-01,1,
d:alto-parana,Alto Paraná,edificio,2026-05-01,1,
d:alto-parana,Alto Paraná,edificio,2026-06-01,1,
d:alto-parana,Alto Paraná,otro,2024-08-01,1,
d:alto-parana,Alto Paraná,otro,2025-09-01,4,
d:alto-parana,Alto Paraná,otro,2025-10-01,3,
d:alto-parana,Alto Paraná,otro,2025-11-01,1,
d:alto-parana,Alto Paraná,otro,2025-12-01,2,
d:alto-parana,Alto Paraná,otro,2026-02-01,4,
d:alto-parana,Alto Paraná,otro,2026-03-01,2,
d:alto-parana,Alto Paraná,otro,2026-05-01,1,
d:alto-parana,Alto Paraná,otro,2026-06-01,4,
d:alto-parana,Alto Paraná,otro,2026-07-01,7,
d:alto-parana,Alto Paraná,otro,2026-08-01,2,
d:alto-parana,Alto Paraná,otro,2026-09-01,1,
d:alto-parana,Alto Paraná,local,2024-09-01,1,
d:alto-parana,Alto Paraná,local,2025-04-01,1,
d:alto-parana,Alto Paraná,local,2025-07-01,1,
d:alto-parana,Alto Paraná,local,2025-08-01,2,
d:alto-parana,Alto Paraná,local,2025-09-01,1,
d:alto-parana,Alto Paraná,local,2025-10-01,2,
d:alto-parana,Alto Paraná,local,2025-11-01,2,
d:alto-parana,Alto Paraná,local,2025-12-01,1,
d:alto-parana,Alto Paraná,local,2026-01-01,1,
d:alto-parana,Alto Paraná,local,2026-02-01,2,
d:alto-parana,Alto Paraná,local,2026-04-01,2,
d:alto-parana,Alto Paraná,local,2026-05-01,1,
d:alto-parana,Alto Paraná,local,2026-07-01,3,
d:alto-parana,Alto Paraná,local,2026-09-01,1,
d:alto-parana,Alto Paraná,deposito,2025-07-01,1,
d:alto-parana,Alto Paraná,deposito,2025-08-01,2,
d:alto-parana,Alto Paraná,deposito,2025-09-01,1,
d:alto-parana,Alto Paraná,deposito,2025-10-01,1,
d:alto-parana,Alto Paraná,deposito,2025-11-01,1,
d:alto-parana,Alto Paraná,deposito,2025-12-01,1,
d:alto-parana,Alto Paraná,deposito,2026-01-01,3,
d:alto-parana,Alto Paraná,deposito,2026-02-01,1,
d:alto-parana,Alto Paraná,deposito,2026-06-01,1,
d:alto-parana,Alto Paraná,deposito,2026-07-01,1,
d:alto-parana,Alto Paraná,deposito,2026-09-01,1,
d:alto-parana,Alto Paraná,terreno,2025-08-01,1,
d:alto-parana,Alto Paraná,duplex,2025-09-01,2,
d:alto-parana,Alto Paraná,duplex,2025-12-01,2,
d:alto-parana,Alto Paraná,duplex,2026-01-01,1,
d:alto-parana,Alto Paraná,duplex,2026-02-01,1,
d:alto-parana,Alto Paraná,duplex,2026-03-01,2,
d:alto-parana,Alto Paraná,duplex,2026-04-01,2,
d:alto-parana,Alto Paraná,duplex,2026-05-01,1,
d:alto-parana,Alto Paraná,oficina,2025-09-01,1,
d:alto-parana,Alto Paraná,oficina,2025-10-01,1,
d:alto-parana,Alto Paraná,oficina,2025-11-01,4,
d:alto-parana,Alto Paraná,oficina,2025-12-01,2,
d:alto-parana,Alto Paraná,oficina,2026-01-01,1,
d:alto-parana,Alto Paraná,oficina,2026-02-01,1,
d:alto-parana,Alto Paraná,oficina,2026-03-01,2,
d:alto-parana,Alto Paraná,oficina,2026-04-01,2,
d:alto-parana,Alto Paraná,oficina,2026-05-01,2,
d:alto-parana,Alto Paraná,oficina,2026-07-01,3,
d:alto-parana,Alto Paraná,oficina,2026-08-01,1,
d:alto-parana,Alto Paraná,oficina,2026-09-01,1,
c:alto-parana:ciudad-del-este,Ciudad del Este,casa,2024-02-01,1,
c:alto-parana:ciudad-del-este,Ciudad del Este,casa,2025-06-01,1,
c:alto-parana:ciudad-del-este,Ciudad del Este,casa,2025-10-01,1,
c:alto-parana:ciudad-del-este,Ciudad del Este,casa,2025-11-01,1,
c:alto-parana:ciudad-del-este,Ciudad del Este,casa,2026-01-01,1,
c:alto-parana:ciudad-del-este,Ciudad del Este,casa,2026-02-01,5,
c:alto-parana:ciudad-del-este,Ciudad del Este,casa,2026-03-01,6,
c:alto-parana:ciudad-del-este,Ciudad del Este,casa,2026-04-01,4,
c:alto-parana:ciudad-del-este,Ciudad del Este,casa,2026-05-01,1,
c:alto-parana:ciudad-del-este,Ciudad del Este,casa,2026-06-01,1,
c:alto-parana:ciudad-del-este,Ciudad del Este,casa,2026-07-01,5,
c:alto-parana:ciudad-del-este,Ciudad del Este,casa,2026-08-01,1,
c:alto-parana:ciudad-del-este,Ciudad del Este,casa,2026-09-01,2,
c:alto-parana:ciudad-del-este,Ciudad del Este,departamento,2024-02-01,1,
c:alto-parana:ciudad-del-este,Ciudad del Este,departamento,2024-03-01,1,
c:alto-parana:ciudad-del-este,Ciudad del Este,departamento,2024-04-01,1,
c:alto-parana:ciudad-del-este,Ciudad del Este,departamento,2025-05-01,1,
c:alto-parana:ciudad-del-este,Ciudad del Este,departamento,2025-06-01,2,
c:alto-parana:ciudad-del-este,Ciudad del Este,departamento,2025-09-01,2,
c:alto-parana:ciudad-del-este,Ciudad del Este,departamento,2025-10-01,1,
c:alto-parana:ciudad-del-este,Ciudad del Este,departamento,2025-12-01,1,
c:alto-parana:ciudad-del-este,Ciudad del Este,departamento,2026-01-01,3,
c:alto-parana:ciudad-del-este,Ciudad del Este,departamento,2026-02-01,2,
c:alto-parana:ciudad-del-este,Ciudad del Este,departamento,2026-03-01,2,
c:alto-parana:ciudad-del-este,Ciudad del Este,departamento,2026-04-01,5,
c:alto-parana:ciudad-del-este,Ciudad del Este,departamento,2026-05-01,4,
c:alto-parana:ciudad-del-este,Ciudad del Este,departamento,2026-06-01,1,
c:alto-parana:ciudad-del-este,Ciudad del Este,departamento,2026-07-01,2,
c:alto-parana:ciudad-del-este,Ciudad del Este,departamento,2026-09-01,2,
c:alto-parana:ciudad-del-este,Ciudad del Este,edificio,2024-03-01,1,
c:alto-parana:ciudad-del-este,Ciudad del Este,otro,2024-08-01,1,
c:alto-parana:ciudad-del-este,Ciudad del Este,otro,2025-09-01,1,
c:alto-parana:ciudad-del-este,Ciudad del Este,otro,2025-10-01,2,
c:alto-parana:ciudad-del-este,Ciudad del Este,otro,2026-03-01,1,
c:alto-parana:ciudad-del-este,Ciudad del Este,otro,2026-06-01,1,
c:alto-parana:ciudad-del-este,Ciudad del Este,otro,2026-09-01,1,
c:alto-parana:ciudad-del-este,Ciudad del Este,local,2024-09-01,1,
c:alto-parana:ciudad-del-este,Ciudad del Este,local,2025-04-01,1,
c:alto-parana:ciudad-del-este,Ciudad del Este,local,2025-07-01,1,
c:alto-parana:ciudad-del-este,Ciudad del Este,local,2025-08-01,2,
c:alto-parana:ciudad-del-este,Ciudad del Este,local,2025-10-01,1,
c:alto-parana:ciudad-del-este,Ciudad del Este,local,2025-11-01,2,
c:alto-parana:ciudad-del-este,Ciudad del Este,local,2025-12-01,1,
c:alto-parana:ciudad-del-este,Ciudad del Este,local,2026-01-01,1,
c:alto-parana:ciudad-del-este,Ciudad del Este,local,2026-04-01,2,
c:alto-parana:ciudad-del-este,Ciudad del Este,local,2026-05-01,1,
c:alto-parana:ciudad-del-este,Ciudad del Este,local,2026-07-01,2,
c:alto-parana:ciudad-del-este,Ciudad del Este,local,2026-09-01,1,
c:alto-parana:ciudad-del-este,Ciudad del Este,deposito,2025-07-01,1,
c:alto-parana:ciudad-del-este,Ciudad del Este,deposito,2025-08-01,2,
c:alto-parana:ciudad-del-este,Ciudad del Este,deposito,2025-10-01,1,
c:alto-parana:ciudad-del-este,Ciudad del Este,deposito,2025-11-01,1,
c:alto-parana:ciudad-del-este,Ciudad del Este,deposito,2025-12-01,1,
c:alto-parana:ciudad-del-este,Ciudad del Este,deposito,2026-01-01,1,
c:alto-parana:ciudad-del-este,Ciudad del Este,terreno,2025-08-01,1,
c:alto-parana:ciudad-del-este,Ciudad del Este,duplex,2025-09-01,2,
c:alto-parana:ciudad-del-este,Ciudad del Este,duplex,2026-01-01,1,
c:alto-parana:ciudad-del-este,Ciudad del Este,duplex,2026-03-01,1,
c:alto-parana:ciudad-del-este,Ciudad del Este,duplex,2026-04-01,1,
c:alto-parana:ciudad-del-este,Ciudad del Este,oficina,2025-09-01,1,
c:alto-parana:ciudad-del-este,Ciudad del Este,oficina,2025-10-01,1,
c:alto-parana:ciudad-del-este,Ciudad del Este,oficina,2025-11-01,3,
c:alto-parana:ciudad-del-este,Ciudad del Este,oficina,2025-12-01,2,
c:alto-parana:ciudad-del-este,Ciudad del Este,oficina,2026-01-01,1,
c:alto-parana:ciudad-del-este,Ciudad del Este,oficina,2026-02-01,1,
c:alto-parana:ciudad-del-este,Ciudad del Este,oficina,2026-03-01,2,
c:alto-parana:ciudad-del-este,Ciudad del Este,oficina,2026-04-01,2,
c:alto-parana:ciudad-del-este,Ciudad del Este,oficina,2026-05-01,2,
c:alto-parana:ciudad-del-este,Ciudad del Este,oficina,2026-07-01,3,
c:alto-parana:ciudad-del-este,Ciudad del Este,oficina,2026-08-01,1,
c:alto-parana:ciudad-del-este,Ciudad del Este,oficina,2026-09-01,1,
c:alto-parana:hernandarias,Hernandarias,casa,2024-12-01,1,
c:alto-parana:hernandarias,Hernandarias,casa,2025-05-01,1,
c:alto-parana:hernandarias,Hernandarias,casa,2025-09-01,1,
c:alto-parana:hernandarias,Hernandarias,casa,2025-11-01,1,
c:alto-parana:hernandarias,Hernandarias,casa,2026-01-01,1,
c:alto-parana:hernandarias,Hernandarias,casa,2026-04-01,1,
c:alto-parana:hernandarias,Hernandarias,casa,2026-07-01,1,
c:alto-parana:hernandarias,Hernandarias,casa,2026-09-01,2,
c:alto-parana:minga-guazu,Minga Guazú,casa,2025-11-01,2,
c:alto-parana:minga-guazu,Minga Guazú,casa,2025-12-01,1,
c:alto-parana:minga-guazu,Minga Guazú,casa,2026-08-01,1,
c:alto-parana:minga-guazu,Minga Guazú,otro,2026-05-01,1,
c:alto-parana:presidente-franco,Presidente Franco,casa,2025-09-01,1,
c:alto-parana:presidente-franco,Presidente Franco,casa,2025-10-01,2,
c:alto-parana:presidente-franco,Presidente Franco,casa,2025-12-01,1,
c:alto-parana:presidente-franco,Presidente Franco,casa,2026-01-01,1,
c:alto-parana:presidente-franco,Presidente Franco,casa,2026-03-01,2,
c:alto-parana:presidente-franco,Presidente Franco,casa,2026-04-01,1,
c:alto-parana:presidente-franco,Presidente Franco,casa,2026-06-01,1,
c:alto-parana:presidente-franco,Presidente Franco,oficina,2025-11-01,1,
c:alto-parana:presidente-franco,Presidente Franco,deposito,2026-01-01,1,
c:alto-parana:presidente-franco,Presidente Franco,local,2026-02-01,1,
c:alto-parana:presidente-franco,Presidente Franco,duplex,2026-03-01,1,
c:alto-parana:presidente-franco,Presidente Franco,duplex,2026-04-01,1,
c:alto-parana:presidente-franco,Presidente Franco,otro,2026-03-01,1,
d:presidente-hayes,Presidente Hayes,casa,2026-01-01,1,
c:presidente-hayes:villa-hayes,Villa Hayes,casa,2026-01-01,1,
d:boqueron,Boquerón,casa,2025-09-01,2,
d:boqueron,Boquerón,casa,2025-10-01,1,
d:boqueron,Boquerón,casa,2025-11-01,1,
d:boqueron,Boquerón,casa,2025-12-01,2,
d:boqueron,Boquerón,casa,2026-01-01,3,
d:boqueron,Boquerón,casa,2026-02-01,4,
d:boqueron,Boquerón,casa,2026-03-01,5,
d:boqueron,Boquerón,casa,2026-04-01,2,
d:boqueron,Boquerón,casa,2026-05-01,5,
d:boqueron,Boquerón,casa,2026-06-01,2,
d:boqueron,Boquerón,casa,2026-07-01,5,
d:boqueron,Boquerón,casa,2026-08-01,4,
d:boqueron,Boquerón,casa,2026-09-01,2,
d:boqueron,Boquerón,departamento,2025-09-01,1,
d:boqueron,Boquerón,terreno,2025-09-01,1,
d:boqueron,Boquerón,terreno,2025-11-01,1,
d:boqueron,Boquerón,terreno,2025-12-01,1,
d:boqueron,Boquerón,terreno,2026-02-01,1,
d:boqueron,Boquerón,local,2025-10-01,1,
d:boqueron,Boquerón,local,2026-01-01,1,
d:boqueron,Boquerón,local,2026-02-01,1,
d:boqueron,Boquerón,local,2026-04-01,1,
d:boqueron,Boquerón,local,2026-07-01,1,
d:boqueron,Boquerón,local,2026-08-01,4,
d:boqueron,Boquerón,local,2026-09-01,1,
d:boqueron,Boquerón,otro,2025-10-01,1,
d:boqueron,Boquerón,otro,2025-12-01,3,
d:boqueron,Boquerón,otro,2026-02-01,3,
d:boqueron,Boquerón,otro,2026-03-01,1,
d:boqueron,Boquerón,otro,2026-04-01,1,
d:boqueron,Boquerón,otro,2026-08-01,1,
d:boqueron,Boquerón,otro,2026-09-01,1,
d:boqueron,Boquerón,oficina,2026-01-01,1,
d:boqueron,Boquerón,deposito,2026-09-01,1,
c:boqueron:loma-plata,Loma Plata,casa,2025-09-01,1,
c:boqueron:loma-plata,Loma Plata,casa,2025-10-01,1,
c:boqueron:loma-plata,Loma Plata,casa,2026-02-01,2,
c:boqueron:loma-plata,Loma Plata,casa,2026-03-01,3,
c:boqueron:loma-plata,Loma Plata,casa,2026-04-01,2,
c:boqueron:loma-plata,Loma Plata,casa,2026-05-01,1,
c:boqueron:loma-plata,Loma Plata,casa,2026-06-01,1,
c:boqueron:loma-plata,Loma Plata,casa,2026-07-01,3,
c:boqueron:loma-plata,Loma Plata,casa,2026-08-01,1,
c:boqueron:loma-plata,Loma Plata,casa,2026-09-01,1,
c:boqueron:loma-plata,Loma Plata,terreno,2025-09-01,1,
c:boqueron:loma-plata,Loma Plata,terreno,2025-11-01,1,
c:boqueron:loma-plata,Loma Plata,terreno,2025-12-01,1,
c:boqueron:loma-plata,Loma Plata,terreno,2026-02-01,1,
c:boqueron:loma-plata,Loma Plata,otro,2025-12-01,1,
c:boqueron:loma-plata,Loma Plata,otro,2026-04-01,1,
c:boqueron:loma-plata,Loma Plata,local,2026-01-01,1,
c:boqueron:loma-plata,Loma Plata,local,2026-08-01,4,
c:boqueron:loma-plata,Loma Plata,local,2026-09-01,1,
c:boqueron:loma-plata,Loma Plata,oficina,2026-01-01,1,
d:paraguari,Paraguarí,casa,2026-08-01,1,
d:misiones,Misiones,local,2025-09-01,1,
d:misiones,Misiones,deposito,2025-10-01,1,
d:misiones,Misiones,otro,2025-10-01,2,
d:guaira,Guairá,casa,2026-01-01,1,
d:guaira,Guairá,casa,2026-06-01,1,
d:caazapa,Caazapá,casa,2025-10-01,1,
d:caazapa,Caazapá,otro,2025-11-01,1,
d:caazapa,Caazapá,local,2026-02-01,1,
d:concepcion,Concepción,casa,2026-06-01,1,
d:concepcion,Concepción,deposito,2026-06-01,1,
d:concepcion,Concepción,duplex,2026-06-01,1,
