basis,segment,kind,department,training_closes,exact_scored_closes,exact_median_ape,exact_mape,exact_band_80_low,exact_band_80_high,exact_per_m2_baseline_median_ape,exact_chance_beats_baseline,exact_confidence,exact_published,exact_why_not,barrio_scored_closes,barrio_median_ape,barrio_mape,barrio_band_80_low,barrio_band_80_high,barrio_per_m2_baseline_median_ape,barrio_chance_beats_baseline,barrio_confidence,barrio_published,barrio_why_not,city_scored_closes,city_median_ape,city_mape,city_band_80_low,city_band_80_high,city_per_m2_baseline_median_ape,city_chance_beats_baseline,city_confidence,city_published,city_why_not
sale,casa|alto parana,casa,Alto Paraná,51,39,0.3768,0.3773,-0.3385,1.1478,0.3681,0.484,,0,"39 held-out closes across the three folds, needs 60",0,,,,,,,,0,"0 held-out closes across the three folds, needs 60",45,0.3627,0.4075,-0.3084,1.6789,0.3681,0.486,,0,"45 held-out closes across the three folds, needs 60"
sale,casa|asuncion,casa,Asunción,105,86,0.2555,0.2833,-0.3029,0.6203,0.325,0.974,48,1,,0,,,,,,,,0,"0 held-out closes across the three folds, needs 60",89,0.2607,0.3608,-0.3939,0.894,0.335,0.932,28,1,
sale,casa|boqueron,casa,Boquerón,11,9,0.3414,0.4395,-0.2616,1.0639,0.4487,,,0,"11 training closes, needs 30",0,,,,,,,,0,"11 training closes, needs 30",10,0.4175,0.5135,-0.4538,1.0374,0.4868,0.736,,0,"11 training closes, needs 30"
sale,casa|caaguazu,casa,Caaguazú,1,1,0.2764,0.2764,-0.2165,-0.2165,0.9115,,,0,"1 training closes, needs 30",0,,,,,,,,0,"1 training closes, needs 30",1,0.2764,0.2764,-0.2165,-0.2165,0.9115,,,0,"1 training closes, needs 30"
sale,casa|caazapa,casa,Caazapá,1,1,0.4124,0.4124,-0.292,-0.292,0.0822,,,0,"1 training closes, needs 30",0,,,,,,,,0,"1 training closes, needs 30",1,0.4124,0.4124,-0.292,-0.292,0.0822,,,0,"1 training closes, needs 30"
sale,casa|central,casa,Central,223,181,0.2762,0.3591,-0.3993,0.6993,0.3078,0.893,42,1,,0,,,,,,,,0,"0 held-out closes across the three folds, needs 60",193,0.2775,0.3966,-0.417,0.7048,0.3078,0.85,39,1,
sale,casa|concepcion,casa,Concepción,1,1,2.1567,2.1567,-0.6832,-0.6832,3.7736,,,0,"1 training closes, needs 30",0,,,,,,,,0,"1 training closes, needs 30",1,2.1567,2.1567,-0.6832,-0.6832,3.7736,,,0,"1 training closes, needs 30"
sale,casa|cordillera,casa,Cordillera,31,26,0.2654,0.3239,-0.2692,0.8585,0.3612,0.783,,0,"26 held-out closes across the three folds, needs 60",0,,,,,,,,0,"0 held-out closes across the three folds, needs 60",28,0.2854,0.3418,-0.2341,1.1605,0.3465,0.686,,0,"28 held-out closes across the three folds, needs 60"
sale,casa|itapua,casa,Itapúa,26,23,0.4402,0.3941,-0.3776,0.9178,0.3729,0.467,,0,"26 training closes, needs 30",0,,,,,,,,0,"26 training closes, needs 30",26,0.3529,0.4234,-0.422,1.1532,0.3909,0.633,,0,"26 training closes, needs 30"
sale,casa|paraguari,casa,Paraguarí,1,1,0.5469,0.5469,-0.3535,-0.3535,0.1845,,,0,"1 training closes, needs 30",0,,,,,,,,0,"1 training closes, needs 30",1,0.5469,0.5469,-0.3535,-0.3535,0.1845,,,0,"1 training closes, needs 30"
sale,departamento|alto parana,departamento,Alto Paraná,81,34,0.2343,0.2539,-0.2847,0.6741,0.3656,0.988,,0,"34 held-out closes across the three folds, needs 60",0,,,,,,,,0,"0 held-out closes across the three folds, needs 60",73,0.1879,0.2269,-0.1643,0.6651,0.336,0.999,47,1,
sale,departamento|asuncion,departamento,Asunción,494,232,0.1661,0.2627,-0.3313,0.3492,0.2208,0.971,63,1,,3,0.1568,0.2188,0.0707,0.7169,0.2121,,,0,"3 held-out closes across the three folds, needs 60",414,0.183,0.2749,-0.2748,0.505,0.1776,0.329,,0,"does not beat the per-m2 baseline across the folds (median error 18.3% against 17.8%, chance of beating it 33%, needs 80%)"
sale,departamento|boqueron,departamento,Boquerón,2,1,0.0983,0.0983,0.1091,0.1091,6.8822,,,0,"2 training closes, needs 30",0,,,,,,,,0,"2 training closes, needs 30",2,0.2872,0.2872,-0.2794,0.0659,36.7394,,,0,"2 training closes, needs 30"
sale,departamento|central,departamento,Central,128,81,0.1737,0.2365,-0.3292,0.4898,0.2577,0.997,53,1,,0,,,,,,,,0,"0 held-out closes across the three folds, needs 60",122,0.2382,0.3833,-0.2964,0.7156,0.2493,0.557,,0,"does not beat the per-m2 baseline across the folds (median error 23.8% against 24.9%, chance of beating it 56%, needs 80%)"
sale,departamento|cordillera,departamento,Cordillera,2,2,0.1334,0.1334,0.1479,0.1602,0.2224,,,0,"2 training closes, needs 30",0,,,,,,,,0,"2 training closes, needs 30",2,0.1521,0.1521,0.1532,0.2077,0.2224,,,0,"2 training closes, needs 30"
sale,departamento|itapua,departamento,Itapúa,40,30,0.183,0.2408,-0.2393,0.8065,0.2297,0.65,,0,"30 held-out closes across the three folds, needs 60",0,,,,,,,,0,"0 held-out closes across the three folds, needs 60",33,0.2513,0.2552,-0.1605,0.8725,0.2202,0.141,,0,"33 held-out closes across the three folds, needs 60"
sale,deposito|alto parana,deposito,Alto Paraná,2,2,0.5299,0.5299,0.8206,1.7022,0.4794,,,0,"2 training closes, needs 30",0,,,,,,,,0,"2 training closes, needs 30",2,0.5518,0.5518,0.8787,1.9644,0.4794,,,0,"2 training closes, needs 30"
sale,deposito|asuncion,deposito,Asunción,1,1,0.3426,0.3426,0.5212,0.5212,0.3933,,,0,"1 training closes, needs 30",0,,,,,,,,0,"1 training closes, needs 30",1,0.0288,0.0288,0.0297,0.0297,0.3933,,,0,"1 training closes, needs 30"
sale,deposito|central,deposito,Central,11,8,0.5659,0.5438,0.1283,3.8719,0.5187,,,0,"11 training closes, needs 30",0,,,,,,,,0,"11 training closes, needs 30",9,0.5214,0.5423,0.2939,3.5102,0.4472,,,0,"11 training closes, needs 30"
sale,deposito|itapua,deposito,Itapúa,1,0,,,,,,,,0,"1 training closes, needs 30",0,,,,,,,,0,"1 training closes, needs 30",0,,,,,,,,0,"1 training closes, needs 30"
sale,duplex|alto parana,duplex,Alto Paraná,4,4,0.1489,0.1453,-0.0864,0.21,0.3063,,,0,"4 training closes, needs 30",0,,,,,,,,0,"4 training closes, needs 30",4,0.1479,0.1419,-0.0134,0.2482,0.3063,,,0,"4 training closes, needs 30"
sale,duplex|asuncion,duplex,Asunción,13,11,0.2326,0.2427,-0.1118,0.5643,0.3577,0.794,,0,"13 training closes, needs 30",0,,,,,,,,0,"13 training closes, needs 30",11,0.2983,0.267,-0.073,0.8587,0.3577,0.698,,0,"13 training closes, needs 30"
sale,duplex|central,duplex,Central,78,64,0.2005,0.2317,-0.2497,0.5377,0.2014,0.495,,0,"does not beat the per-m2 baseline across the folds (median error 20.1% against 20.1%, chance of beating it 50%, needs 80%)",0,,,,,,,,0,"0 held-out closes across the three folds, needs 60",66,0.1898,0.2382,-0.224,0.4473,0.2178,0.693,,0,"does not beat the per-m2 baseline across the folds (median error 19.0% against 21.8%, chance of beating it 69%, needs 80%)"
sale,duplex|itapua,duplex,Itapúa,9,8,0.1176,0.1252,-0.1547,0.2601,0.209,,,0,"9 training closes, needs 30",0,,,,,,,,0,"9 training closes, needs 30",8,0.1512,0.145,-0.1609,0.2557,0.209,,,0,"9 training closes, needs 30"
sale,local|alto parana,local,Alto Paraná,2,2,0.2889,0.2889,0.335,0.491,0.4852,,,0,"2 training closes, needs 30",0,,,,,,,,0,"2 training closes, needs 30",2,0.2711,0.2711,0.3102,0.4437,0.4852,,,0,"2 training closes, needs 30"
sale,local|asuncion,local,Asunción,8,6,0.4137,0.4228,0.1127,1.6189,0.6414,,,0,"8 training closes, needs 30",0,,,,,,,,0,"8 training closes, needs 30",7,0.5617,0.6585,-0.4981,1.2869,0.622,,,0,"8 training closes, needs 30"
sale,local|boqueron,local,Boquerón,2,2,0.2891,0.2891,0.3721,0.4441,0.6094,,,0,"2 training closes, needs 30",0,,,,,,,,0,"2 training closes, needs 30",2,0.3864,0.3864,0.4933,0.8153,0.6094,,,0,"2 training closes, needs 30"
sale,local|central,local,Central,9,7,0.1584,0.3272,-0.3182,0.5185,0.4095,,,0,"9 training closes, needs 30",0,,,,,,,,0,"9 training closes, needs 30",8,0.2468,0.4496,-0.3044,1.9224,0.4203,,,0,"9 training closes, needs 30"
sale,local|cordillera,local,Cordillera,2,1,0.2036,0.2036,0.2556,0.2556,0.3087,,,0,"2 training closes, needs 30",0,,,,,,,,0,"2 training closes, needs 30",1,0.2648,0.2648,0.3602,0.3602,0.3087,,,0,"2 training closes, needs 30"
sale,local|itapua,local,Itapúa,3,3,0.757,1.3423,-0.6395,2.4541,0.7501,,,0,"3 training closes, needs 30",0,,,,,,,,0,"3 training closes, needs 30",3,0.757,1.3423,-0.6395,2.4541,0.7501,,,0,"3 training closes, needs 30"
sale,local|misiones,local,Misiones,1,1,0.6705,0.6705,2.0346,2.0346,0.4055,,,0,"1 training closes, needs 30",0,,,,,,,,0,"1 training closes, needs 30",1,0.6705,0.6705,2.0346,2.0346,0.4055,,,0,"1 training closes, needs 30"
sale,oficina|alto parana,oficina,Alto Paraná,1,1,0.906,0.906,9.6339,9.6339,0.7485,,,0,"1 training closes, needs 30",0,,,,,,,,0,"1 training closes, needs 30",1,0.9061,0.9061,9.6477,9.6477,0.7485,,,0,"1 training closes, needs 30"
sale,oficina|asuncion,oficina,Asunción,9,6,0.2531,0.4664,-0.3226,6.2912,0.5107,,,0,"9 training closes, needs 30",0,,,,,,,,0,"9 training closes, needs 30",8,0.607,0.5692,-0.0706,12.7852,0.463,,,0,"9 training closes, needs 30"
sale,quinta|central,quinta,Central,3,3,0.6839,0.59,-0.4167,1.7247,0.6181,,,0,"3 training closes, needs 30",0,,,,,,,,0,"3 training closes, needs 30",3,0.6839,0.59,-0.4167,1.7247,0.6181,,,0,"3 training closes, needs 30"
sale,quinta|cordillera,quinta,Cordillera,3,3,0.3574,1.3298,-0.6691,-0.2247,0.5713,,,0,"3 training closes, needs 30",0,,,,,,,,0,"3 training closes, needs 30",3,0.3574,1.3298,-0.6691,-0.2247,0.5713,,,0,"3 training closes, needs 30"
sale,quinta|itapua,quinta,Itapúa,1,1,0.0048,0.0048,-0.0048,-0.0048,0.1737,,,0,"1 training closes, needs 30",0,,,,,,,,0,"1 training closes, needs 30",1,0.0048,0.0048,-0.0048,-0.0048,0.1737,,,0,"1 training closes, needs 30"
sale,terreno|alto parana,terreno,Alto Paraná,144,105,0.3471,0.5512,-0.5494,1.5849,0.4216,0.929,0,1,,0,,,,,,,,0,"0 held-out closes across the three folds, needs 60",122,0.3441,0.5782,-0.588,1.6066,0.4005,0.951,0,1,
sale,terreno|amambay,terreno,Amambay,1,1,0.7788,0.7788,3.5213,3.5213,0.5992,,,0,"1 training closes, needs 30",0,,,,,,,,0,"1 training closes, needs 30",1,0.7788,0.7788,3.5213,3.5213,0.5992,,,0,"1 training closes, needs 30"
sale,terreno|asuncion,terreno,Asunción,107,88,0.2689,0.3416,-0.3007,1.0167,0.5358,1,20,1,,0,,,,,,,,0,"0 held-out closes across the three folds, needs 60",92,0.509,0.5343,-0.3494,3.0149,0.5554,0.802,0,1,
sale,terreno|boqueron,terreno,Boquerón,44,30,0.3858,0.6315,-0.6236,1.0043,0.696,0.995,,0,"30 held-out closes across the three folds, needs 60",0,,,,,,,,0,"0 held-out closes across the three folds, needs 60",37,0.5212,0.9702,-0.7358,0.6149,0.682,0.905,,0,"37 held-out closes across the three folds, needs 60"
sale,terreno|caaguazu,terreno,Caaguazú,3,3,0.1131,0.2065,-0.0363,0.6113,33.4549,,,0,"3 training closes, needs 30",0,,,,,,,,0,"3 training closes, needs 30",3,0.1131,0.2065,-0.0363,0.6113,33.4549,,,0,"3 training closes, needs 30"
sale,terreno|caazapa,terreno,Caazapá,3,3,2.9233,2.3969,-0.781,-0.4178,2.1554,,,0,"3 training closes, needs 30",0,,,,,,,,0,"3 training closes, needs 30",3,2.9233,2.4113,-0.781,-0.4325,2.1554,,,0,"3 training closes, needs 30"
sale,terreno|central,terreno,Central,352,276,0.2946,0.497,-0.5422,0.8569,0.5256,1,19,1,,0,,,,,,,,0,"0 held-out closes across the three folds, needs 60",309,0.3464,0.5801,-0.5578,1.4693,0.5113,1,0,1,
sale,terreno|concepcion,terreno,Concepción,1,1,0.133,0.133,0.1534,0.1534,89.9753,,,0,"1 training closes, needs 30",0,,,,,,,,0,"1 training closes, needs 30",1,0.133,0.133,0.1534,0.1534,89.9753,,,0,"1 training closes, needs 30"
sale,terreno|cordillera,terreno,Cordillera,58,46,0.3953,0.7564,-0.5359,1.7028,0.725,0.95,,0,"46 held-out closes across the three folds, needs 60",0,,,,,,,,0,"0 held-out closes across the three folds, needs 60",52,0.4445,0.741,-0.5513,1.9279,0.7225,0.915,,0,"52 held-out closes across the three folds, needs 60"
sale,terreno|guaira,terreno,Guairá,2,2,0.816,0.816,-0.4597,-0.4383,102.2823,,,0,"2 training closes, needs 30",0,,,,,,,,0,"2 training closes, needs 30",2,0.816,0.816,-0.4597,-0.4383,102.2823,,,0,"2 training closes, needs 30"
sale,terreno|itapua,terreno,Itapúa,72,60,0.4072,0.7601,-0.653,0.9574,0.4347,0.613,,0,"does not beat the per-m2 baseline across the folds (median error 40.7% against 43.5%, chance of beating it 61%, needs 80%)",0,,,,,,,,0,"0 held-out closes across the three folds, needs 60",66,0.4828,0.8175,-0.6948,1.3638,0.4446,0.342,,0,"does not beat the per-m2 baseline across the folds (median error 48.3% against 44.5%, chance of beating it 34%, needs 80%)"
sale,terreno|misiones,terreno,Misiones,1,1,4.0088,4.0088,-0.8004,-0.8004,3.3567,,,0,"1 training closes, needs 30",0,,,,,,,,0,"1 training closes, needs 30",1,4.0088,4.0088,-0.8004,-0.8004,3.3567,,,0,"1 training closes, needs 30"
sale,terreno|paraguari,terreno,Paraguarí,2,2,2.1871,2.1871,-0.4583,2.1591,162.7762,,,0,"2 training closes, needs 30",0,,,,,,,,0,"2 training closes, needs 30",2,2.1871,2.1871,-0.4583,2.1591,162.7762,,,0,"2 training closes, needs 30"
sale,terreno|presidente hayes,terreno,Presidente Hayes,9,8,0.6441,0.9197,-0.5955,2.016,0.7286,,,0,"9 training closes, needs 30",0,,,,,,,,0,"9 training closes, needs 30",8,0.6698,1.0749,-0.7076,2.1689,0.7286,,,0,"9 training closes, needs 30"
rent,casa|alto parana,casa,Alto Paraná,85,64,0.3141,0.3907,-0.4322,0.7944,0.414,0.991,28,1,,0,,,,,,,,0,"0 held-out closes across the three folds, needs 60",76,0.2889,0.3849,-0.4207,0.9676,0.4042,1,25,1,
rent,casa|asuncion,casa,Asunción,109,70,0.2176,0.2453,-0.2739,0.4871,0.3831,0.999,56,1,,0,,,,,,,,0,"0 held-out closes across the three folds, needs 60",87,0.2618,0.3277,-0.3916,0.7233,0.366,0.981,41,1,
rent,casa|boqueron,casa,Boquerón,33,22,0.2737,0.3407,-0.3868,0.587,0.3289,0.772,,0,"22 held-out closes across the three folds, needs 60",0,,,,,,,,0,"0 held-out closes across the three folds, needs 60",31,0.2321,0.7281,-0.4713,0.6902,0.3474,0.86,,0,"31 held-out closes across the three folds, needs 60"
rent,casa|caazapa,casa,Caazapá,1,1,0.2809,0.2809,-0.2193,-0.2193,0.4005,,,0,"1 training closes, needs 30",0,,,,,,,,0,"1 training closes, needs 30",1,0.2809,0.2809,-0.2193,-0.2193,0.4005,,,0,"1 training closes, needs 30"
rent,casa|central,casa,Central,225,171,0.2144,0.2775,-0.2817,0.7056,0.2916,1,44,1,,0,,,,,,,,0,"0 held-out closes across the three folds, needs 60",195,0.2075,0.255,-0.2867,0.6293,0.2949,1,51,1,
rent,casa|concepcion,casa,Concepción,1,1,0.1465,0.1465,-0.1278,-0.1278,0.493,,,0,"1 training closes, needs 30",0,,,,,,,,0,"1 training closes, needs 30",1,0.1465,0.1465,-0.1278,-0.1278,0.493,,,0,"1 training closes, needs 30"
rent,casa|cordillera,casa,Cordillera,13,10,0.289,0.3785,-0.4488,1.4637,0.6065,0.855,,0,"13 training closes, needs 30",0,,,,,,,,0,"13 training closes, needs 30",11,0.3045,0.4205,-0.443,1.3232,0.6295,0.957,,0,"13 training closes, needs 30"
rent,casa|guaira,casa,Guairá,2,2,0.5457,0.5457,-0.4352,-0.2146,0.9031,,,0,"2 training closes, needs 30",0,,,,,,,,0,"2 training closes, needs 30",2,0.5457,0.5457,-0.4352,-0.2146,0.9031,,,0,"2 training closes, needs 30"
rent,casa|itapua,casa,Itapúa,49,37,0.3505,0.4766,-0.4461,0.8227,0.4848,0.818,,0,"37 held-out closes across the three folds, needs 60",0,,,,,,,,0,"0 held-out closes across the three folds, needs 60",42,0.3965,0.5097,-0.4455,0.8967,0.4675,0.844,,0,"42 held-out closes across the three folds, needs 60"
rent,casa|paraguari,casa,Paraguarí,1,1,0.8386,0.8386,-0.4561,-0.4561,1.7972,,,0,"1 training closes, needs 30",0,,,,,,,,0,"1 training closes, needs 30",1,0.8386,0.8386,-0.4561,-0.4561,1.7972,,,0,"1 training closes, needs 30"
rent,casa|presidente hayes,casa,Presidente Hayes,1,1,0.2135,0.2135,0.2714,0.2714,0.3499,,,0,"1 training closes, needs 30",0,,,,,,,,0,"1 training closes, needs 30",1,0.2135,0.2135,0.2714,0.2714,0.3499,,,0,"1 training closes, needs 30"
rent,departamento|alto parana,departamento,Alto Paraná,41,18,0.3518,0.4073,-0.4255,0.3927,0.4823,0.681,,0,"18 held-out closes across the three folds, needs 60",0,,,,,,,,0,"0 held-out closes across the three folds, needs 60",31,0.3141,0.3134,-0.3928,0.4579,0.5245,0.898,,0,"31 held-out closes across the three folds, needs 60"
rent,departamento|asuncion,departamento,Asunción,691,355,0.1675,0.2298,-0.2828,0.3945,0.2846,1,63,1,,5,0.1554,0.1971,-0.0494,0.3766,0.1572,,,0,"5 held-out closes across the three folds, needs 60",580,0.2215,0.3146,-0.371,0.6417,0.3049,1,47,1,
rent,departamento|boqueron,departamento,Boquerón,1,0,,,,,,,,0,"1 training closes, needs 30",0,,,,,,,,0,"1 training closes, needs 30",0,,,,,,,,0,"1 training closes, needs 30"
rent,departamento|central,departamento,Central,329,221,0.2115,0.2491,-0.2915,0.5115,0.3595,1,57,1,,0,,,,,,,,0,"0 held-out closes across the three folds, needs 60",277,0.2212,0.2893,-0.315,0.6854,0.3593,1,47,1,
rent,departamento|itapua,departamento,Itapúa,80,65,0.2505,0.3594,-0.4648,0.3694,0.2944,0.925,53,1,,0,,,,,,,,0,"0 held-out closes across the three folds, needs 60",76,0.2981,0.3551,-0.4356,0.6501,0.3241,0.812,41,1,
rent,deposito|alto parana,deposito,Alto Paraná,13,7,0.4371,0.4868,-0.3875,1.2138,0.3754,,,0,"13 training closes, needs 30",0,,,,,,,,0,"13 training closes, needs 30",10,0.2542,0.3356,-0.2115,1.1894,0.3409,0.696,,0,"13 training closes, needs 30"
rent,deposito|asuncion,deposito,Asunción,16,13,0.199,0.2826,-0.2227,1.0453,0.2762,0.645,,0,"16 training closes, needs 30",0,,,,,,,,0,"16 training closes, needs 30",14,0.1839,0.303,-0.3709,0.8594,0.2726,0.61,,0,"16 training closes, needs 30"
rent,deposito|boqueron,deposito,Boquerón,1,1,0.2068,0.2068,-0.1714,-0.1714,0.1903,,,0,"1 training closes, needs 30",0,,,,,,,,0,"1 training closes, needs 30",1,0.3337,0.3337,-0.2502,-0.2502,0.1903,,,0,"1 training closes, needs 30"
rent,deposito|central,deposito,Central,50,38,0.4247,0.4215,-0.4056,1.1575,0.3281,0.164,,0,"38 held-out closes across the three folds, needs 60",0,,,,,,,,0,"0 held-out closes across the three folds, needs 60",39,0.4285,0.42,-0.3951,1.0017,0.3256,0.027,,0,"39 held-out closes across the three folds, needs 60"
rent,deposito|concepcion,deposito,Concepción,1,1,0.2274,0.2274,-0.1853,-0.1853,0.2161,,,0,"1 training closes, needs 30",0,,,,,,,,0,"1 training closes, needs 30",1,0.2274,0.2274,-0.1853,-0.1853,0.2161,,,0,"1 training closes, needs 30"
rent,deposito|itapua,deposito,Itapúa,6,4,0.2676,0.3311,-0.3944,0.0264,0.2094,,,0,"6 training closes, needs 30",0,,,,,,,,0,"6 training closes, needs 30",6,0.4193,0.328,-0.3471,0.4518,0.1574,,,0,"6 training closes, needs 30"
rent,deposito|misiones,deposito,Misiones,1,1,0.1762,0.1762,0.2139,0.2139,0.0456,,,0,"1 training closes, needs 30",0,,,,,,,,0,"1 training closes, needs 30",1,0.1762,0.1762,0.2139,0.2139,0.0456,,,0,"1 training closes, needs 30"
rent,duplex|alto parana,duplex,Alto Paraná,10,9,0.371,0.3109,-0.2988,0.9249,2.1119,,,0,"10 training closes, needs 30",0,,,,,,,,0,"10 training closes, needs 30",9,0.3762,0.3691,-0.2988,1.0028,2.1119,,,0,"10 training closes, needs 30"
rent,duplex|asuncion,duplex,Asunción,40,27,0.251,0.2855,-0.24,0.6029,0.3886,0.973,,0,"27 held-out closes across the three folds, needs 60",0,,,,,,,,0,"0 held-out closes across the three folds, needs 60",30,0.2162,0.2713,-0.2647,0.6391,0.3894,0.995,,0,"30 held-out closes across the three folds, needs 60"
rent,duplex|central,duplex,Central,137,102,0.1933,0.2063,-0.1772,0.5167,0.2409,0.978,61,1,,0,,,,,,,,0,"0 held-out closes across the three folds, needs 60",110,0.1643,0.1999,-0.224,0.4021,0.2321,1,66,1,
rent,duplex|concepcion,duplex,Concepción,1,1,0.2584,0.2584,-0.2053,-0.2053,0.3174,,,0,"1 training closes, needs 30",0,,,,,,,,0,"1 training closes, needs 30",1,0.2584,0.2584,-0.2053,-0.2053,0.3174,,,0,"1 training closes, needs 30"
rent,duplex|itapua,duplex,Itapúa,25,19,0.1174,0.2009,-0.3247,0.4721,0.1334,0.521,,0,"25 training closes, needs 30",0,,,,,,,,0,"25 training closes, needs 30",24,0.2029,0.2307,-0.2485,0.5726,0.1346,0.142,,0,"25 training closes, needs 30"
rent,local|alto parana,local,Alto Paraná,21,15,0.1624,0.3329,-0.3941,0.1382,0.6263,0.987,,0,"21 training closes, needs 30",0,,,,,,,,0,"21 training closes, needs 30",15,0.2686,0.4376,-0.3063,0.6598,0.6263,0.971,,0,"21 training closes, needs 30"
rent,local|asuncion,local,Asunción,75,49,0.3412,0.5054,-0.5083,0.9577,0.5909,0.982,,0,"49 held-out closes across the three folds, needs 60",0,,,,,,,,0,"0 held-out closes across the three folds, needs 60",60,0.4501,0.6701,-0.557,1.4595,0.5821,0.98,0,1,
rent,local|boqueron,local,Boquerón,8,6,0.2341,0.2556,-0.2778,0.3662,0.6826,,,0,"8 training closes, needs 30",0,,,,,,,,0,"8 training closes, needs 30",8,0.3293,0.4085,-0.3957,0.5505,0.5195,,,0,"8 training closes, needs 30"
rent,local|caazapa,local,Caazapá,1,1,0.4801,0.4801,-0.3244,-0.3244,0.4893,,,0,"1 training closes, needs 30",0,,,,,,,,0,"1 training closes, needs 30",1,0.4801,0.4801,-0.3244,-0.3244,0.4893,,,0,"1 training closes, needs 30"
rent,local|central,local,Central,120,83,0.2453,0.5793,-0.4536,0.7749,0.4431,1,32,1,,0,,,,,,,,0,"0 held-out closes across the three folds, needs 60",93,0.3031,0.5414,-0.4932,0.8871,0.4431,1,23,1,
rent,local|cordillera,local,Cordillera,4,2,0.9037,0.9037,-0.5754,-0.1655,1.4027,,,0,"4 training closes, needs 30",0,,,,,,,,0,"4 training closes, needs 30",3,0.8355,1.0786,-0.5886,4.0151,0.5009,,,0,"4 training closes, needs 30"
rent,local|itapua,local,Itapúa,23,18,0.2726,0.7116,-0.7066,0.5095,0.4537,0.968,,0,"23 training closes, needs 30",0,,,,,,,,0,"23 training closes, needs 30",21,0.4279,0.7378,-0.6382,0.7663,0.4773,0.723,,0,"23 training closes, needs 30"
rent,local|misiones,local,Misiones,1,0,,,,,,,,0,"1 training closes, needs 30",0,,,,,,,,0,"1 training closes, needs 30",0,,,,,,,,0,"1 training closes, needs 30"
rent,oficina|alto parana,oficina,Alto Paraná,26,9,0.4791,0.7568,-0.4402,1.0382,0.4545,,,0,"26 training closes, needs 30",0,,,,,,,,0,"26 training closes, needs 30",25,0.217,0.4124,-0.183,2.0171,0.392,0.881,,0,"26 training closes, needs 30"
rent,oficina|asuncion,oficina,Asunción,53,43,0.256,0.504,-0.557,1.1394,0.3436,0.779,,0,"43 held-out closes across the three folds, needs 60",0,,,,,,,,0,"0 held-out closes across the three folds, needs 60",48,0.3405,0.6023,-0.5936,1.0059,0.3969,0.586,,0,"48 held-out closes across the three folds, needs 60"
rent,oficina|boqueron,oficina,Boquerón,1,1,0.3794,0.3794,0.6114,0.6114,0.5047,,,0,"1 training closes, needs 30",0,,,,,,,,0,"1 training closes, needs 30",1,0.3794,0.3794,0.6114,0.6114,0.5047,,,0,"1 training closes, needs 30"
rent,oficina|central,oficina,Central,8,6,0.3049,0.7384,-0.5082,0.6247,0.7624,,,0,"8 training closes, needs 30",0,,,,,,,,0,"8 training closes, needs 30",6,0.2885,0.8147,-0.5359,0.55,0.7624,,,0,"8 training closes, needs 30"
rent,oficina|itapua,oficina,Itapúa,2,2,0.3901,0.3901,0.1878,2.2077,0.458,,,0,"2 training closes, needs 30",0,,,,,,,,0,"2 training closes, needs 30",2,0.4074,0.4074,0.3503,2.2257,0.458,,,0,"2 training closes, needs 30"
rent,quinta|itapua,quinta,Itapúa,1,1,2.8954,2.8954,-0.7433,-0.7433,0.1718,,,0,"1 training closes, needs 30",0,,,,,,,,0,"1 training closes, needs 30",1,2.8954,2.8954,-0.7433,-0.7433,0.1718,,,0,"1 training closes, needs 30"
rent,terreno|alto parana,terreno,Alto Paraná,1,0,,,,,,,,0,"1 training closes, needs 30",0,,,,,,,,0,"1 training closes, needs 30",0,,,,,,,,0,"1 training closes, needs 30"
rent,terreno|asuncion,terreno,Asunción,2,0,,,,,,,,0,"2 training closes, needs 30",0,,,,,,,,0,"2 training closes, needs 30",0,,,,,,,,0,"2 training closes, needs 30"
rent,terreno|boqueron,terreno,Boquerón,4,2,0.3312,0.3312,-0.0829,0.696,0.2351,,,0,"4 training closes, needs 30",0,,,,,,,,0,"4 training closes, needs 30",3,0.4032,0.313,0.2175,0.7699,0.2608,,,0,"4 training closes, needs 30"
rent,terreno|central,terreno,Central,7,7,0.2399,0.3029,-0.1836,1.0696,0.5681,,,0,"7 training closes, needs 30",0,,,,,,,,0,"7 training closes, needs 30",7,0.2405,0.2771,-0.0996,1.1404,0.5681,,,0,"7 training closes, needs 30"
rent,terreno|itapua,terreno,Itapúa,4,3,0.7213,0.6228,-0.4761,0.0974,0.7522,,,0,"4 training closes, needs 30",0,,,,,,,,0,"4 training closes, needs 30",3,0.5707,0.5156,-0.46,-0.0415,0.7522,,,0,"4 training closes, needs 30"
