cell_deg,lat,lon,n_sale,asking_median_usd,asking_n,casa_asking_usd_m2,casa_n,departamento_asking_usd_m2,departamento_n,department,city
0.01,-24.67,-56.46,6,122000,6,,0,,0,San Pedro,
0.01,-25.45,-56.44,7,500000,7,,3,,0,Caaguazú,
0.01,-25.46,-56.85,7,104000,7,,1,,0,Cordillera,
0.01,-25.42,-56.93,6,57000,6,,0,,0,Cordillera,
0.01,-25.05,-57.1,15,23000,15,,0,,0,Cordillera,
0.01,-25.25,-57.24,13,23000,13,,1,,0,Cordillera,Altos
0.01,-25.18,-57.23,8,50000,8,,2,,0,Cordillera,
0.01,-25.23,-57.32,12,69000,12,,0,,0,Cordillera,San Bernardino
0.01,-25.25,-57.32,8,53000,8,,0,,0,Cordillera,San Bernardino
0.01,-25.21,-57.32,35,40000,35,,1,,0,Cordillera,San Bernardino
0.01,-25.24,-57.43,7,49000,7,,2,,0,Central,Luque
0.01,-25.23,-57.43,6,50000,6,,1,,0,Central,Luque
0.01,-25.23,-57.42,5,38000,5,,0,,0,Central,Luque
0.01,-25.22,-57.46,5,26000,5,,1,,0,Central,Luque
0.01,-25.23,-57.46,5,35000,5,,1,,0,Central,Luque
0.01,-25.23,-57.45,9,63000,9,,2,,0,Central,Luque
0.01,-25.24,-57.45,8,48000,8,,2,,0,Central,Luque
0.01,-25.25,-57.46,11,70000,11,753,5,,0,Central,Luque
0.01,-25.24,-57.46,10,62000,10,1005,7,,0,Central,Luque
0.01,-25.24,-57.48,14,79000,14,,3,,1,Central,Luque
0.01,-25.24,-57.47,6,142000,6,,3,,0,Central,Luque
0.01,-25.25,-57.47,12,75000,12,,4,,0,Central,Luque
0.01,-25.25,-57.48,10,96000,10,944,5,,0,Central,Luque
0.01,-25.25,-57.49,19,88000,19,1080,8,,0,Central,Luque
0.01,-25.25,-57.5,42,156000,42,977,15,,1,Central,Luque
0.01,-25.24,-57.5,36,117000,36,1212,14,,0,Central,Luque
0.01,-25.24,-57.49,11,79000,11,947,5,,1,Central,Luque
0.01,-25.23,-57.5,8,192000,8,,1,,0,Central,Luque
0.01,-25.23,-57.49,6,77000,6,,0,,0,Central,Luque
0.01,-25.23,-57.47,7,33000,7,,2,,0,Central,Luque
0.01,-25.23,-57.48,23,76000,23,889,14,,0,Central,Luque
0.01,-25.22,-57.47,15,68000,15,832,6,,0,Central,Luque
0.01,-25.22,-57.48,6,105000,6,1093,6,,0,Central,Luque
0.01,-25.22,-57.49,7,204000,7,,0,,0,Central,Luque
0.01,-25.22,-57.5,16,224000,16,,2,,0,Central,Luque
0.01,-25.21,-57.5,8,196000,8,,2,,0,Central,Luque
0.01,-25.21,-57.47,14,65000,14,847,8,,0,Central,Limpio
0.01,-25.21,-57.46,6,129000,6,,3,,0,Central,Limpio
0.01,-25.2,-57.46,17,62000,17,542,8,,0,Central,Limpio
0.01,-25.19,-57.49,5,40000,5,,1,,0,Central,Limpio
0.01,-25.19,-57.5,7,90000,7,,3,,1,Central,Limpio
0.01,-25.18,-57.5,16,135000,16,1000,11,,0,Central,Limpio
0.01,-25.18,-57.49,7,98000,7,,1,,0,Central,Limpio
0.01,-25.18,-57.47,7,52000,7,840,6,,0,Central,Limpio
0.01,-25.17,-57.5,14,35000,14,,3,,0,Central,Limpio
0.01,-25.17,-57.49,10,62000,10,716,5,,0,Central,Limpio
0.01,-25.16,-57.47,12,113000,12,,1,,0,Central,Limpio
0.01,-25.17,-57.48,8,172000,8,,2,,0,Central,Limpio
0.01,-25.17,-57.47,9,130000,9,,2,,0,Central,Limpio
0.01,-25.16,-57.46,12,69000,12,659,5,,0,Central,Limpio
0.01,-25.18,-57.45,5,44000,5,,3,,0,Central,Limpio
0.01,-25.18,-57.44,8,88000,8,,4,,0,Central,Limpio
0.01,-25.15,-57.48,5,39000,5,,4,,0,Central,Limpio
0.01,-25.15,-57.5,11,32000,11,,1,,0,Central,Limpio
0.01,-25.14,-57.48,10,105000,10,957,7,,0,Central,Limpio
0.01,-25.14,-57.47,10,88000,10,,3,,0,Central,Limpio
0.01,-25.13,-57.49,6,70000,6,,0,,0,Central,Limpio
0.01,-25.12,-57.48,7,20000,7,,1,,0,Central,Limpio
0.01,-25.12,-57.35,13,58000,13,,1,,0,Cordillera,
0.01,-25.09,-57.53,11,127000,11,,2,,0,Presidente Hayes,Villa Hayes
0.01,-25.08,-57.53,5,229000,5,,1,,1,Presidente Hayes,
0.01,-25.25,-57.71,9,22000,9,,0,,0,Presidente Hayes,
0.01,-25.25,-57.64,5,48000,5,,1,,0,Presidente Hayes,Villa Hayes
0.01,-25.22,-57.63,5,67000,5,,2,,0,Presidente Hayes,Villa Hayes
0.01,-25.21,-57.72,8,12000,8,,0,,0,Presidente Hayes,
0.01,-25.15,-57.51,5,27000,5,,0,,0,Central,Limpio
0.01,-25.17,-57.51,5,123000,5,,1,,0,Central,Mariano Roque Alonso
0.01,-25.17,-57.52,15,221000,15,,4,,0,Central,Mariano Roque Alonso
0.01,-25.18,-57.52,16,205000,16,,4,,0,Central,Mariano Roque Alonso
0.01,-25.18,-57.51,11,215000,11,,3,,0,Central,Mariano Roque Alonso
0.01,-25.19,-57.51,20,116000,20,625,5,,2,Central,Mariano Roque Alonso
0.01,-25.19,-57.52,6,163000,6,,1,,0,Central,Mariano Roque Alonso
0.01,-25.19,-57.53,10,133000,10,,3,,0,Central,Mariano Roque Alonso
0.01,-25.2,-57.53,9,105000,9,,3,,0,Central,Mariano Roque Alonso
0.01,-25.2,-57.52,6,120000,6,,0,,0,Central,Mariano Roque Alonso
0.01,-25.2,-57.51,14,69000,14,,2,,0,Central,Mariano Roque Alonso
0.01,-25.21,-57.51,11,132000,11,,3,,1,Central,Mariano Roque Alonso
0.01,-25.21,-57.53,12,113000,12,743,6,,0,Central,Mariano Roque Alonso
0.01,-25.21,-57.52,13,158000,13,799,6,,0,Central,Mariano Roque Alonso
0.01,-25.21,-57.54,12,105000,12,,2,,0,Central,Mariano Roque Alonso
0.01,-25.21,-57.55,6,133000,6,,4,,0,Central,Mariano Roque Alonso
0.01,-25.2,-57.55,10,59000,10,,2,,0,Central,Mariano Roque Alonso
0.01,-25.2,-57.54,17,79000,17,,4,,0,Central,Mariano Roque Alonso
0.01,-25.19,-57.54,8,54000,8,,1,,0,Central,Mariano Roque Alonso
0.01,-25.19,-57.56,5,784000,5,,1,,0,Presidente Hayes,Villa Hayes
0.01,-25.21,-57.62,19,50000,19,,0,,0,Presidente Hayes,Villa Hayes
0.01,-25.22,-57.61,5,100000,5,,1,,0,Presidente Hayes,
0.01,-25.23,-57.61,10,185000,10,,1,,0,Presidente Hayes,
0.01,-25.25,-57.58,9,190000,9,921,6,,2,Asunción,
0.01,-25.24,-57.59,14,115000,14,,0,,0,Central,
0.01,-25.25,-57.56,7,250000,7,,3,,2,Asunción,
0.01,-25.25,-57.55,7,141000,7,,2,,0,Asunción,
0.01,-25.25,-57.54,13,149000,13,934,6,,1,Asunción,
0.01,-25.24,-57.54,55,104000,55,1049,13,1517,6,Asunción,
0.01,-25.24,-57.55,13,141000,13,,4,,0,Asunción,
0.01,-25.23,-57.55,7,70000,7,,2,,1,Central,Mariano Roque Alonso
0.01,-25.23,-57.56,12,88000,12,,2,,1,Asunción,
0.01,-25.22,-57.55,7,74000,7,,2,,0,Central,Mariano Roque Alonso
0.01,-25.22,-57.54,10,202000,10,,0,,0,Central,Mariano Roque Alonso
0.01,-25.23,-57.54,8,89000,8,,3,,2,Asunción,
0.01,-25.23,-57.53,11,63000,11,,2,,0,Central,Mariano Roque Alonso
0.01,-25.22,-57.53,15,320000,15,,3,,0,Central,Mariano Roque Alonso
0.01,-25.22,-57.52,11,94000,11,,4,,0,Central,Mariano Roque Alonso
0.01,-25.22,-57.51,7,144000,7,,4,,0,Central,Luque
0.01,-25.23,-57.51,17,220000,17,1100,5,,0,Central,Luque
0.01,-25.24,-57.51,13,160000,13,1071,5,,0,Central,Luque
0.01,-25.24,-57.53,12,58000,12,,4,,1,Central,Mariano Roque Alonso
0.01,-25.25,-57.51,32,163000,32,1029,18,,1,Central,Luque
0.01,-25.26,-57.52,5,85000,5,,1,,0,Central,Luque
0.01,-25.26,-57.51,37,120000,37,968,12,,2,Central,Luque
0.01,-25.27,-57.51,28,185000,28,858,14,,1,Central,Luque
0.01,-25.28,-57.51,23,137000,23,769,11,,0,Central,Luque
0.01,-25.28,-57.52,17,120000,17,,2,,1,Central,Luque
0.01,-25.28,-57.53,16,85000,16,,2,,2,Central,Luque
0.01,-25.27,-57.52,14,92000,14,,2,,1,Central,Luque
0.01,-25.28,-57.54,23,86000,23,928,6,,1,Central,Luque
0.01,-25.28,-57.55,98,132000,97,1052,13,1610,26,Asunción,
0.01,-25.28,-57.56,177,175000,177,1792,20,2100,59,Asunción,
0.01,-25.27,-57.56,83,190000,83,1240,22,1800,23,Asunción,
0.01,-25.27,-57.55,45,245000,45,1103,13,1985,8,Asunción,
0.01,-25.26,-57.56,29,207000,29,1240,11,1515,9,Asunción,
0.01,-25.26,-57.55,27,257000,27,1395,22,,0,Asunción,
0.01,-25.26,-57.57,52,370000,52,1237,12,2584,20,Asunción,
0.01,-25.26,-57.58,78,183000,78,955,16,1549,28,Asunción,
0.01,-25.26,-57.59,25,200000,25,725,14,,2,Asunción,
0.01,-25.26,-57.6,7,130000,7,,3,,0,Asunción,
0.01,-25.27,-57.6,42,232000,42,906,9,2035,12,Asunción,
0.01,-25.27,-57.61,15,180000,15,,2,1522,8,Asunción,
0.01,-25.28,-57.62,17,330000,17,,2,1481,6,Asunción,
0.01,-25.28,-57.61,110,163000,110,1167,31,1590,34,Asunción,
0.01,-25.28,-57.6,101,152000,101,1137,30,1446,23,Asunción,
0.01,-25.28,-57.59,29,380000,29,1176,8,1815,7,Asunción,
0.01,-25.28,-57.58,29,335000,29,1038,17,,4,Asunción,
0.01,-25.27,-57.59,17,243000,17,1152,8,,4,Asunción,
0.01,-25.27,-57.58,50,252000,50,1240,20,1845,14,Asunción,
0.01,-25.27,-57.57,128,203000,128,1221,27,1951,48,Asunción,
0.01,-25.28,-57.57,273,196000,273,1652,45,2308,107,Asunción,
0.01,-25.29,-57.57,97,240000,97,1044,33,1923,17,Asunción,
0.01,-25.29,-57.58,159,135000,159,1373,22,1850,63,Asunción,
0.01,-25.29,-57.59,64,229000,64,2025,13,1781,23,Asunción,
0.01,-25.29,-57.61,83,151000,83,875,18,1636,29,Asunción,
0.01,-25.29,-57.62,71,198000,71,843,20,1273,21,Asunción,
0.01,-25.29,-57.6,57,350000,57,1184,18,1667,15,Asunción,
0.01,-25.3,-57.6,42,225000,42,1286,19,1531,8,Asunción,
0.01,-25.3,-57.61,51,210000,51,879,21,2039,13,Asunción,
0.01,-25.3,-57.62,39,150000,39,575,14,,1,Asunción,
0.01,-25.31,-57.62,39,220000,39,750,27,,2,Asunción,
0.01,-25.31,-57.61,36,176000,36,615,13,,4,Asunción,
0.01,-25.31,-57.6,32,290000,32,709,17,,0,Asunción,
0.01,-25.31,-57.59,46,243000,46,978,24,,3,Asunción,
0.01,-25.31,-57.58,70,250000,70,1102,26,1722,20,Asunción,
0.01,-25.3,-57.59,131,193000,131,1020,45,1745,21,Asunción,
0.01,-25.3,-57.58,138,136000,138,1118,17,1908,47,Asunción,
0.01,-25.3,-57.57,63,229000,63,1390,18,1784,18,Asunción,
0.01,-25.31,-57.57,75,280000,75,1127,35,1694,13,Asunción,
0.01,-25.31,-57.56,70,229000,70,1114,37,1517,12,Asunción,
0.01,-25.31,-57.55,31,132000,31,,4,1687,6,Central,Fernando de la Mora
0.01,-25.31,-57.54,18,130000,18,963,9,,0,Central,Fernando de la Mora
0.01,-25.3,-57.54,27,180000,27,864,10,,1,Central,Fernando de la Mora
0.01,-25.3,-57.55,59,176000,59,759,15,1685,14,Asunción,
0.01,-25.3,-57.56,135,171000,135,1123,31,1524,35,Asunción,
0.01,-25.29,-57.55,99,128000,99,1300,13,1853,38,Asunción,
0.01,-25.29,-57.56,160,250000,160,1145,30,2197,46,Asunción,
0.01,-25.29,-57.54,70,70000,70,,3,1435,12,Central,Luque
0.01,-25.29,-57.52,26,141000,26,781,9,,0,Central,Luque
0.01,-25.29,-57.53,38,159000,38,647,10,,2,Central,Luque
0.01,-25.29,-57.51,15,95000,15,1000,8,,0,Central,Luque
0.01,-25.3,-57.51,15,97000,15,,3,,0,Central,Luque
0.01,-25.3,-57.52,13,105000,13,,3,,1,Central,Luque
0.01,-25.3,-57.53,16,141000,16,787,7,,2,Central,San Lorenzo
0.01,-25.31,-57.53,39,185000,39,784,14,,0,Central,Fernando de la Mora
0.01,-25.31,-57.52,38,165000,38,1102,16,,1,Central,San Lorenzo
0.01,-25.31,-57.51,11,90000,11,,2,,0,Central,San Lorenzo
0.01,-25.32,-57.51,9,136000,9,,2,,0,Central,San Lorenzo
0.01,-25.32,-57.53,38,169000,38,879,13,,4,Central,Fernando de la Mora
0.01,-25.32,-57.52,30,140000,30,1048,10,1129,6,Central,San Lorenzo
0.01,-25.32,-57.54,26,176000,26,993,12,,3,Central,Fernando de la Mora
0.01,-25.32,-57.56,22,249000,22,934,5,,3,Asunción,
0.01,-25.32,-57.55,23,170000,23,1055,6,,1,Central,Fernando de la Mora
0.01,-25.33,-57.54,18,127000,18,1113,8,,0,Central,Fernando de la Mora
0.01,-25.33,-57.55,24,196000,24,1293,9,,2,Central,Fernando de la Mora
0.01,-25.33,-57.56,11,220000,11,875,5,,2,Central,Fernando de la Mora
0.01,-25.34,-57.56,16,154000,16,871,10,,0,Central,Fernando de la Mora
0.01,-25.34,-57.55,15,170000,15,592,8,,0,Central,Fernando de la Mora
0.01,-25.34,-57.54,14,150000,14,528,7,,0,Central,San Lorenzo
0.01,-25.34,-57.53,13,149000,13,,3,,0,Central,San Lorenzo
0.01,-25.33,-57.53,26,165000,26,786,8,,2,Central,Fernando de la Mora
0.01,-25.33,-57.51,16,145000,16,712,7,,1,Central,San Lorenzo
0.01,-25.34,-57.51,13,149000,13,,1,,1,Central,San Lorenzo
0.01,-25.35,-57.51,17,193000,17,629,6,,0,Central,San Lorenzo
0.01,-25.35,-57.52,14,119000,14,,4,,0,Central,San Lorenzo
0.01,-25.36,-57.51,13,148000,13,785,6,,0,Central,San Lorenzo
0.01,-25.37,-57.51,12,91000,12,1062,8,,0,Central,San Lorenzo
0.01,-25.37,-57.52,20,109000,20,684,5,,0,Central,San Lorenzo
0.01,-25.37,-57.53,7,127000,7,,2,,0,Central,Ñemby
0.01,-25.36,-57.52,10,92000,10,,3,,0,Central,San Lorenzo
0.01,-25.36,-57.53,9,79000,9,879,5,,0,Central,San Lorenzo
0.01,-25.36,-57.54,9,83000,9,,1,,0,Central,San Lorenzo
0.01,-25.37,-57.55,5,123000,5,,3,,0,Central,Ñemby
0.01,-25.37,-57.56,15,125000,15,662,8,,0,Central,Ñemby
0.01,-25.36,-57.55,6,91000,6,,2,,0,Central,San Lorenzo
0.01,-25.36,-57.56,8,127000,8,,1,,0,Central,San Lorenzo
0.01,-25.35,-57.55,12,110000,12,725,5,,2,Central,Fernando de la Mora
0.01,-25.35,-57.56,12,97000,12,898,6,,0,Central,Fernando de la Mora
0.01,-25.35,-57.57,15,99000,15,688,6,,0,Central,Fernando de la Mora
0.01,-25.35,-57.59,7,140000,7,,3,,0,Central,Villa Elisa
0.01,-25.35,-57.58,14,150000,14,586,7,,0,Central,Villa Elisa
0.01,-25.36,-57.57,11,260000,11,,4,,0,Central,Villa Elisa
0.01,-25.37,-57.57,8,56000,8,,1,,0,Central,Villa Elisa
0.01,-25.37,-57.58,19,114000,19,995,12,,1,Central,Villa Elisa
0.01,-25.37,-57.59,17,94000,17,976,10,,0,Central,Villa Elisa
0.01,-25.36,-57.58,27,79000,27,670,14,,0,Central,Villa Elisa
0.01,-25.36,-57.59,17,100000,17,675,7,,0,Central,Villa Elisa
0.01,-25.36,-57.6,11,193000,11,738,5,,0,Central,Lambaré
0.01,-25.37,-57.6,14,75000,14,1144,5,,0,Central,Lambaré
0.01,-25.37,-57.61,25,72000,25,553,9,,0,Central,Lambaré
0.01,-25.37,-57.62,27,121000,27,760,6,,0,Central,Lambaré
0.01,-25.36,-57.61,15,114000,15,759,7,,0,Central,Lambaré
0.01,-25.36,-57.62,25,102000,25,746,10,,0,Central,Lambaré
0.01,-25.35,-57.6,11,193000,11,,4,,0,Central,Lambaré
0.01,-25.35,-57.61,13,189000,13,721,10,,0,Central,Lambaré
0.01,-25.35,-57.62,16,129000,16,734,8,,2,Central,Lambaré
0.01,-25.34,-57.62,24,205000,24,751,13,,1,Central,Lambaré
0.01,-25.34,-57.61,24,114000,24,791,7,,0,Central,Lambaré
0.01,-25.33,-57.62,25,200000,25,874,14,,2,Central,Lambaré
0.01,-25.33,-57.61,21,202000,21,806,10,,1,Central,Lambaré
0.01,-25.33,-57.6,15,174000,15,594,8,,0,Central,Lambaré
0.01,-25.34,-57.6,15,123000,15,703,5,,0,Central,Lambaré
0.01,-25.34,-57.59,11,202000,11,472,5,,0,Central,Lambaré
0.01,-25.34,-57.58,12,173000,12,,4,,1,Central,Fernando de la Mora
0.01,-25.34,-57.57,15,141000,15,527,5,,0,Central,Fernando de la Mora
0.01,-25.33,-57.57,10,108000,10,,4,,0,Central,Fernando de la Mora
0.01,-25.33,-57.58,17,150000,17,662,9,,0,Asunción,
0.01,-25.33,-57.59,12,232000,12,,2,,1,Asunción,
0.01,-25.32,-57.57,24,233000,24,857,11,,1,Asunción,
0.01,-25.32,-57.58,12,179000,12,703,6,,1,Asunción,
0.01,-25.32,-57.59,23,193000,23,818,13,,1,Asunción,
0.01,-25.32,-57.6,23,250000,23,1015,13,,0,Asunción,
0.01,-25.32,-57.62,37,155000,37,797,21,1180,9,Asunción,
0.01,-25.32,-57.61,24,133000,24,548,9,,2,Asunción,
0.01,-25.32,-57.64,6,146000,6,,4,,0,Asunción,
0.01,-25.32,-57.63,57,141000,57,633,23,1367,11,Asunción,
0.01,-25.32,-57.65,5,123000,5,,0,,4,Asunción,
0.01,-25.33,-57.63,29,170000,29,606,22,,0,Asunción,
0.01,-25.34,-57.64,14,149000,13,691,8,,0,Asunción,
0.01,-25.34,-57.63,45,157000,45,758,18,1259,8,Central,Lambaré
0.01,-25.35,-57.63,17,109000,17,621,8,,0,Central,Lambaré
0.01,-25.35,-57.64,20,148000,20,760,10,,0,Asunción,
0.01,-25.36,-57.63,23,180000,23,976,8,,1,Central,Lambaré
0.01,-25.36,-57.64,26,205000,26,700,5,,1,Asunción,
0.01,-25.37,-57.63,33,174000,33,1093,20,,3,Central,Lambaré
0.01,-25.3,-57.67,6,160000,6,873,6,,0,Asunción,
0.01,-25.3,-57.66,9,115000,9,676,5,,1,Asunción,
0.01,-25.31,-57.64,9,120000,9,626,5,,2,Asunción,
0.01,-25.31,-57.63,51,190000,51,788,27,1423,6,Asunción,
0.01,-25.3,-57.63,54,140000,54,808,16,1505,7,Asunción,
0.01,-25.3,-57.64,18,136000,18,692,10,,1,Asunción,
0.01,-25.3,-57.65,17,135000,17,601,12,,2,Asunción,
0.01,-25.29,-57.65,28,200000,28,827,8,,4,Asunción,
0.01,-25.29,-57.63,45,149000,45,501,16,1027,5,Asunción,
0.01,-25.29,-57.64,59,141000,59,579,17,1266,12,Asunción,
0.01,-25.29,-57.66,60,146000,60,558,29,1425,12,Asunción,
0.01,-25.29,-57.67,14,114000,14,511,5,,0,Asunción,
0.01,-25.28,-57.66,22,118000,22,450,12,,1,Asunción,
0.01,-25.28,-57.65,22,128000,22,533,8,,2,Asunción,
0.01,-25.28,-57.64,50,145000,50,608,10,,4,Asunción,
0.01,-25.28,-57.63,16,255000,16,,3,,2,Asunción,
0.01,-25.41,-57.57,6,424000,6,,1,,0,Central,San Antonio
0.01,-25.41,-57.58,5,118000,5,,2,,0,Central,San Antonio
0.01,-25.38,-57.61,16,93000,16,733,5,,0,Central,Lambaré
0.01,-25.38,-57.6,17,87000,17,537,8,,0,Central,Villa Elisa
0.01,-25.39,-57.6,9,70000,9,781,7,,0,Central,Villa Elisa
0.01,-25.39,-57.59,11,55000,11,,4,,0,Central,Villa Elisa
0.01,-25.39,-57.58,9,58000,9,,4,,0,Central,Villa Elisa
0.01,-25.38,-57.59,31,76000,31,840,11,,1,Central,Villa Elisa
0.01,-25.38,-57.58,25,67000,25,807,11,,1,Central,Villa Elisa
0.01,-25.38,-57.57,11,58000,11,,3,,0,Central,Villa Elisa
0.01,-25.39,-57.57,7,149000,7,,3,,0,Central,Ñemby
0.01,-25.4,-57.58,9,48000,9,,3,,0,Central,San Antonio
0.01,-25.4,-57.56,9,62000,9,451,7,,0,Central,San Antonio
0.01,-25.4,-57.55,10,66000,10,637,6,,0,Central,Ñemby
0.01,-25.4,-57.54,15,118000,15,664,6,,0,Central,Ñemby
0.01,-25.39,-57.55,21,84000,21,659,8,,0,Central,Ñemby
0.01,-25.38,-57.56,16,63000,16,591,5,,0,Central,Ñemby
0.01,-25.38,-57.55,8,74000,8,830,5,,0,Central,Ñemby
0.01,-25.38,-57.54,18,70000,18,626,12,,1,Central,Ñemby
0.01,-25.39,-57.54,13,62000,13,654,5,,0,Central,Ñemby
0.01,-25.39,-57.53,16,70000,16,901,8,,0,Central,Ñemby
0.01,-25.39,-57.52,9,97000,9,,4,,0,Central,Ñemby
0.01,-25.38,-57.53,12,69000,12,733,7,,0,Central,Ñemby
0.01,-25.38,-57.52,11,105000,11,716,6,,0,Central,San Lorenzo
0.01,-25.38,-57.51,5,66000,5,,4,,0,Central,San Lorenzo
0.01,-25.39,-57.51,7,79000,7,,2,,0,Central,San Lorenzo
0.01,-25.4,-57.52,12,69000,12,596,6,,0,Central,Ñemby
0.01,-25.4,-57.53,12,69000,12,,4,,0,Central,Ñemby
0.01,-25.4,-57.51,5,39000,5,,2,,0,Central,Ñemby
0.01,-25.41,-57.51,6,51000,6,,3,,0,Central,Ñemby
0.01,-25.42,-57.53,8,57000,8,,0,,0,Central,Ñemby
0.01,-25.41,-57.52,9,61000,9,641,8,,0,Central,Ñemby
0.01,-25.41,-57.53,8,68000,8,,3,,0,Central,Ñemby
0.01,-25.41,-57.54,6,120000,6,,1,,0,Central,Ñemby
0.01,-25.41,-57.55,6,59000,6,,2,,0,Central,Ñemby
0.01,-25.42,-57.56,8,90000,8,615,5,,0,Central,San Antonio
0.01,-25.42,-57.54,16,48000,16,419,5,,0,Central,San Antonio
0.01,-25.43,-57.55,8,44000,8,,4,,0,Central,San Antonio
0.01,-25.43,-57.54,10,207000,10,,2,,0,Central,Ñemby
0.01,-25.43,-57.53,12,44000,12,799,7,,0,Central,Ñemby
0.01,-25.44,-57.51,6,44000,6,,1,,0,Central,Ypané
0.01,-25.44,-57.52,8,62000,8,,2,,0,Central,Ypané
0.01,-25.44,-57.53,6,60000,6,,1,,0,Central,Ñemby
0.01,-25.45,-57.53,6,75000,6,,2,,0,Central,Ypané
0.01,-25.45,-57.52,11,31000,11,,3,,0,Central,Ypané
0.01,-25.46,-57.51,12,55000,12,,3,,0,Central,Ypané
0.01,-25.46,-57.53,10,32000,10,,0,,0,Central,Ypané
0.01,-25.46,-57.52,10,75000,10,,2,,0,Central,Ypané
0.01,-25.46,-57.54,8,24000,8,,1,,0,Central,Ypané
0.01,-25.45,-57.54,7,59000,7,,2,,0,Central,Ypané
0.01,-25.44,-57.54,12,94000,12,502,8,,0,Central,San Antonio
0.01,-25.5,-57.57,5,114000,5,,1,,0,Central,Villeta
0.01,-25.47,-57.53,6,25000,6,,0,,0,Central,Ypané
0.01,-25.47,-57.51,16,462000,16,,1,,0,Central,Ypané
0.01,-25.49,-57.52,6,13000,6,,0,,0,Central,Villeta
0.01,-25.5,-57.51,5,70000,5,,0,,0,Central,Villeta
0.01,-25.5,-57.47,6,18000,6,,0,,0,Central,
0.01,-25.46,-57.49,5,53000,5,,3,,0,Central,Ypané
0.01,-25.46,-57.5,7,69000,7,,4,,0,Central,Ypané
0.01,-25.44,-57.5,5,123000,5,,1,,0,Central,Ypané
0.01,-25.45,-57.46,6,39000,6,,1,,0,Central,Julián Augusto Saldívar
0.01,-25.44,-57.44,5,32000,5,,1,,0,Central,Julián Augusto Saldívar
0.01,-25.45,-57.45,9,41000,9,,3,,0,Central,Julián Augusto Saldívar
0.01,-25.49,-57.4,8,259000,8,1497,5,,0,Central,Itá
0.01,-25.49,-57.39,6,30000,6,,2,,0,Central,Itá
0.01,-25.5,-57.37,5,40000,5,,1,,0,Central,Itá
0.01,-25.48,-57.36,5,22000,5,,1,,0,Central,Itá
0.01,-25.47,-57.35,5,21000,5,,1,,0,Central,Itá
0.01,-25.44,-57.33,9,13000,9,,0,,0,Central,Itauguá
0.01,-25.44,-57.36,8,13000,8,,1,,0,Central,Itauguá
0.01,-25.41,-57.37,11,62000,11,652,5,,0,Central,Itauguá
0.01,-25.41,-57.36,9,18000,9,,0,,0,Central,Itauguá
0.01,-25.41,-57.32,6,75000,6,,3,,0,Central,Itauguá
0.01,-25.41,-57.29,5,62000,5,,1,,0,Central,Ypacaraí
0.01,-25.42,-57.29,5,165000,5,,0,,0,Central,Ypacaraí
0.01,-25.4,-57.29,14,76000,14,595,6,,0,Central,Ypacaraí
0.01,-25.4,-57.28,5,19000,5,,2,,0,Central,Ypacaraí
0.01,-25.38,-57.26,7,55000,7,,1,,0,Central,Ypacaraí
0.01,-25.38,-57.3,22,60000,22,,0,,0,Central,Ypacaraí
0.01,-25.39,-57.34,5,44000,5,,1,,0,Central,Itauguá
0.01,-25.4,-57.32,7,56000,7,,1,,0,Central,Itauguá
0.01,-25.4,-57.33,6,54000,6,,4,,0,Central,Itauguá
0.01,-25.4,-57.35,7,97000,7,698,6,,0,Central,Itauguá
0.01,-25.4,-57.36,6,127000,6,,2,,0,Central,Itauguá
0.01,-25.4,-57.37,6,85000,6,,1,,0,Central,Itauguá
0.01,-25.39,-57.37,14,48000,14,488,5,,0,Central,Itauguá
0.01,-25.39,-57.36,14,151000,14,,4,,1,Central,Itauguá
0.01,-25.39,-57.35,14,183000,14,608,5,,0,Central,Itauguá
0.01,-25.38,-57.35,12,55000,12,,4,,0,Central,Itauguá
0.01,-25.38,-57.39,7,55000,7,549,7,,0,Central,Itauguá
0.01,-25.38,-57.38,5,155000,5,,2,,0,Central,Itauguá
0.01,-25.38,-57.43,5,62000,5,,3,,0,Central,Capiatá
0.01,-25.39,-57.43,7,47000,7,716,5,,0,Central,Capiatá
0.01,-25.39,-57.42,5,21000,5,,0,,0,Central,Capiatá
0.01,-25.39,-57.41,7,48000,7,,1,,0,Central,Capiatá
0.01,-25.4,-57.41,6,48000,6,,1,,0,Central,Capiatá
0.01,-25.43,-57.43,7,32000,7,,1,,0,Central,Julián Augusto Saldívar
0.01,-25.41,-57.45,7,46000,7,,3,,0,Central,Capiatá
0.01,-25.42,-57.46,5,42000,5,,4,,0,Central,Capiatá
0.01,-25.43,-57.45,5,180000,5,,3,,0,Central,Julián Augusto Saldívar
0.01,-25.42,-57.48,5,49000,5,,0,,0,Central,Capiatá
0.01,-25.41,-57.48,7,62000,7,,2,,0,Central,Capiatá
0.01,-25.4,-57.5,5,62000,5,,2,,0,Central,Capiatá
0.01,-25.4,-57.48,7,49000,7,,4,,0,Central,Capiatá
0.01,-25.38,-57.44,7,46000,7,,4,,0,Central,Capiatá
0.01,-25.38,-57.47,7,63000,7,,4,,0,Central,Capiatá
0.01,-25.39,-57.49,5,59000,5,,3,,0,Central,San Lorenzo
0.01,-25.39,-57.5,7,86000,7,863,5,,0,Central,San Lorenzo
0.01,-25.38,-57.5,11,88000,11,689,6,,0,Central,San Lorenzo
0.01,-25.37,-57.49,5,74000,5,,3,,0,Central,San Lorenzo
0.01,-25.37,-57.47,7,53000,7,611,5,,0,Central,Capiatá
0.01,-25.36,-57.48,7,56000,7,471,5,,0,Central,Capiatá
0.01,-25.36,-57.49,9,149000,9,,2,,0,Central,San Lorenzo
0.01,-25.36,-57.5,9,158000,9,,2,,0,Central,San Lorenzo
0.01,-25.35,-57.5,11,210000,11,897,7,,0,Central,San Lorenzo
0.01,-25.35,-57.48,5,316000,5,,3,,0,Central,Capiatá
0.01,-25.35,-57.47,7,88000,7,,3,,0,Central,Capiatá
0.01,-25.35,-57.46,10,159000,10,,2,,0,Central,Capiatá
0.01,-25.35,-57.45,5,167000,5,,1,,0,Central,Capiatá
0.01,-25.35,-57.44,12,81000,12,586,7,,0,Central,Capiatá
0.01,-25.36,-57.44,5,44000,5,,3,,0,Central,Capiatá
0.01,-25.36,-57.45,10,114000,10,810,6,,0,Central,Capiatá
0.01,-25.37,-57.46,6,56000,6,,3,,0,Central,Capiatá
0.01,-25.37,-57.45,7,44000,7,,2,,0,Central,Capiatá
0.01,-25.37,-57.44,7,140000,7,,0,,0,Central,Capiatá
0.01,-25.37,-57.43,9,93000,9,590,7,,0,Central,Capiatá
0.01,-25.36,-57.42,6,73000,6,,2,,0,Central,Capiatá
0.01,-25.36,-57.41,13,39000,13,,3,,0,Central,Capiatá
0.01,-25.37,-57.4,5,490000,5,,1,,0,Central,Itauguá
0.01,-25.35,-57.43,6,70000,6,,3,,0,Central,Capiatá
0.01,-25.33,-57.41,6,70000,6,,1,,0,Central,Areguá
0.01,-25.34,-57.41,16,49000,16,500,6,,0,Central,Areguá
0.01,-25.34,-57.4,6,52000,6,,0,,0,Central,Areguá
0.01,-25.34,-57.38,7,55000,7,,2,,0,Central,Areguá
0.01,-25.33,-57.39,10,122000,10,556,5,,0,Central,Areguá
0.01,-25.32,-57.39,5,51000,5,,3,,0,Central,Areguá
0.01,-25.33,-57.45,6,63000,6,,3,,0,Central,Capiatá
0.01,-25.34,-57.44,11,65000,11,,3,,0,Central,Capiatá
0.01,-25.34,-57.46,8,75000,8,,4,,0,Central,Capiatá
0.01,-25.33,-57.46,9,74000,9,659,5,,0,Central,Capiatá
0.01,-25.34,-57.47,8,112000,8,450,5,,0,Central,Capiatá
0.01,-25.34,-57.49,8,121000,8,,2,,0,Central,San Lorenzo
0.01,-25.34,-57.5,25,135000,25,570,10,,1,Central,San Lorenzo
0.01,-25.33,-57.5,11,102000,11,607,5,,0,Central,San Lorenzo
0.01,-25.32,-57.48,5,132000,5,,3,,0,Central,San Lorenzo
0.01,-25.32,-57.49,9,56000,9,,4,,0,Central,San Lorenzo
0.01,-25.32,-57.5,9,93000,9,,3,,0,Central,San Lorenzo
0.01,-25.31,-57.5,8,69000,8,,3,,0,Central,Luque
0.01,-25.31,-57.49,14,55000,14,,4,,1,Central,Luque
0.01,-25.3,-57.5,12,105000,12,,3,,0,Central,Luque
0.01,-25.3,-57.47,6,84000,6,,0,,0,Central,Luque
0.01,-25.31,-57.48,8,55000,8,,3,,0,Central,Luque
0.01,-25.3,-57.46,9,58000,9,,4,,0,Central,Luque
0.01,-25.29,-57.46,7,76000,7,,2,,0,Central,Luque
0.01,-25.29,-57.45,9,76000,9,,1,,0,Central,Luque
0.01,-25.29,-57.47,7,62000,7,,0,,0,Central,Luque
0.01,-25.29,-57.48,6,102000,6,904,6,,0,Central,Luque
0.01,-25.29,-57.49,8,73000,8,,1,,0,Central,Luque
0.01,-25.29,-57.5,8,121000,8,,4,,0,Central,Luque
0.01,-25.28,-57.5,15,144000,15,896,5,,1,Central,Luque
0.01,-25.28,-57.49,14,111000,14,754,6,,0,Central,Luque
0.01,-25.28,-57.48,15,132000,15,,3,,0,Central,Luque
0.01,-25.28,-57.47,16,107000,16,796,6,,0,Central,Luque
0.01,-25.27,-57.48,18,90000,18,1000,5,,0,Central,Luque
0.01,-25.27,-57.47,18,86000,18,990,6,,0,Central,Luque
0.01,-25.27,-57.49,23,141000,23,935,5,,1,Central,Luque
0.01,-25.27,-57.5,21,158000,21,938,12,,0,Central,Luque
0.01,-25.26,-57.49,23,120000,23,750,7,,1,Central,Luque
0.01,-25.26,-57.5,18,192000,18,1272,7,,0,Central,Luque
0.01,-25.26,-57.47,6,113000,6,,2,,0,Central,Luque
0.01,-25.26,-57.48,8,185000,8,,4,,1,Central,Luque
0.01,-25.26,-57.46,8,51000,8,846,6,,0,Central,Luque
0.01,-25.26,-57.45,11,50000,11,1008,6,,0,Central,Luque
0.01,-25.27,-57.44,16,75000,16,903,13,,0,Central,Luque
0.01,-25.27,-57.46,8,97000,8,,4,,0,Central,Luque
0.01,-25.28,-57.46,19,126000,19,1158,16,,0,Central,Luque
0.01,-25.28,-57.4,8,94000,8,,1,,0,Central,Areguá
0.01,-25.29,-57.4,5,130000,5,,2,,0,Central,Areguá
0.01,-25.29,-57.43,9,41000,9,615,5,,0,Central,Areguá
0.01,-25.29,-57.41,5,74000,5,,0,,0,Central,Areguá
0.01,-25.3,-57.43,6,93000,6,,2,,0,Central,Areguá
0.01,-25.31,-57.42,6,14000,6,,0,,0,Central,Areguá
0.01,-25.31,-57.39,15,107000,15,,4,,0,Central,Areguá
0.01,-25.31,-57.38,10,164000,10,556,5,,0,Central,Areguá
0.01,-25.27,-57.32,7,120000,7,,0,,0,Cordillera,San Bernardino
0.01,-25.27,-57.31,5,218000,5,,2,,0,Cordillera,San Bernardino
0.01,-25.28,-57.26,12,88000,12,,2,,0,Cordillera,Altos
0.01,-25.29,-57.26,6,59000,6,,1,,0,Cordillera,Altos
0.01,-25.29,-57.27,6,146000,6,,2,,0,Cordillera,San Bernardino
0.01,-25.29,-57.31,7,140000,7,,1,,1,Cordillera,San Bernardino
0.01,-25.29,-57.29,6,796000,6,,2,,0,Cordillera,San Bernardino
0.01,-25.3,-57.29,11,158000,11,,3,,0,Cordillera,San Bernardino
0.01,-25.3,-57.3,10,196000,10,954,6,,0,Cordillera,San Bernardino
0.01,-25.31,-57.28,5,140000,5,,3,,0,Cordillera,San Bernardino
0.01,-25.31,-57.27,8,226000,8,,2,,0,Cordillera,San Bernardino
0.01,-25.3,-57.28,12,101000,12,,2,,0,Cordillera,San Bernardino
0.01,-25.3,-57.27,24,200000,24,1580,5,,3,Cordillera,Altos
0.01,-25.3,-57.26,6,613000,6,,2,,1,Cordillera,Altos
0.01,-25.31,-57.26,5,70000,5,,0,,0,Cordillera,San Bernardino
0.01,-25.32,-57.28,14,95000,14,,4,,0,Cordillera,San Bernardino
0.01,-25.32,-57.27,7,142000,7,,2,,0,Cordillera,San Bernardino
0.01,-25.34,-57.27,9,120000,9,791,5,,0,Cordillera,San Bernardino
0.01,-25.34,-57.28,7,70000,7,,2,,0,Cordillera,San Bernardino
0.01,-25.33,-57.27,8,179000,8,,4,,0,Cordillera,San Bernardino
0.01,-25.32,-57.29,7,87000,7,,0,,0,Cordillera,San Bernardino
0.01,-25.32,-57.37,10,110000,10,,1,,0,Central,Areguá
0.01,-25.34,-57.35,6,202000,6,,3,,0,Central,Areguá
0.01,-25.36,-57.35,6,235000,6,,1,,0,Central,Itauguá
0.01,-25.37,-57.36,6,60000,6,,4,,0,Central,Itauguá
0.01,-25.37,-57.35,5,23000,5,,1,,0,Central,Itauguá
0.01,-25.37,-57.32,7,62000,7,,2,,0,Central,Ypacaraí
0.01,-25.37,-57.31,10,47000,10,,0,,0,Central,Ypacaraí
0.01,-25.36,-57.31,10,115000,10,539,5,,0,Central,Ypacaraí
0.01,-25.35,-57.27,13,88000,13,1000,5,,0,Cordillera,San Bernardino
0.01,-25.35,-57.26,8,36000,8,,0,,0,Cordillera,San Bernardino
0.01,-25.36,-57.26,9,35000,9,,4,,0,Central,Ypacaraí
0.01,-25.37,-57.22,10,75000,10,,3,,0,Central,Ypacaraí
0.01,-25.33,-57.25,5,130000,5,,1,,0,Cordillera,San Bernardino
0.01,-25.27,-57.25,7,24000,7,,1,,0,Cordillera,Altos
0.01,-25.26,-57.24,6,83000,6,,1,,1,Cordillera,Altos
0.01,-25.26,-57.25,5,40000,5,,1,,0,Cordillera,Altos
0.01,-25.28,-57.18,5,49000,5,,1,,0,Cordillera,
0.01,-25.29,-57.17,6,31000,6,,1,,0,Cordillera,
0.01,-25.26,-57.08,5,150000,5,,0,,0,Cordillera,
0.01,-25.37,-57.12,5,20000,5,,0,,0,Cordillera,Caacupé
0.01,-25.38,-57.14,8,78000,8,347,7,,0,Cordillera,Caacupé
0.01,-25.38,-57.15,5,53000,5,,2,,0,Cordillera,Caacupé
0.01,-25.39,-57.15,6,61000,6,,1,,0,Cordillera,Caacupé
0.01,-25.39,-57.14,10,70000,10,,4,,0,Cordillera,Caacupé
0.01,-25.4,-57.14,5,59000,5,,0,,0,Cordillera,Caacupé
0.01,-25.4,-57.15,16,11000,16,,1,,0,Cordillera,Caacupé
0.01,-25.38,-57.25,9,35000,9,,1,,0,Central,Ypacaraí
0.01,-25.38,-57.24,9,28000,9,,2,,0,Central,Ypacaraí
0.01,-25.62,-57.15,5,149000,5,,2,,0,Paraguarí,
0.01,-25.64,-57.5,7,105000,7,,0,,0,Central,
0.01,-25.61,-57.47,9,125000,9,313,5,,0,Central,
0.01,-25.6,-57.5,5,40000,5,,2,,0,Central,
0.01,-25.57,-57.29,6,56000,6,,0,,0,Paraguarí,
0.01,-25.51,-57.36,5,214000,5,,0,,0,Central,Itá
0.01,-25.52,-57.56,6,156000,6,,2,,0,Central,Villeta
0.01,-25.51,-57.56,5,84000,5,,0,,0,Central,Villeta
0.01,-25.51,-57.54,5,35000,5,,0,,0,Central,Villeta
0.01,-25.51,-57.57,6,147000,6,,3,,0,Central,Villeta
0.01,-25.78,-56.45,5,98000,5,,1,,2,Guairá,
0.01,-26.82,-56.23,7,7000,7,,0,,0,Itapúa,
0.01,-26.67,-57.14,5,88000,5,,0,,0,Misiones,
0.01,-27.09,-56.02,5,26000,5,,0,,0,Itapúa,
0.01,-27.16,-56.24,5,114000,5,,0,,0,Itapúa,
0.01,-27.23,-56.2,5,56000,5,,2,,0,Itapúa,
0.01,-27.22,-56.15,5,120000,5,,1,,0,Itapúa,
0.01,-27.22,-56.14,24,15000,24,,2,,0,Itapúa,
0.01,-27.41,-55.82,14,270000,14,,2,,0,Itapúa,Encarnación
0.01,-27.38,-55.83,5,137000,5,,1,,0,Itapúa,Encarnación
0.01,-27.38,-55.82,5,30000,5,,1,,0,Itapúa,Encarnación
0.01,-27.28,-55.8,6,35000,6,,3,,0,Itapúa,
0.01,-27.28,-55.83,6,40000,6,,1,,0,Itapúa,Encarnación
0.01,-27.27,-55.82,5,140000,5,,1,,1,Itapúa,Encarnación
0.01,-27.28,-55.82,6,45000,6,,0,,0,Itapúa,Encarnación
0.01,-27.3,-55.85,5,26000,5,,0,,0,Itapúa,Encarnación
0.01,-27.3,-55.87,16,64000,16,502,7,,0,Itapúa,Encarnación
0.01,-27.31,-55.87,18,62000,18,494,8,,0,Itapúa,Encarnación
0.01,-27.31,-55.86,17,100000,17,,0,,0,Itapúa,Encarnación
0.01,-27.31,-55.85,13,87000,13,,2,,0,Itapúa,Encarnación
0.01,-27.31,-55.84,8,71000,8,,1,,0,Itapúa,Encarnación
0.01,-27.3,-55.84,7,68000,7,,4,,0,Itapúa,Encarnación
0.01,-27.3,-55.82,6,35000,6,,0,,0,Itapúa,
0.01,-27.3,-55.81,5,13000,5,,0,,0,Itapúa,
0.01,-27.36,-55.76,5,167000,5,,2,,0,Itapúa,
0.01,-27.35,-55.82,7,42000,7,,2,,0,Itapúa,
0.01,-27.35,-55.84,13,26000,13,,2,,0,Itapúa,
0.01,-27.35,-55.83,11,62000,11,,3,,0,Itapúa,
0.01,-27.37,-55.83,12,49000,12,,4,,0,Itapúa,Encarnación
0.01,-27.37,-55.84,20,61000,20,802,6,,0,Itapúa,Encarnación
0.01,-27.36,-55.85,15,220000,15,,2,,2,Itapúa,Encarnación
0.01,-27.35,-55.86,22,127000,22,781,9,,0,Itapúa,Encarnación
0.01,-27.35,-55.87,9,193000,9,,0,,0,Itapúa,Encarnación
0.01,-27.34,-55.87,14,135000,14,,2,,2,Itapúa,Encarnación
0.01,-27.34,-55.86,42,188000,42,912,12,,3,Itapúa,Encarnación
0.01,-27.33,-55.87,61,167000,61,1235,7,1116,10,Itapúa,Encarnación
0.01,-27.33,-55.86,26,225000,26,1150,11,,3,Itapúa,Encarnación
0.01,-27.33,-55.85,18,132000,18,,3,,1,Itapúa,
0.01,-27.34,-55.85,15,220000,15,868,5,,0,Itapúa,
0.01,-27.34,-55.84,16,98000,16,826,10,,0,Itapúa,
0.01,-27.34,-55.83,13,105000,13,,3,,0,Itapúa,
0.01,-27.34,-55.82,6,70000,6,,3,,0,Itapúa,
0.01,-27.33,-55.84,6,132000,6,,3,,0,Itapúa,
0.01,-27.32,-55.82,5,202000,5,,0,,0,Itapúa,Encarnación
0.01,-27.32,-55.83,5,20000,5,,1,,0,Itapúa,Encarnación
0.01,-27.32,-55.84,6,19000,6,,0,,0,Itapúa,Encarnación
0.01,-27.32,-55.87,31,149000,31,,3,,4,Itapúa,Encarnación
0.01,-27.32,-55.86,11,158000,11,,3,,0,Itapúa,Encarnación
0.01,-27.32,-55.89,8,73000,8,,1,,0,Itapúa,Encarnación
0.01,-27.32,-55.88,23,113000,23,,3,,1,Itapúa,Encarnación
0.01,-27.32,-56,5,140000,5,,0,,0,Itapúa,San Juan del Paraná
0.01,-27.31,-55.99,7,450000,7,1576,5,,0,Itapúa,San Juan del Paraná
0.01,-27.31,-55.98,12,100000,12,,3,,0,Itapúa,San Juan del Paraná
0.01,-27.3,-55.99,7,170000,7,,2,,0,Itapúa,San Juan del Paraná
0.01,-27.29,-55.96,8,17000,8,,1,,0,Itapúa,San Juan del Paraná
0.01,-27.3,-55.95,8,54000,8,,1,,0,Itapúa,San Juan del Paraná
0.01,-27.3,-55.96,9,28000,9,,2,,0,Itapúa,San Juan del Paraná
0.01,-27.31,-55.96,8,35000,8,,0,,0,Itapúa,San Juan del Paraná
0.01,-27.31,-55.9,6,135000,6,,0,,0,Itapúa,Encarnación
0.01,-27.31,-55.89,19,123000,19,533,10,,0,Itapúa,Encarnación
0.01,-27.31,-55.88,22,75000,22,,4,,1,Itapúa,Encarnación
0.01,-27.3,-55.88,6,98000,6,,2,,0,Itapúa,Encarnación
0.01,-27.3,-55.89,6,68000,6,,2,,0,Itapúa,Encarnación
0.01,-27.29,-55.92,29,14000,29,,0,,0,Itapúa,Encarnación
0.01,-27.29,-55.93,5,102000,5,,2,,0,Itapúa,Encarnación
0.01,-27.23,-55.81,5,48000,5,,3,,0,Itapúa,Capitán Miranda
0.01,-27.22,-55.8,26,24000,26,,0,,0,Itapúa,Capitán Miranda
0.01,-27.21,-55.8,7,35000,7,,0,,0,Itapúa,Capitán Miranda
0.01,-27.07,-55.65,12,40000,12,,3,,0,Itapúa,
0.01,-27.04,-55.64,5,28000,5,,0,,0,Itapúa,
0.01,-27.05,-55.64,5,78000,5,,4,,0,Itapúa,
0.01,-26.76,-55.14,6,63000,6,,2,,0,Itapúa,
0.01,-25.79,-55.08,6,311000,6,,2,,0,Alto Paraná,
0.01,-25.79,-55.09,6,190000,6,,1,,0,Alto Paraná,
0.01,-25.79,-55.1,7,46000,7,,1,,0,Alto Paraná,
0.01,-25.8,-55.09,6,153000,6,,3,,0,Alto Paraná,
0.01,-25.56,-54.61,6,127000,6,,4,,0,Alto Paraná,
0.01,-25.56,-54.62,5,70000,5,,1,,0,Alto Paraná,
0.01,-25.55,-54.61,6,86000,6,,1,,0,Alto Paraná,
0.01,-25.55,-54.62,9,230000,9,,3,,0,Alto Paraná,
0.01,-25.53,-54.62,5,229000,5,,2,,0,Alto Paraná,Ciudad del Este
0.01,-25.53,-54.61,10,208000,10,,3,,0,Alto Paraná,Ciudad del Este
0.01,-25.52,-54.62,12,144000,12,,2,1768,5,Alto Paraná,Ciudad del Este
0.01,-25.52,-54.61,5,79000,5,,1,,0,Alto Paraná,Ciudad del Este
0.01,-25.51,-54.61,5,350000,5,,0,,2,Alto Paraná,Ciudad del Este
0.01,-25.51,-54.62,6,137000,6,,0,,1,Alto Paraná,Ciudad del Este
0.01,-25.51,-54.65,6,218000,6,,3,,0,Alto Paraná,Ciudad del Este
0.01,-25.51,-54.64,14,123000,14,,3,,0,Alto Paraná,Ciudad del Este
0.01,-25.51,-54.63,8,151000,8,,1,,0,Alto Paraná,Ciudad del Este
0.01,-25.53,-54.63,6,149000,6,,1,,3,Alto Paraná,Ciudad del Este
0.01,-25.52,-54.65,5,240000,5,,4,,0,Alto Paraná,Ciudad del Este
0.01,-25.52,-54.67,6,90000,6,,4,,0,Alto Paraná,Ciudad del Este
0.01,-25.51,-54.68,9,120000,9,,2,,1,Alto Paraná,Ciudad del Este
0.01,-25.51,-54.66,5,170000,5,,1,,0,Alto Paraná,Ciudad del Este
0.01,-25.51,-54.67,5,130000,5,,2,,0,Alto Paraná,Ciudad del Este
0.01,-25.52,-54.69,6,97000,6,,0,,0,Alto Paraná,Ciudad del Este
0.01,-25.54,-54.63,7,70000,7,,1,,0,Alto Paraná,Ciudad del Este
0.01,-25.55,-54.63,6,158000,6,,3,,0,Alto Paraná,
0.01,-25.55,-54.65,5,51000,5,,3,,0,Alto Paraná,
0.01,-25.56,-54.63,9,139000,9,,1,,0,Alto Paraná,
0.01,-25.57,-54.65,11,51000,11,927,8,,0,Alto Paraná,
0.01,-25.57,-54.67,7,150000,7,,0,,0,Alto Paraná,
0.01,-25.57,-54.6,8,108000,8,,0,,0,Alto Paraná,
0.01,-25.53,-54.83,6,110000,6,,0,,0,Alto Paraná,Minga Guazú
0.01,-25.37,-54.66,5,44000,5,,2,,0,Alto Paraná,Hernandarias
0.01,-25.37,-54.65,8,57000,8,,4,,0,Alto Paraná,Hernandarias
0.01,-25.38,-54.65,11,47000,11,305,5,,0,Alto Paraná,Hernandarias
0.01,-25.42,-54.65,5,25000,5,,1,,0,Alto Paraná,Hernandarias
0.01,-25.41,-54.63,9,100000,9,,4,,0,Alto Paraná,Hernandarias
0.01,-25.48,-54.75,6,25000,6,,0,,0,Alto Paraná,Minga Guazú
0.01,-25.49,-54.73,5,25000,5,,2,,0,Alto Paraná,Minga Guazú
0.01,-25.5,-54.7,6,72000,6,,0,,0,Alto Paraná,Ciudad del Este
0.01,-25.5,-54.68,14,72000,14,,1,1253,6,Alto Paraná,Ciudad del Este
0.01,-25.5,-54.67,12,123000,12,780,6,,1,Alto Paraná,Ciudad del Este
0.01,-25.5,-54.66,8,190000,8,,2,,0,Alto Paraná,Ciudad del Este
0.01,-25.49,-54.68,13,62000,13,,2,,0,Alto Paraná,Ciudad del Este
0.01,-25.48,-54.65,5,110000,5,,1,,0,Alto Paraná,Ciudad del Este
0.01,-25.47,-54.65,6,94000,6,,1,,0,Alto Paraná,Ciudad del Este
0.01,-25.47,-54.64,5,150000,5,,1,,0,Alto Paraná,Ciudad del Este
0.01,-25.5,-54.65,6,164000,6,,2,,0,Alto Paraná,Ciudad del Este
0.01,-22.36,-60.02,5,172000,5,,3,,0,Boquerón,
0.01,-22.39,-60.03,10,35000,10,,1,,0,Boquerón,
0.01,-22.47,-60.03,6,62000,6,,0,,0,Boquerón,
0.05,-25,-57.55,5,185000,5,,0,,0,Presidente Hayes,
0.05,-24.65,-56.45,8,123000,8,,1,,0,San Pedro,
0.05,-25.45,-56.45,15,125000,15,,3,,0,Caaguazú,
0.05,-25.45,-56.85,12,114000,12,,3,,0,Cordillera,
0.05,-25.4,-56.95,15,97000,15,,2,,0,Cordillera,
0.05,-25.05,-57.1,21,32000,21,,0,,0,Cordillera,
0.05,-25.25,-57.1,5,150000,5,,0,,0,Cordillera,
0.05,-25.25,-57.25,47,31000,47,837,6,,1,Cordillera,Altos
0.05,-25.2,-57.25,12,50000,12,,2,,0,Cordillera,
0.05,-25.15,-57.35,6,33000,6,,0,,1,Cordillera,
0.05,-25.2,-57.3,45,40000,44,,1,,0,Cordillera,San Bernardino
0.05,-25.25,-57.3,54,74000,54,,3,,0,Cordillera,San Bernardino
0.05,-25.25,-57.4,17,47000,17,530,5,,0,Central,Areguá
0.05,-25.25,-57.45,163,63000,163,909,72,,0,Central,Luque
0.05,-25.25,-57.5,432,137000,432,984,164,1206,11,Central,Luque
0.05,-25.2,-57.45,101,62000,101,796,44,,0,Central,Limpio
0.05,-25.2,-57.5,204,136000,204,873,64,,4,Central,Mariano Roque Alonso
0.05,-25.15,-57.45,58,84000,58,615,18,,0,Central,Limpio
0.05,-25.15,-57.5,110,70000,110,716,33,,0,Central,Limpio
0.05,-25.1,-57.5,21,58000,21,580,6,,0,Central,Limpio
0.05,-25.1,-57.35,21,35000,21,,2,,0,Cordillera,
0.05,-25.1,-57.55,23,190000,23,1250,5,,1,Presidente Hayes,Villa Hayes
0.05,-25.25,-57.7,21,26000,21,,0,,0,Presidente Hayes,
0.05,-25.25,-57.65,18,55000,18,,1,,1,Presidente Hayes,
0.05,-25.2,-57.65,9,115000,9,,2,,0,Presidente Hayes,Villa Hayes
0.05,-25.2,-57.7,11,26000,11,,0,,0,Presidente Hayes,
0.05,-25.15,-57.55,12,240000,12,,2,,0,Presidente Hayes,Villa Hayes
0.05,-25.2,-57.55,133,114000,133,742,35,,1,Central,Mariano Roque Alonso
0.05,-25.2,-57.6,37,70000,37,,2,,0,Presidente Hayes,Villa Hayes
0.05,-25.25,-57.6,281,211000,281,1000,85,1795,70,Asunción,
0.05,-25.25,-57.55,524,179000,524,1147,154,1899,122,Asunción,
0.05,-25.3,-57.6,1463,185000,1463,1000,464,1683,357,Asunción,
0.05,-25.3,-57.55,1717,180000,1716,1086,402,1913,423,Asunción,
0.05,-25.35,-57.55,287,132000,287,788,115,1107,8,Central,Fernando de la Mora
0.05,-25.35,-57.6,434,132000,434,740,194,1126,9,Central,Lambaré
0.05,-25.35,-57.65,212,169000,211,829,100,1263,13,Central,Lambaré
0.05,-25.3,-57.65,552,145000,552,601,217,1266,76,Asunción,
0.05,-25.4,-57.6,139,79000,139,761,58,,2,Central,Villa Elisa
0.05,-25.4,-57.55,241,70000,241,637,103,,1,Central,Ñemby
0.05,-25.45,-57.55,94,62000,94,791,28,,0,Central,Ypané
0.05,-25.5,-57.55,41,74000,41,500,10,,0,Central,Villeta
0.05,-25.5,-57.5,36,41000,36,646,6,,0,Central,Villeta
0.05,-25.5,-57.45,24,44000,24,,3,,0,Central,
0.05,-25.45,-57.5,101,53000,101,568,26,,0,Central,Ypané
0.05,-25.45,-57.45,63,44000,63,594,21,,0,Central,Julián Augusto Saldívar
0.05,-25.45,-57.4,20,49000,20,,2,,0,Central,Julián Augusto Saldívar
0.05,-25.5,-57.4,29,56000,29,723,13,,0,Central,Itá
0.05,-25.5,-57.35,37,36000,37,674,6,,0,Central,Itá
0.05,-25.45,-57.3,13,46000,13,,0,,0,Central,Itauguá
0.05,-25.45,-57.35,46,21000,46,771,11,,0,Central,Itauguá
0.05,-25.4,-57.3,83,62000,83,707,20,,0,Central,Ypacaraí
0.05,-25.4,-57.35,132,65000,132,598,47,,2,Central,Itauguá
0.05,-25.4,-57.4,63,49000,63,549,20,,0,Central,Itauguá
0.05,-25.4,-57.5,141,62000,141,665,71,,0,Central,San Lorenzo
0.05,-25.4,-57.45,83,46000,83,666,35,,0,Central,Capiatá
0.05,-25.35,-57.5,231,123000,231,713,88,,3,Central,San Lorenzo
0.05,-25.35,-57.45,155,74000,155,659,77,,0,Central,Capiatá
0.05,-25.35,-57.4,101,62000,101,639,33,,0,Central,Areguá
0.05,-25.3,-57.5,334,117000,334,860,116,1151,11,Central,Luque
0.05,-25.3,-57.45,127,74000,127,800,50,,0,Central,Luque
0.05,-25.3,-57.4,82,54000,82,801,25,,0,Central,Areguá
0.05,-25.3,-57.35,17,70000,17,,4,,0,Central,Areguá
0.05,-25.3,-57.3,96,131000,96,948,26,,2,Cordillera,San Bernardino
0.05,-25.35,-57.35,46,65000,46,711,13,,0,Central,Itauguá
0.05,-25.35,-57.3,49,79000,49,867,17,,0,Central,Ypacaraí
0.05,-25.35,-57.25,77,78000,77,943,22,,0,Cordillera,San Bernardino
0.05,-25.35,-57.2,19,70000,19,586,5,,0,Central,Ypacaraí
0.05,-25.35,-57.15,22,40000,22,,2,,0,Cordillera,Caacupé
0.05,-25.3,-57.25,83,135000,83,1300,17,,4,Cordillera,Altos
0.05,-25.3,-57.2,5,49000,5,,1,,0,Cordillera,
0.05,-25.3,-57.15,18,48000,18,,4,,0,Cordillera,
0.05,-25.35,-57.1,14,22000,14,,0,,0,Cordillera,Caacupé
0.05,-25.35,-57.05,6,24000,6,,0,,0,Cordillera,Caacupé
0.05,-25.4,-57.05,10,35000,10,,1,,0,Cordillera,
0.05,-25.4,-57.1,11,68000,11,,0,,1,Cordillera,Caacupé
0.05,-25.4,-57.15,72,46000,72,474,20,,0,Cordillera,Caacupé
0.05,-25.4,-57.25,33,35000,33,604,6,,0,Central,Ypacaraí
0.05,-25.4,-57.2,10,19000,10,,0,,0,Central,Ypacaraí
0.05,-25.45,-57.05,11,35000,11,,4,,0,Cordillera,
0.05,-25.6,-57.15,9,134000,9,,2,,0,Paraguarí,
0.05,-25.6,-57.1,5,49000,5,,2,,0,Paraguarí,
0.05,-25.65,-57.15,7,141000,7,433,5,,0,Paraguarí,
0.05,-25.65,-57.45,5,123000,5,,2,,0,Central,
0.05,-25.65,-57.5,10,135000,10,,0,,0,Central,
0.05,-25.6,-57.45,17,125000,17,414,6,,0,Central,
0.05,-25.6,-57.5,15,125000,15,,4,,0,Central,
0.05,-25.55,-57.35,10,147000,10,,3,,0,Central,Itá
0.05,-25.55,-57.3,14,51000,14,,0,,0,Paraguarí,
0.05,-25.55,-57.5,11,26000,11,,2,,0,Central,Villeta
0.05,-25.55,-57.55,9,350000,9,,2,,0,Central,Villeta
0.05,-25.6,-57.6,5,2300000,5,,0,,0,Central,Villeta
0.05,-26,-57,5,149000,5,,1,,0,Paraguarí,
0.05,-25.6,-56.85,5,67000,5,,1,,0,Cordillera,
0.05,-25.8,-56.45,9,72000,9,,1,,2,Guairá,
0.05,-26.2,-56.35,8,103000,8,,3,,0,Caazapá,
0.05,-26.8,-56.25,10,7000,10,,0,,0,Itapúa,
0.05,-26.85,-57,5,62000,5,,1,,0,Misiones,
0.05,-26.65,-57.15,9,88000,9,,1,,0,Misiones,
0.05,-26.9,-57.05,15,32000,15,556,5,,0,Misiones,
0.05,-26.4,-57.1,6,56000,6,,1,,0,Misiones,
0.05,-27.15,-56.25,12,99000,12,,1,,1,Itapúa,
0.05,-27.2,-56.15,30,18000,30,,4,,0,Itapúa,
0.05,-27.25,-56.2,5,56000,5,,2,,0,Itapúa,
0.05,-27.3,-56.35,5,32000,5,,1,,0,Itapúa,
0.05,-27.4,-55.85,13,137000,13,,1,,0,Itapúa,Encarnación
0.05,-27.4,-55.8,25,90000,25,,3,,0,Itapúa,Encarnación
0.05,-27.4,-55.75,5,69000,5,,0,,0,Itapúa,
0.05,-27.35,-55.75,10,249000,10,,2,,0,Itapúa,
0.05,-27.3,-55.85,162,92000,162,525,35,,4,Itapúa,Encarnación
0.05,-27.3,-55.8,41,35000,41,434,6,,0,Itapúa,
0.05,-27.35,-55.8,28,41000,28,366,5,,0,Itapúa,
0.05,-27.35,-55.85,328,136000,328,832,86,1290,21,Itapúa,Encarnación
0.05,-27.3,-56,42,133000,42,1298,13,,0,Itapúa,San Juan del Paraná
0.05,-27.3,-55.95,50,35000,50,440,7,,0,Itapúa,San Juan del Paraná
0.05,-27.3,-55.9,131,70000,131,615,23,,2,Itapúa,Encarnación
0.05,-27.25,-56,6,95000,6,,0,,0,Itapúa,San Juan del Paraná
0.05,-27.25,-55.95,12,25000,12,,1,,0,Itapúa,Encarnación
0.05,-27.25,-55.9,6,83000,6,,0,,0,Itapúa,Encarnación
0.05,-27.25,-55.8,17,100000,17,,4,,1,Itapúa,Capitán Miranda
0.05,-27.2,-55.8,47,24000,47,,3,,0,Itapúa,Capitán Miranda
0.05,-27.1,-56,15,79000,15,,3,,0,Itapúa,
0.05,-27.1,-55.65,10,60000,10,,0,,0,Itapúa,
0.05,-27.05,-55.65,34,60000,34,642,11,,0,Itapúa,
0.05,-27.05,-55.6,12,70000,12,,2,,0,Itapúa,
0.05,-27.05,-55.55,5,42000,5,,0,,0,Itapúa,
0.05,-27.15,-55.7,7,92000,7,,0,,1,Itapúa,
0.05,-26.75,-55.15,6,63000,6,,2,,0,Itapúa,
0.05,-26.5,-55.25,5,188000,5,,2,,0,Itapúa,
0.05,-25.75,-55.05,11,35000,11,,2,,0,Alto Paraná,
0.05,-25.8,-55.1,37,145000,37,752,13,,1,Alto Paraná,
0.05,-25.55,-54.6,56,143000,56,762,17,,0,Alto Paraná,
0.05,-25.55,-54.75,6,28000,6,,0,,0,Alto Paraná,Minga Guazú
0.05,-25.55,-54.7,11,97000,11,,2,,0,Alto Paraná,Ciudad del Este
0.05,-25.55,-54.65,69,79000,69,844,22,,3,Alto Paraná,
0.05,-25.6,-54.6,5,100000,5,,0,,0,Alto Paraná,
0.05,-25.65,-55,6,64000,6,,1,,0,Alto Paraná,
0.05,-25.55,-54.85,6,110000,6,,0,,0,Alto Paraná,Minga Guazú
0.05,-25.5,-54.85,7,28000,7,,0,,0,Alto Paraná,Minga Guazú
0.05,-25.5,-54.8,14,40000,14,,1,,0,Alto Paraná,Minga Guazú
0.05,-25.35,-54.65,21,70000,21,571,6,,0,Alto Paraná,Hernandarias
0.05,-25.3,-54.55,7,45000,7,,1,,0,Alto Paraná,Hernandarias
0.05,-25.4,-54.65,49,79000,49,432,14,,0,Alto Paraná,Hernandarias
0.05,-25.45,-54.65,28,90000,28,561,8,,0,Alto Paraná,Ciudad del Este
0.05,-25.45,-54.7,15,58000,15,,4,,0,Alto Paraná,Ciudad del Este
0.05,-25.45,-54.75,8,27000,8,,0,,0,Alto Paraná,Minga Guazú
0.05,-25.5,-54.75,34,36000,34,538,6,,0,Alto Paraná,Minga Guazú
0.05,-25.5,-54.7,76,74000,76,563,13,1300,7,Alto Paraná,Ciudad del Este
0.05,-25.5,-54.65,102,136000,102,820,35,,1,Alto Paraná,Ciudad del Este
0.05,-25.5,-54.6,36,144000,36,1305,6,1482,8,Alto Paraná,Ciudad del Este
0.05,-25.4,-55.85,5,88000,5,,1,,0,Caaguazú,
0.05,-25.45,-56,11,72000,11,,2,,0,Caaguazú,
0.05,-23.45,-57.25,5,62000,5,,2,,0,Concepción,
0.05,-22.55,-59.85,5,23000,5,,0,,0,Boquerón,
0.05,-22.4,-59.85,10,62000,10,,3,,0,Boquerón,
0.05,-22.35,-60,11,107000,11,589,5,,0,Boquerón,
0.05,-22.35,-60.05,8,62000,8,,2,,0,Boquerón,
0.05,-22.4,-60.05,18,42000,18,743,5,,0,Boquerón,
0.05,-22.45,-60.05,7,61000,7,,0,,0,Boquerón,
0.05,-22.05,-60.6,6,2464000,6,,2,,0,Asunción,
0.25,-25,-57.5,55,105000,55,580,11,,1,Presidente Hayes,Villa Hayes
0.25,-25,-57.25,33,70000,33,,2,,0,Cordillera,
0.25,-24.75,-56.5,10,132000,10,,1,,0,San Pedro,
0.25,-25,-57,24,42000,24,,0,,0,Cordillera,
0.25,-25.5,-56.5,21,123000,21,,4,,0,Caaguazú,
0.25,-25.5,-56.75,24,123000,24,,4,,0,Cordillera,
0.25,-25.5,-57,69,67000,69,603,12,,1,Cordillera,
0.25,-25.25,-57,34,42000,34,,0,,0,Cordillera,Caacupé
0.25,-25.25,-56.75,8,75000,8,,0,,0,Cordillera,
0.25,-25.25,-57.25,613,72000,612,904,124,2198,8,Cordillera,San Bernardino
0.25,-25.25,-57.5,7007,146000,7006,925,2243,1771,1019,Asunción,
0.25,-25.25,-57.75,829,150000,828,667,321,1270,90,Asunción,
0.25,-25.5,-57.5,1138,63000,1138,634,412,,3,Central,Ñemby
0.25,-25.5,-57.25,485,53000,485,608,117,,2,Central,Itauguá
0.25,-25.75,-57.25,11,141000,11,433,7,,0,Paraguarí,
0.25,-25.75,-57.5,18,129000,18,,2,,0,Central,
0.25,-26,-57.25,8,134000,8,,1,,1,Paraguarí,
0.25,-26,-57,10,151000,10,,2,,0,Paraguarí,
0.25,-25.75,-56.5,16,99000,16,,2,,2,Guairá,
0.25,-25.75,-56.25,10,62000,10,,2,,0,Guairá,
0.25,-26.25,-56.25,12,103000,12,,3,,0,Caazapá,
0.25,-26.5,-57,7,60000,7,,1,,0,Misiones,
0.25,-26.75,-56.25,10,7000,10,,0,,0,Itapúa,
0.25,-27,-57,20,32000,20,541,6,,0,Misiones,
0.25,-26.75,-57,13,62000,13,,2,,0,Misiones,
0.25,-26.75,-57.25,9,88000,9,,1,,0,Misiones,
0.25,-26.75,-58.25,5,2200000,5,,1,,0,Ñeembucú,
0.25,-27.5,-56.75,5,100000,5,,2,,0,Misiones,
0.25,-27.25,-56.25,56,31000,56,647,8,,1,Itapúa,
0.25,-27.5,-55.75,48,89000,48,,4,,0,Itapúa,Encarnación
0.25,-27.25,-56,256,70000,256,830,44,,2,Itapúa,Encarnación
0.25,-27.25,-55.75,659,95000,659,733,143,1300,27,Itapúa,Encarnación
0.25,-26.75,-55.5,5,210000,5,,0,,0,Itapúa,
0.25,-26.75,-55.25,10,63000,10,,3,,0,Itapúa,
0.25,-27,-55.5,20,64000,20,,3,,0,Itapúa,
0.25,-27,-55.75,49,67000,49,604,12,,0,Itapúa,
0.25,-27,-56,22,71000,22,576,6,,0,Itapúa,
0.25,-26.5,-55.25,11,79000,11,,3,,0,Itapúa,
0.25,-26,-56,5,132000,5,,0,,0,Caazapá,
0.25,-25.75,-55,66,124000,66,727,19,,1,Alto Paraná,
0.25,-25.5,-55,6,100000,6,,0,,0,Alto Paraná,Minga Guazú
0.25,-25.5,-54.75,435,83000,435,740,107,1438,11,Alto Paraná,Ciudad del Este
0.25,-25.5,-54.5,98,144000,98,814,24,1482,8,Alto Paraná,Ciudad del Este
0.25,-25.25,-54.5,7,45000,7,,1,,0,Alto Paraná,Hernandarias
0.25,-25.25,-54.75,27,70000,27,586,7,,0,Alto Paraná,Hernandarias
0.25,-25.5,-55.25,9,80000,9,,3,,0,Alto Paraná,
0.25,-25.5,-55.5,5,37000,5,,0,,0,Caaguazú,
0.25,-25.5,-55.75,6,104000,6,,1,,0,Caaguazú,
0.25,-25.5,-56,23,88000,23,,4,,0,Caaguazú,
0.25,-25.25,-55.75,5,136000,5,,1,,1,Asunción,
0.25,-24,-54.25,5,110000,5,,1,,0,Canindeyú,
0.25,-22.5,-55.75,9,50000,9,,0,,0,Amambay,
0.25,-23.5,-57.5,5,93000,5,,1,,0,Concepción,
0.25,-23.5,-57.25,6,62000,6,,2,,0,Concepción,
0.25,-22.5,-59.75,21,28000,21,,3,,0,Boquerón,
0.25,-22.5,-60,33,45000,33,743,7,,0,Boquerón,
0.25,-22.25,-60,20,83000,20,671,7,,0,Boquerón,
0.25,-22,-60.5,6,2464000,6,,2,,0,Asunción,
